ORDERNUMBER,QUANTITYORDERED,PRICEEACH,ORDERLINENUMBER,SALES,ORDERDATE,STATUS,QTR_ID,MONTH_ID,YEAR_ID,PRODUCTLINE,MSRP,PRODUCTCODE,CUSTOMERNAME,PHONE,ADDRESSLINE1,ADDRESSLINE2,CITY,STATE,POSTALCODE,COUNTRY,TERRITORY,CONTACTLASTNAME,CONTACTFIRSTNAME,DEALSIZE,TOTAL_ORDER_VALUE,SALES_DIFF
10107,-0.5228908557285186,0.5969775019778834,2,-0.3708252319213149,24/02/2003,Shipped,1,2,2003,Motorcycles,-0.14224584412333427,S10_1678,Land of Toys Inc.,2125557818,897 Long Airport Avenue,,NYC,NY,10022,USA,EMEA,Yu,Kwai,Small,-0.31215407685988883,-0.05867115506142606
10121,-0.11220131389876024,-0.11445035408552658,5,-0.427897066100711,07/05/2003,Shipped,2,5,2003,Motorcycles,-0.14224584412333427,S10_1678,Reims Collectables,26.47.1555,59 rue de l'Abbaye,,Reims,CA,51100,France,EMEA,Henriot,Paul,Small,0.012841480104574424,-0.4407385462052854
10134,0.6065053843033168,0.549383722060052,2,0.17944282181178947,01/07/2003,Shipped,3,7,2003,Motorcycles,-0.14224584412333427,S10_1678,Lyon Souveniers,+33 1 46 62 7555,27 rue du Colonel Pierre Avia,,Paris,CA,75508,France,EMEA,Da Cunha,Daniel,Medium,0.33320418547801844,-0.15376136366622897
10145,1.017194926133075,-0.019758562790675022,6,0.10470098302537557,25/08/2003,Shipped,3,8,2003,Motorcycles,-0.14224584412333427,S10_1678,Toys4GrownUps.com,6265557265,78934 Hillside Dr.,,Pasadena,CA,90003,USA,EMEA,Young,Julie,Medium,-0.020098309818356405,0.12479929284373198
10159,1.4278844679628335,0.8101579745265006,14,0.8967396621789611,10/10/2003,Shipped,4,10,2003,Motorcycles,-0.14224584412333427,S10_1678,Corporate Gift Ideas Co.,6505551386,7734 Strong St.,,San Francisco,CA,,USA,EMEA,Brown,Julie,Medium,1.1568119884226191,-0.26007232624365806
10168,0.09314345701611891,0.6445712818957139,1,-0.04025387345272125,28/10/2003,Shipped,4,10,2003,Motorcycles,-0.14224584412333427,S10_1678,Technics Stores Inc.,6505556809,9408 Furth Circle,,Burlingame,CA,94217,USA,EMEA,Hirano,Juri,Medium,0.06003759748907809,-0.10029147094179934
10180,-0.6255632411859581,0.1225270084220064,9,-0.5734981212721809,11/11/2003,Shipped,4,11,2003,Motorcycles,-0.14224584412333427,S10_1678,Daedalus Designs Imports,20.16.1555,"184, chausse de Tournai",,Lille,CA,59000,France,EMEA,Rance,Martine,Small,-0.07664839252128951,-0.4968497287508914
10188,1.325212082505394,0.8101579745265006,1,1.0634752157925056,18/11/2003,Shipped,4,11,2003,Motorcycles,-0.14224584412333427,S10_1678,Herkku Gifts,+47 2267 3215,"Drammen 121, PR 744 Sentrum",,Bergen,CA,N 5804,Norway,EMEA,Oeztan,Veysel,Medium,1.0736311365806157,-0.010155920788110118
10201,-1.344269939388035,0.7392630731905647,2,-0.7522779496916155,01/12/2003,Shipped,4,12,2003,Motorcycles,-0.14224584412333427,S10_1678,Mini Wheels Co.,6505555787,5557 North Pendale Street,,San Francisco,CA,,USA,EMEA,Murphy,Julie,Small,-0.993769126589693,0.24149117689807742
10211,0.6065053843033168,0.8101579745265006,14,0.6269489925752558,15/01/2004,Shipped,1,1,2004,Motorcycles,-0.14224584412333427,S10_1678,Auto Canal Petit,(1) 47.55.6555,"25, rue Lauriston",,Paris,CA,75016,France,EMEA,Perrier,Dominique,Medium,0.491365173686592,0.13558381888866383
10223,0.1958158424735585,0.8101579745265006,1,0.22360154260597098,20/02/2004,Shipped,1,2,2004,Motorcycles,-0.14224584412333427,S10_1678,"Australian Collectors, Co.",03 9520 4555,636 St Kilda Road,Level 3,Melbourne,Victoria,3004,Australia,APAC,Ferguson,Peter,Medium,0.15864176631857846,0.06495977628739252
10237,-1.2415975539305957,0.8101579745265006,7,-0.662907041325821,05/04/2004,Shipped,2,4,2004,Motorcycles,-0.14224584412333427,S10_1678,Vitachrome Inc.,2125551500,2678 Kingston Rd.,Suite 101,NYC,NY,10022,USA,EMEA,Frick,Michael,Small,-1.005890159469469,0.3429831181436479
10251,-0.7282356266433977,0.8101579745265006,2,-0.19833905296086415,18/05/2004,Shipped,2,5,2004,Motorcycles,-0.14224584412333427,S10_1678,Tekni Collectables Inc.,2015559350,7476 Moss Rd.,,Newark,NJ,94019,USA,EMEA,Brown,William,Medium,-0.589985900259452,0.3916468472985878
10263,-0.11220131389876024,0.8101579745265006,2,0.0667218766266416,28/06/2004,Shipped,2,6,2004,Motorcycles,-0.14224584412333427,S10_1678,Gift Depot Inc.,2035552570,25593 South Bay Ln.,,Bridgewater,CT,97562,USA,EMEA,King,Julie,Medium,-0.0909007892074317,0.1576226658340733
10275,1.017194926133075,0.4546919307652012,1,0.3385543168917597,23/07/2004,Shipped,3,7,2004,Motorcycles,-0.14224584412333427,S10_1678,La Rochelle Gifts,40.67.8555,"67, rue des Cinquante Otages",,Nantes,CA,44000,France,EMEA,Labrune,Janine,Medium,0.46251032492801414,-0.12395600803625445
10285,0.09314345701611891,0.8101579745265006,6,0.2963776341066626,27/08/2004,Shipped,3,8,2004,Motorcycles,-0.14224584412333427,S10_1678,Marta's Replicas Co.,6175558555,39323 Spinnaker Dr.,,Cambridge,MA,51247,USA,EMEA,Hernandez,Marta,Medium,0.07546091447657508,0.22091671963008755
10299,-1.2415975539305957,0.8101579745265006,9,-0.5194020592269721,30/09/2004,Shipped,3,9,2004,Motorcycles,-0.14224584412333427,S10_1678,"Toys of Finland, Co.",90-224 8555,Keskuskatu 45,,Helsinki,CA,21240,Finland,EMEA,Karttunen,Matti,Small,-1.005890159469469,0.4864881002424968
10309,0.6065053843033168,0.8101579745265006,5,0.4564068399360444,15/10/2004,Shipped,4,10,2004,Motorcycles,-0.14224584412333427,S10_1678,Baane Mini Imports,07-98 9555,Erling Skakkes gate 78,,Stavern,CA,4110,Norway,EMEA,Bergulfsen,Jonas,Medium,0.491365173686592,-0.03495833375054758
10318,1.1198673115905147,0.549383722060052,1,0.4366733437031304,02/11/2004,Shipped,4,11,2004,Motorcycles,-0.14224584412333427,S10_1678,Diecast Classics Inc.,2155551555,7586 Pompton St.,,Allentown,PA,70267,USA,EMEA,Yu,Kyung,Medium,0.615236871854981,-0.17856352815185061
10329,0.7091777697607564,0.8101579745265006,1,0.4573625623733018,15/11/2004,Shipped,4,11,2004,Motorcycles,-0.14224584412333427,S10_1678,Land of Toys Inc.,2125557818,897 Long Airport Avenue,,NYC,NY,10022,USA,EMEA,Yu,Kwai,Medium,0.5745460255285955,-0.11718346315529365
10341,0.6065053843033168,0.8101579745265006,9,2.272035109874388,24/11/2004,Shipped,4,11,2004,Motorcycles,-0.14224584412333427,S10_1678,Salzburg Collectables,6562-9555,Geislweg 14,,Salzburg,CA,5020,Austria,EMEA,Pipps,Georg,Large,0.491365173686592,1.780669936187796
10361,-1.5496147103029143,-0.5507266699989761,13,-1.1419194710720522,17/12/2004,Shipped,4,12,2004,Motorcycles,-0.14224584412333427,S10_1678,Souveniers And Things Co.,+61 2 9495 8555,"Monitor Money Building, 815 Pacific Hwy",Level 6,Chatswood,NSW,2067,Australia,APAC,Huxley,Adrian,Small,0.8534141491865521,-1.9953336202586043
10375,-1.4469423248454747,-2.4167994576105953,12,-1.531751050891716,03/02/2005,Shipped,1,2,2005,Motorcycles,-0.14224584412333427,S10_1678,La Rochelle Gifts,40.67.8555,"67, rue des Cinquante Otages",,Nantes,CA,44000,France,EMEA,Labrune,Janine,Small,3.496969425880357,-5.028720476772073
10388,0.7091777697607564,-0.36183885595008475,4,-0.18830396736966298,03/03/2005,Shipped,1,3,2005,Motorcycles,-0.14224584412333427,S10_1678,FunGiftIdeas.com,5085552555,1785 First Street,,New Bedford,MA,50553,USA,EMEA,Benitez,Violeta,Medium,-0.2566080728754647,0.06830410550580174
10403,-1.138925168473156,0.8101579745265006,7,-0.6078226753966303,08/04/2005,Shipped,2,4,2005,Motorcycles,-0.14224584412333427,S10_1678,"UK Collectables, Ltd.",(171) 555-2282,Berkeley Gardens 12  Brewery,,Liverpool,CA,WX1 6LT,UK,EMEA,Devon,Elizabeth,Small,-0.9227093076274656,0.31488663223083535
10417,3.1733150207393064,0.8101579745265006,2,2.151565210609887,13/05/2005,Disputed,2,5,2005,Motorcycles,-0.14224584412333427,S10_1678,Euro Shopping Channel,(91) 555 94 44,"C/ Moralzarzal, 86",,Madrid,CA,28034,Spain,EMEA,Freyre,Diego,Large,2.570886469736677,-0.41932125912678986
10103,-0.9335803975582768,0.8101579745265006,11,1.004991518921707,29/01/2003,Shipped,1,1,2003,Classic Cars,2.8193681712011514,S10_1949,Baane Mini Imports,07-98 9555,Erling Skakkes gate 78,,Stavern,CA,4110,Norway,EMEA,Bergulfsen,Jonas,Medium,-0.7563476039434588,1.7613391228651656
10112,-0.6255632411859581,0.8101579745265006,1,1.984873098925308,24/03/2003,Shipped,1,3,2003,Classic Cars,2.8193681712011514,S10_1949,"Volvo Model Replicas, Co",0921-12 3555,Berguvsvgen  8,,Lule,CA,S-958 22,Sweden,EMEA,Berglund,Christina,Large,-0.5068050484174486,2.4916781473427565
10126,0.29848822793099805,0.8101579745265006,11,2.0500088411690625,28/05/2003,Shipped,2,5,2003,Classic Cars,2.8193681712011514,S10_1949,"Corrida Auto Replicas, Ltd",(91) 555 22 82,"C/ Araquil, 67",,Madrid,CA,28023,Spain,EMEA,Sommer,Mart¡n,Large,0.24182261816058184,1.8081862230084806
10140,0.1958158424735585,0.8101579745265006,11,2.074466647177055,24/07/2003,Shipped,3,7,2003,Classic Cars,2.8193681712011514,S10_1949,Technics Stores Inc.,6505556809,9408 Furth Circle,,Burlingame,CA,94217,USA,EMEA,Hirano,Juri,Large,0.15864176631857846,1.9158248808584768
10150,1.017194926133075,0.8101579745265006,8,4.03988811843211,19/09/2003,Shipped,3,9,2003,Classic Cars,2.8193681712011514,S10_1949,"Dragon Souveniers, Ltd.",+65 221 7555,"Bronz Sok., Bronz Apt. 3/6 Tesvikiye",,Singapore,CA,79903,Singapore,Japan,Natividad,Eric,Large,0.8240885810546055,3.2157995373775043
10163,-1.4469423248454747,0.8101579745265006,1,0.7093800527886939,20/10/2003,Shipped,4,10,2003,Classic Cars,2.8193681712011514,S10_1949,Classic Legends Inc.,2125558493,5905 Pompton St.,Suite 750,NYC,NY,10022,USA,EMEA,Hernandez,Maria,Medium,-1.1722518631534757,1.8816319159421697
10174,-0.11220131389876024,0.8101579745265006,4,2.4223930562676608,06/11/2003,Shipped,4,11,2003,Classic Cars,2.8193681712011514,S10_1949,"Australian Gift Network, Co",61-7-3844-6555,31 Duncan St. West End,,South Brisbane,Queensland,4101,Australia,APAC,Calaghan,Tony,Large,-0.0909007892074317,2.5132938454750926
10183,-1.2415975539305957,0.8101579745265006,8,0.9875875961296073,13/11/2003,Shipped,4,11,2003,Classic Cars,2.8193681712011514,S10_1949,"Classic Gift Ideas, Inc",2155554695,782 First Street,,Philadelphia,PA,71270,USA,EMEA,Cervantes,Francisca,Medium,-1.005890159469469,1.9934777555990761
10194,0.7091777697607564,0.8101579745265006,11,2.028993808031644,25/11/2003,Shipped,4,11,2003,Classic Cars,2.8193681712011514,S10_1949,"Saveley & Henriot, Co.",78.32.5555,"2, rue du Commerce",,Lyon,CA,69004,France,EMEA,Saveley,Mary,Large,0.5745460255285955,1.4544477825030486
10206,1.2225396970479543,0.8101579745265006,6,2.992606385637389,05/12/2003,Shipped,4,12,2003,Classic Cars,2.8193681712011514,S10_1949,Canadian Gift Exchange Network,(604) 555-3392,1900 Oak St.,,Vancouver,BC,V3F 2K1,Canada,EMEA,Tannamuri,Yoshi,Large,0.9904502847386123,2.0021561008987767
10215,-0.009528928441320661,0.8101579745265006,3,1.3691869304101694,29/01/2004,Shipped,1,1,2004,Classic Cars,2.8193681712011514,S10_1949,West Coast Collectables Co.,3105553722,3675 Furth Circle,,Burbank,CA,94019,USA,EMEA,Thompson,Steve,Medium,-0.007719937365428311,1.3769068677755978
10228,-0.6255632411859581,0.8101579745265006,2,1.5798422742085814,10/03/2004,Shipped,1,3,2004,Classic Cars,2.8193681712011514,S10_1949,Cambridge Collectables Co.,6175555555,4658 Baden Av.,,Cambridge,MA,51247,USA,EMEA,Tseng,Kyung,Medium,-0.5068050484174486,2.08664732262603
10245,-0.11220131389876024,0.8101579745265006,9,1.3936447364181617,04/05/2004,Shipped,2,5,2004,Classic Cars,2.8193681712011514,S10_1949,Super Scale Inc.,2035559545,567 North Pendale Street,,New Haven,CT,97823,USA,EMEA,Murphy,Leslie,Medium,-0.0909007892074317,1.4845455256255933
10258,-0.3175460848136394,0.8101579745265006,6,2.2409252584934403,15/06/2004,Shipped,2,6,2004,Classic Cars,2.8193681712011514,S10_1949,"Tokyo Collectables, Ltd",+81 3 3584 0555,2-2-8 Roppongi,,Minato-ku,Tokyo,106-0032,Japan,Japan,Shimamura,Akiko,Large,-0.2572624928914385,2.498187751384879
10270,-1.4469423248454747,0.8101579745265006,9,0.7338975914490151,19/07/2004,Shipped,3,7,2004,Classic Cars,2.8193681712011514,S10_1949,Souveniers And Things Co.,+61 2 9495 8555,"Monitor Money Building, 815 Pacific Hwy",Level 6,Chatswood,NSW,2067,Australia,APAC,Huxley,Adrian,Medium,-1.1722518631534757,1.9061494546024909
10280,-0.11220131389876024,0.8101579745265006,2,2.4223930562676608,17/08/2004,Shipped,3,8,2004,Classic Cars,2.8193681712011514,S10_1949,Amica Models & Co.,011-4988555,Via Monte Bianco 34,,Torino,CA,10100,Italy,EMEA,Accorti,Paolo,Large,-0.0909007892074317,2.5132938454750926
10291,0.1958158424735585,0.8101579745265006,11,1.9452757806725816,08/09/2004,Shipped,3,9,2004,Classic Cars,2.8193681712011514,S10_1949,Scandinavian Gift Ideas,0695-34 6555,?kergatan 24,,Boras,CA,S-844 67,Sweden,EMEA,Larsson,Maria,Large,0.15864176631857846,1.7866340143540032
10304,1.2225396970479543,0.8101579745265006,6,3.594173927238501,11/10/2004,Shipped,4,10,2004,Classic Cars,2.8193681712011514,S10_1949,Auto Assoc. & Cie.,30.59.8555,"67, avenue de l'Europe",,Versailles,CA,78000,France,EMEA,Tonini,Daniel,Large,0.9904502847386123,2.603723642499889
10312,1.325212082505394,0.8101579745265006,3,4.382101913863656,21/10/2004,Shipped,4,10,2004,Classic Cars,2.8193681712011514,S10_1949,Mini Gifts Distributors Ltd.,4155551450,5677 Strong St.,,San Rafael,CA,97562,USA,EMEA,Nelson,Valarie,Large,1.0736311365806157,3.3084707772830404
10322,0.5038329988458772,0.8101579745265006,1,1.328514424415528,04/11/2004,Shipped,4,11,2004,Classic Cars,2.8193681712011514,S10_1949,Online Diecast Creations Co.,6035558647,2304 Long Airport Avenue,,Nashua,NH,62005,USA,EMEA,Young,Valarie,Medium,0.4081843218445886,0.9203301025709394
10333,-0.9335803975582768,0.8101579745265006,3,-0.29914604912702103,18/11/2004,Shipped,4,11,2004,Classic Cars,2.8193681712011514,S10_1949,Mini Wheels Co.,6505555787,5557 North Pendale Street,,San Francisco,CA,,USA,EMEA,Murphy,Julie,Medium,-0.7563476039434588,0.45720155481643776
10347,-0.5228908557285186,0.8101579745265006,1,0.2122197572168164,29/11/2004,Shipped,4,11,2004,Classic Cars,2.8193681712011514,S10_1949,"Australian Collectors, Co.",03 9520 4555,636 St Kilda Road,Level 3,Melbourne,Victoria,3004,Australia,APAC,Ferguson,Peter,Medium,-0.42362419657544526,0.6358439537922617
10357,-0.3175460848136394,0.8101579745265006,10,1.1609589043927455,10/12/2004,Shipped,4,12,2004,Classic Cars,2.8193681712011514,S10_1949,Mini Gifts Distributors Ltd.,4155551450,5677 Strong St.,,San Rafael,CA,97562,USA,EMEA,Nelson,Valarie,Medium,-0.2572624928914385,1.418221397284184
10369,0.6065053843033168,0.8101579745265006,2,0.5218629664059246,20/01/2005,Shipped,1,1,2005,Classic Cars,2.8193681712011514,S10_1949,Collectables For Less Inc.,6175558555,7825 Douglas Av.,,Brickhaven,MA,58339,USA,EMEA,Nelson,Allen,Medium,0.491365173686592,0.03049779271933256
10381,0.09314345701611891,0.8101579745265006,3,2.552707982684135,17/02/2005,Shipped,1,2,2005,Classic Cars,2.8193681712011514,S10_1949,Corporate Gift Ideas Co.,6505551386,7734 Strong St.,,San Francisco,CA,,USA,EMEA,Brown,Julie,Large,0.07546091447657508,2.47724706820756
10391,-1.138925168473156,0.8101579745265006,4,-0.617597109414034,09/03/2005,Shipped,1,3,2005,Classic Cars,2.8193681712011514,S10_1949,"Anna's Decorations, Ltd",02 9936 8555,201 Miller Street,Level 15,North Sydney,NSW,2060,Australia,APAC,O'Hara,Anna,Small,-0.9227093076274656,0.3051121982134316
10411,-1.2415975539305957,0.8101579745265006,9,0.3183972618514245,01/05/2005,Shipped,2,5,2005,Classic Cars,2.8193681712011514,S10_1949,Quebec Home Shopping Network,(514) 555-8054,43 rue St. Laurent,,Montreal,Quebec,H1J 1C3,Canada,EMEA,Fresnisre,Jean,Medium,-1.005890159469469,1.3242874213208933
10424,1.530556853420273,0.8101579745265006,6,4.586984911350679,31/05/2005,In Process,2,5,2005,Classic Cars,2.8193681712011514,S10_1949,Euro Shopping Channel,(91) 555 94 44,"C/ Moralzarzal, 86",,Madrid,CA,28034,Spain,EMEA,Freyre,Diego,Large,1.2399928402646223,3.3469920710860563
10107,0.40116061338843767,0.8056960576592038,5,0.18604056477353678,24/02/2003,Shipped,1,2,2003,Motorcycles,0.4301669487545075,S10_2016,Land of Toys Inc.,2125557818,897 Long Airport Avenue,,NYC,NY,10022,USA,EMEA,Yu,Kwai,Medium,0.32321352469521225,-0.13717295992167547
10120,-0.6255632411859581,0.6287066885897706,3,-0.4127141119270105,29/04/2003,Shipped,2,4,2003,Motorcycles,0.4301669487545075,S10_2016,"Australian Collectors, Co.",03 9520 4555,636 St Kilda Road,Level 3,Melbourne,Victoria,3004,Australia,APAC,Ferguson,Peter,Small,-0.39329579386950775,-0.01941831805750277
10134,-0.8309080121008373,0.8101579745265006,5,-0.13364859048901384,01/07/2003,Shipped,3,7,2003,Motorcycles,0.4301669487545075,S10_2016,Lyon Souveniers,+33 1 46 62 7555,27 rue du Colonel Pierre Avia,,Paris,CA,75508,France,EMEA,Da Cunha,Daniel,Medium,-0.6731667521014554,0.5395181616124416
10145,0.1958158424735585,0.8101579745265006,9,0.89004960511816,25/08/2003,Shipped,3,8,2003,Motorcycles,0.4301669487545075,S10_2016,Toys4GrownUps.com,6265557265,78934 Hillside Dr.,,Pasadena,CA,90003,USA,EMEA,Young,Julie,Medium,0.15864176631857846,0.7314078387995815
10159,0.1958158424735585,0.8101579745265006,17,0.7944121984989855,10/10/2003,Shipped,4,10,2003,Motorcycles,0.4301669487545075,S10_2016,Corporate Gift Ideas Co.,6505551386,7734 Strong St.,,San Francisco,CA,,USA,EMEA,Brown,Julie,Medium,0.15864176631857846,0.635770432180407
10168,-0.8309080121008373,0.8101579745265006,4,0.0581258049324469,28/10/2003,Shipped,4,10,2003,Motorcycles,0.4301669487545075,S10_2016,Technics Stores Inc.,6505556809,9408 Furth Circle,,Burlingame,CA,94217,USA,EMEA,Hirano,Juri,Medium,-0.6731667521014554,0.7312925570339023
10180,0.7091777697607564,0.8101579745265006,12,0.6199765629761749,11/11/2003,Shipped,4,11,2003,Motorcycles,0.4301669487545075,S10_2016,Daedalus Designs Imports,20.16.1555,"184, chausse de Tournai",,Lille,CA,59000,France,EMEA,Rance,Martine,Medium,0.5745460255285955,0.04543053744757941
10188,0.29848822793099805,0.6287066885897706,4,0.05812037469132625,18/11/2003,Shipped,4,11,2003,Motorcycles,0.4301669487545075,S10_2016,Herkku Gifts,+47 2267 3215,"Drammen 121, PR 744 Sentrum",,Bergen,CA,N 5804,Norway,EMEA,Oeztan,Veysel,Medium,0.18766154536552646,-0.1295411706742002
10201,-1.138925168473156,0.8101579745265006,5,-0.2866999364781936,01/12/2003,Shipped,4,12,2003,Motorcycles,0.4301669487545075,S10_2016,Mini Wheels Co.,6505555787,5557 North Pendale Street,,San Francisco,CA,,USA,EMEA,Murphy,Julie,Medium,-0.9227093076274656,0.636009371149272
10210,-1.2415975539305957,0.8101579745265006,2,-0.295839032284466,12/01/2004,Shipped,1,1,2004,Motorcycles,0.4301669487545075,S10_2016,Osaka Souveniers Co.,+81 06 6342 5555,"Dojima Avanza 4F, 1-6-20 Dojima, Kita-ku",,Osaka,Osaka,530-0003,Japan,Japan,Kentary,Mory,Medium,-1.005890159469469,0.710051127185003
10223,1.2225396970479543,0.8101579745265006,4,1.0146410573933329,20/02/2004,Shipped,1,2,2004,Motorcycles,0.4301669487545075,S10_2016,"Australian Collectors, Co.",03 9520 4555,636 St Kilda Road,Level 3,Melbourne,Victoria,3004,Australia,APAC,Ferguson,Peter,Medium,0.9904502847386123,0.024190772654720583
10236,-1.344269939388035,0.8101579745265006,1,-0.38109924812183044,03/04/2004,Shipped,2,4,2004,Motorcycles,0.4301669487545075,S10_2016,Motor Mint Distributors Inc.,2155559857,11328 Douglas Av.,,Philadelphia,PA,71270,USA,EMEA,Hernandez,Rosa,Small,-1.0890710113114723,0.7079717631896418
10251,0.9145225406756355,0.8101579745265006,5,1.1960817039619498,18/05/2004,Shipped,2,5,2004,Motorcycles,0.4301669487545075,S10_2016,Tekni Collectables Inc.,2015559350,7476 Moss Rd.,,Newark,NJ,94019,USA,EMEA,Brown,William,Medium,0.7409077292126022,0.4551739747493476
10263,0.5038329988458772,0.8101579745265006,5,0.4985563715155375,28/06/2004,Shipped,2,6,2004,Motorcycles,0.4301669487545075,S10_2016,Gift Depot Inc.,2035552570,25593 South Bay Ln.,,Bridgewater,CT,97562,USA,EMEA,King,Julie,Medium,0.4081843218445886,0.09037204967094892
10275,-1.344269939388035,0.8101579745265006,4,-0.3526665056134271,23/07/2004,Shipped,3,7,2004,Motorcycles,0.4301669487545075,S10_2016,La Rochelle Gifts,40.67.8555,"67, rue des Cinquante Otages",,Nantes,CA,44000,France,EMEA,Labrune,Janine,Small,-1.0890710113114723,0.7364045056980453
10285,1.2225396970479543,0.8101579745265006,9,1.5914412692425675,27/08/2004,Shipped,3,8,2004,Motorcycles,0.4301669487545075,S10_2016,Marta's Replicas Co.,6175558555,39323 Spinnaker Dr.,,Cambridge,MA,51247,USA,EMEA,Hernandez,Marta,Medium,0.9904502847386123,0.6009909845039552
10298,0.40116061338843767,0.6287066885897706,1,0.11043531764891931,27/09/2004,Shipped,3,9,2004,Motorcycles,0.4301669487545075,S10_2016,Atelier graphique,40.32.2555,"54, rue Royale",,Nantes,CA,44000,France,EMEA,Schmitt,Carine,Medium,0.25221236083608584,-0.14177704318716652
10308,-0.11220131389876024,0.8101579745265006,2,0.2661203305816772,15/10/2004,Shipped,4,10,2004,Motorcycles,0.4301669487545075,S10_2016,Mini Classics,9145554562,3758 North Pendale Street,,White Plains,NY,24067,USA,EMEA,Frick,Steve,Medium,-0.0909007892074317,0.35702111978910894
10318,1.017194926133075,0.8101579745265006,4,1.092896262184891,02/11/2004,Shipped,4,11,2004,Motorcycles,0.4301669487545075,S10_2016,Diecast Classics Inc.,2155551555,7586 Pompton St.,,Allentown,PA,70267,USA,EMEA,Yu,Kyung,Medium,0.8240885810546055,0.2688076811302855
10329,-1.5496147103029143,0.8101579745265006,2,-0.2052028777375298,15/11/2004,Shipped,4,11,2004,Motorcycles,0.4301669487545075,S10_2016,Land of Toys Inc.,2125557818,897 Long Airport Avenue,,NYC,NY,10022,USA,EMEA,Yu,Kwai,Medium,-1.2554327149954791,1.0502298372579493
10339,0.5038329988458772,-0.730690650313274,4,-0.4328385855206206,23/11/2004,Shipped,4,11,2004,Motorcycles,0.4301669487545075,S10_2016,"Tokyo Collectables, Ltd",+81 3 3584 0555,2-2-8 Roppongi,,Minato-ku,Tokyo,106-0032,Japan,Japan,Shimamura,Akiko,Small,-0.368146061575981,-0.06469252394463959
10361,-0.9335803975582768,-1.6116713473339561,8,-1.207679691044696,17/12/2004,Shipped,4,12,2004,Motorcycles,0.4301669487545075,S10_2016,Souveniers And Things Co.,+61 2 9495 8555,"Monitor Money Building, 815 Pacific Hwy",Level 6,Chatswood,NSW,2067,Australia,APAC,Huxley,Adrian,Small,1.5046247771773185,-2.7123044682220145
10374,0.40116061338843767,0.8101579745265006,5,0.9416694772122933,02/02/2005,Shipped,1,2,2005,Motorcycles,0.4301669487545075,S10_2016,"Australian Gift Network, Co",61-7-3844-6555,31 Duncan St. West End,,South Brisbane,Queensland,4101,Australia,APAC,Calaghan,Tony,Medium,0.3250034700025852,0.6166660072097081
10388,1.530556853420273,-1.9408616584322862,5,-0.7213472962676536,03/03/2005,Shipped,1,3,2005,Motorcycles,0.4301669487545075,S10_2016,FunGiftIdeas.com,5085552555,1785 First Street,,New Bedford,MA,50553,USA,EMEA,Benitez,Violeta,Small,-2.9705991128541727,2.249251816586519
10402,1.017194926133075,0.8101579745265006,1,1.2380466073433363,07/04/2005,Shipped,2,4,2005,Motorcycles,0.4301669487545075,S10_2016,Auto Canal Petit,(1) 47.55.6555,"25, rue Lauriston",,Paris,CA,75016,France,EMEA,Perrier,Dominique,Medium,0.8240885810546055,0.4139580262887308
10417,1.017194926133075,0.8101579745265006,5,1.2671255485451123,13/05/2005,Disputed,2,5,2005,Motorcycles,0.4301669487545075,S10_2016,Euro Shopping Channel,(91) 555 94 44,"C/ Moralzarzal, 86",,Madrid,CA,28034,Spain,EMEA,Freyre,Diego,Medium,0.8240885810546055,0.4430369674905068
10107,-0.8309080121008373,0.8101579745265006,4,1.363892445317409,24/02/2003,Shipped,1,2,2003,Motorcycles,2.296730403790948,S10_4698,Land of Toys Inc.,2125557818,897 Long Airport Avenue,,NYC,NY,10022,USA,EMEA,Yu,Kwai,Medium,-0.6731667521014554,2.0370591974188645
10120,1.1198673115905147,0.8101579745265006,2,3.1011949173296243,29/04/2003,Shipped,2,4,2003,Motorcycles,2.296730403790948,S10_4698,"Australian Collectors, Co.",03 9520 4555,636 St Kilda Road,Level 3,Melbourne,Victoria,3004,Australia,APAC,Ferguson,Peter,Large,0.9072694328966089,2.1939254844330156
10134,-0.42021847027107895,0.8101579745265006,4,1.8843430450563108,01/07/2003,Shipped,3,7,2003,Motorcycles,2.296730403790948,S10_4698,Lyon Souveniers,+33 1 46 62 7555,27 rue du Colonel Pierre Avia,,Paris,CA,75508,France,EMEA,Da Cunha,Daniel,Large,-0.34044334473344184,2.2247863897897524
10145,-0.21487369935619982,0.8101579745265006,8,0.8810516955810279,25/08/2003,Shipped,3,8,2003,Motorcycles,2.296730403790948,S10_4698,Toys4GrownUps.com,6265557265,78934 Hillside Dr.,,Pasadena,CA,90003,USA,EMEA,Young,Julie,Medium,-0.17408164104943508,1.055133336630463
10159,-1.344269939388035,0.8101579745265006,16,0.3143082902874774,10/10/2003,Shipped,4,10,2003,Motorcycles,2.296730403790948,S10_4698,Corporate Gift Ideas Co.,6505551386,7734 Strong St.,,San Francisco,CA,,USA,EMEA,Brown,Julie,Medium,-1.0890710113114723,1.4033793015989497
10168,-1.5496147103029143,0.8101579745265006,3,0.3416224031250001,28/10/2003,Shipped,4,10,2003,Motorcycles,2.296730403790948,S10_4698,Technics Stores Inc.,6505556809,9408 Furth Circle,,Burlingame,CA,94217,USA,EMEA,Hirano,Juri,Medium,-1.2554327149954791,1.5970551181204793
10180,0.6065053843033168,0.8101579745265006,11,2.899211668601097,11/11/2003,Shipped,4,11,2003,Motorcycles,2.296730403790948,S10_4698,Daedalus Designs Imports,20.16.1555,"184, chausse de Tournai",,Lille,CA,59000,France,EMEA,Rance,Martine,Large,0.491365173686592,2.407846494914505
10188,1.017194926133075,0.8101579745265006,3,2.802444771828801,18/11/2003,Shipped,4,11,2003,Motorcycles,2.296730403790948,S10_4698,Herkku Gifts,+47 2267 3215,"Drammen 121, PR 744 Sentrum",,Bergen,CA,N 5804,Norway,EMEA,Oeztan,Veysel,Large,0.8240885810546055,1.9783561907741953
10201,1.4278844679628335,0.8101579745265006,4,2.450125297671484,01/12/2003,Shipped,4,12,2003,Motorcycles,2.296730403790948,S10_4698,Mini Wheels Co.,6505555787,5557 North Pendale Street,,San Francisco,CA,,USA,EMEA,Murphy,Julie,Large,1.1568119884226191,1.2933133092488647
10210,-0.11220131389876024,0.8101579745265006,1,1.39530639020112,12/01/2004,Shipped,1,1,2004,Motorcycles,2.296730403790948,S10_4698,Osaka Souveniers Co.,+81 06 6342 5555,"Dojima Avanza 4F, 1-6-20 Dojima, Kita-ku",,Osaka,Osaka,530-0003,Japan,Japan,Kentary,Mory,Medium,-0.0909007892074317,1.4862071794085516
10223,1.4278844679628335,0.8101579745265006,3,3.3776865044763715,20/02/2004,Shipped,1,2,2004,Motorcycles,2.296730403790948,S10_4698,"Australian Collectors, Co.",03 9520 4555,636 St Kilda Road,Level 3,Melbourne,Victoria,3004,Australia,APAC,Ferguson,Peter,Large,1.1568119884226191,2.2208745160537524
10237,0.40116061338843767,0.8101579745265006,9,1.8842996031273447,05/04/2004,Shipped,2,4,2004,Motorcycles,2.296730403790948,S10_4698,Vitachrome Inc.,2125551500,2678 Kingston Rd.,Suite 101,NYC,NY,10022,USA,EMEA,Frick,Michael,Large,0.3250034700025852,1.5592961331247595
10251,0.8118501552181959,0.8101579745265006,4,1.9138021031365415,18/05/2004,Shipped,2,5,2004,Motorcycles,2.296730403790948,S10_4698,Tekni Collectables Inc.,2015559350,7476 Moss Rd.,,Newark,NJ,94019,USA,EMEA,Brown,William,Large,0.6577268773705988,1.2560752257659429
10263,0.6065053843033168,0.8101579745265006,4,2.597311983250221,28/06/2004,Shipped,2,6,2004,Motorcycles,2.296730403790948,S10_4698,Gift Depot Inc.,2035552570,25593 South Bay Ln.,,Bridgewater,CT,97562,USA,EMEA,King,Julie,Large,0.491365173686592,2.1059468095636293
10275,0.09314345701611891,0.8101579745265006,3,1.8180615219360725,23/07/2004,Shipped,3,7,2004,Motorcycles,2.296730403790948,S10_4698,La Rochelle Gifts,40.67.8555,"67, rue des Cinquante Otages",,Nantes,CA,44000,France,EMEA,Labrune,Janine,Medium,0.07546091447657508,1.7426006074594975
10285,-0.8309080121008373,0.8101579745265006,8,1.0231556754707154,27/08/2004,Shipped,3,8,2004,Motorcycles,2.296730403790948,S10_4698,Marta's Replicas Co.,6175558555,39323 Spinnaker Dr.,,Cambridge,MA,51247,USA,EMEA,Hernandez,Marta,Medium,-0.6731667521014554,1.6963224275721709
10299,-0.6255632411859581,0.8101579745265006,11,1.6993673115180667,30/09/2004,Shipped,3,9,2004,Motorcycles,2.296730403790948,S10_4698,"Toys of Finland, Co.",90-224 8555,Keskuskatu 45,,Helsinki,CA,21240,Finland,EMEA,Karttunen,Matti,Medium,-0.5068050484174486,2.206172359935515
10308,-1.5496147103029143,0.8101579745265006,1,0.5519899441440109,15/10/2004,Shipped,4,10,2004,Motorcycles,2.296730403790948,S10_4698,Mini Classics,9145554562,3758 North Pendale Street,,White Plains,NY,24067,USA,EMEA,Frick,Steve,Medium,-1.2554327149954791,1.80742265913949
10318,0.1958158424735585,0.8101579745265006,3,2.2335944329803876,02/11/2004,Shipped,4,11,2004,Motorcycles,2.296730403790948,S10_4698,Diecast Classics Inc.,2155551555,7586 Pompton St.,,Allentown,PA,70267,USA,EMEA,Yu,Kyung,Large,0.15864176631857846,2.074952666661809
10329,-0.9335803975582768,0.8101579745265006,3,1.2567266367988186,15/11/2004,Shipped,4,11,2004,Motorcycles,2.296730403790948,S10_4698,Land of Toys Inc.,2125557818,897 Long Airport Avenue,,NYC,NY,10022,USA,EMEA,Yu,Kwai,Medium,-0.7563476039434588,2.0130742407422773
10339,0.40116061338843767,-0.34647003118495173,3,-0.3061347694494646,23/11/2004,Shipped,4,11,2004,Motorcycles,2.296730403790948,S10_4698,"Tokyo Collectables, Ltd",+81 3 3584 0555,2-2-8 Roppongi,,Minato-ku,Tokyo,106-0032,Japan,Japan,Shimamura,Akiko,Small,-0.13899013023086637,-0.16714463921859823
10362,-1.344269939388035,0.8101579745265006,4,0.05984719136773415,05/01/2005,Shipped,1,1,2005,Motorcycles,2.296730403790948,S10_4698,Technics Stores Inc.,6505556809,9408 Furth Circle,,Burlingame,CA,94217,USA,EMEA,Hirano,Juri,Medium,-1.0890710113114723,1.1489182026792064
10374,-1.344269939388035,0.8101579745265006,1,0.1523133371723734,02/02/2005,Shipped,1,2,2005,Motorcycles,2.296730403790948,S10_4698,"Australian Gift Network, Co",61-7-3844-6555,31 Duncan St. West End,,South Brisbane,Queensland,4101,Australia,APAC,Calaghan,Tony,Medium,-1.0890710113114723,1.2413843484838458
10388,-1.4469423248454747,0.15425619503389368,7,-0.9403652113920669,03/03/2005,Shipped,1,3,2005,Motorcycles,2.296730403790948,S10_4698,FunGiftIdeas.com,5085552555,1785 First Street,,New Bedford,MA,50553,USA,EMEA,Benitez,Violeta,Small,-0.2231998174641591,-0.7171653939279078
10403,3.1733150207393064,0.8101579745265006,9,4.524862952928958,08/04/2005,Shipped,2,4,2005,Motorcycles,2.296730403790948,S10_4698,"UK Collectables, Ltd.",(171) 555-2282,Berkeley Gardens 12  Brewery,,Liverpool,CA,WX1 6LT,UK,EMEA,Devon,Elizabeth,Large,2.570886469736677,1.9539764831922808
10417,2.1465911661649106,0.8101579745265006,4,3.0758356912955818,13/05/2005,Disputed,2,5,2005,Motorcycles,2.296730403790948,S10_4698,Euro Shopping Channel,(91) 555 94 44,"C/ Moralzarzal, 86",,Madrid,CA,28034,Spain,EMEA,Freyre,Diego,Large,1.739077951316643,1.3367577399789388
10105,1.530556853420273,0.8101579745265006,2,1.9842703421609018,11/02/2003,Shipped,1,2,2003,Classic Cars,0.8781421779632532,S10_4757,Danish Wholesale Imports,31 12 3555,Vinb'ltet 34,,Kobenhavn,CA,1734,Denmark,EMEA,Petersen,Jytte,Large,1.2399928402646223,0.7442775018962795
10119,1.1198673115905147,0.8101579745265006,11,0.7878796184306874,28/04/2003,Shipped,2,4,2003,Classic Cars,0.8781421779632532,S10_4757,Salzburg Collectables,6562-9555,Geislweg 14,,Salzburg,CA,5020,Austria,EMEA,Pipps,Georg,Medium,0.9072694328966089,-0.11938981446592145
10129,-0.21487369935619982,0.8101579745265006,2,0.45850291300866525,12/06/2003,Shipped,2,6,2003,Classic Cars,0.8781421779632532,S10_4757,"Stylish Desk Decors, Co.",(171) 555-0297,35 King George,,London,CA,WX3 6FW,UK,EMEA,Brown,Ann,Medium,-0.17408164104943508,0.6325845540581003
10143,1.4278844679628335,0.8101579745265006,15,1.1098711959284489,10/08/2003,Shipped,3,8,2003,Classic Cars,0.8781421779632532,S10_4757,Mini Creations Ltd.,5085559555,4575 Hillside Dr.,,New Bedford,MA,50553,USA,EMEA,Tam,Wing C,Medium,1.1568119884226191,-0.04694079249417027
10155,-0.3175460848136394,0.8101579745265006,13,0.5279231154967148,06/10/2003,Shipped,4,10,2003,Classic Cars,0.8781421779632532,S10_4757,"Toys of Finland, Co.",90-224 8555,Keskuskatu 45,,Helsinki,CA,21240,Finland,EMEA,Karttunen,Matti,Medium,-0.2572624928914385,0.7851856083881532
10167,0.9145225406756355,0.8101579745265006,9,1.2871142661107027,23/10/2003,Cancelled,4,10,2003,Classic Cars,0.8781421779632532,S10_4757,Scandinavian Gift Ideas,0695-34 6555,?kergatan 24,,Boras,CA,S-844 67,Sweden,EMEA,Larsson,Maria,Medium,0.7409077292126022,0.5462065368981005
10178,-1.138925168473156,0.8101579745265006,12,-0.033346606747089405,08/11/2003,Shipped,4,11,2003,Classic Cars,0.8781421779632532,S10_4757,Alpha Cognac,61.77.6555,1 rue Alsace-Lorraine,,Toulouse,CA,31000,France,EMEA,Roulet,Annette,Medium,-0.9227093076274656,0.8893627008803762
10186,-0.9335803975582768,0.8101579745265006,9,0.16309779603824195,14/11/2003,Shipped,4,11,2003,Classic Cars,0.8781421779632532,S10_4757,"Double Decker Gift Stores, Ltd",(171) 555-7555,120 Hanover Sq.,,London,CA,WA1 1DP,UK,EMEA,Hardy,Thomas,Medium,-0.7563476039434588,0.9194453999817007
10197,1.017194926133075,0.8101579745265006,6,0.9614301246508109,26/11/2003,Shipped,4,11,2003,Classic Cars,0.8781421779632532,S10_4757,Enaco Distributors,(93) 203 4555,"Rambla de Catalu¤a, 23",,Barcelona,CA,8022,Spain,EMEA,Saavedra,Eduardo,Medium,0.8240885810546055,0.13734154359620543
10209,0.40116061338843767,0.8101579745265006,8,0.8927484349551876,09/01/2004,Shipped,1,1,2004,Classic Cars,0.8781421779632532,S10_4757,"Men 'R' US Retailers, Ltd.",2155554369,6047 Douglas Av.,,Los Angeles,CA,,USA,EMEA,Chandler,Michael,Medium,0.3250034700025852,0.5677449649526024
10222,1.4278844679628335,0.8101579745265006,12,1.3269939569017102,19/02/2004,Shipped,1,2,2004,Classic Cars,0.8781421779632532,S10_4757,Collectable Mini Designs Co.,7605558146,361 Furth Circle,,San Diego,CA,91217,USA,EMEA,Thompson,Valarie,Medium,1.1568119884226191,0.17018196847909106
10248,-1.5496147103029143,0.8101579745265006,3,-0.3494300819054423,07/05/2004,Cancelled,2,5,2004,Classic Cars,0.8781421779632532,S10_4757,Land of Toys Inc.,2125557818,897 Long Airport Avenue,,NYC,NY,10022,USA,EMEA,Yu,Kwai,Small,-1.2554327149954791,0.9060026330900368
10261,-0.8309080121008373,0.8101579745265006,1,-0.09538168131087843,17/06/2004,Shipped,2,6,2004,Classic Cars,0.8781421779632532,S10_4757,Quebec Home Shopping Network,(514) 555-8054,43 rue St. Laurent,,Montreal,Quebec,H1J 1C3,Canada,EMEA,Fresnisre,Jean,Medium,-0.6731667521014554,0.577785070790577
10273,-0.5228908557285186,0.8101579745265006,4,-0.024484453237976617,21/07/2004,Shipped,3,7,2004,Classic Cars,0.8781421779632532,S10_4757,Petit Auto,(02) 5554 67,Rue Joseph-Bens 532,,Bruxelles,CA,B-1180,Belgium,EMEA,Dewey,Catherine,Medium,-0.42362419657544526,0.39913974333746866
10283,-1.0362527830157164,0.8101579745265006,6,-0.3051193143598788,20/08/2004,Shipped,3,8,2004,Classic Cars,0.8781421779632532,S10_4757,"Royal Canadian Collectables, Ltd.",(604) 555-4555,23 Tsawassen Blvd.,,Tsawassen,BC,T2F 8M4,Canada,EMEA,Lincoln,Elizabeth,Small,-0.8395284557854622,0.5344091414255834
10295,-1.138925168473156,0.8101579745265006,1,-0.0687952207835403,10/09/2004,Shipped,3,9,2004,Classic Cars,0.8781421779632532,S10_4757,Gifts4AllAges.com,6175559555,8616 Spinnaker Dr.,,Boston,MA,51003,USA,EMEA,Yoshido,Juri,Medium,-0.9227093076274656,0.8539140868439253
10307,-1.344269939388035,0.8101579745265006,9,-0.46759212869361155,14/10/2004,Shipped,4,10,2004,Classic Cars,0.8781421779632532,S10_4757,"Classic Gift Ideas, Inc",2155554695,782 First Street,,Philadelphia,PA,71270,USA,EMEA,Cervantes,Francisca,Small,-1.0890710113114723,0.6214788826178608
10316,-0.21487369935619982,0.8101579745265006,17,0.31227738010830586,01/11/2004,Shipped,4,11,2004,Classic Cars,0.8781421779632532,S10_4757,giftsbymail.co.uk,(198) 555-8888,Garden House Crowther Way,,Cowes,Isle of Wight,PO31 7PJ,UK,EMEA,Bennett,Helen,Medium,-0.17408164104943508,0.48635902115774093
10325,1.2225396970479543,-0.9285022980967582,6,-0.2726953446277024,05/11/2004,Shipped,4,11,2004,Classic Cars,0.8781421779632532,S10_4757,Baane Mini Imports,07-98 9555,Erling Skakkes gate 78,,Stavern,CA,4110,Norway,EMEA,Bergulfsen,Jonas,Medium,-1.13513091822354,0.8624355735958377
10337,-1.0362527830157164,-1.765359594985285,8,-1.2775397430635287,21/11/2004,Shipped,4,11,2004,Classic Cars,0.8781421779632532,S10_4757,Classic Legends Inc.,2125558493,5905 Pompton St.,Suite 750,NYC,NY,10022,USA,EMEA,Hernandez,Maria,Small,1.8293587933269995,-3.106898536390528
10350,-0.9335803975582768,-0.40596225608224046,5,-0.8643146844955452,02/12/2004,Shipped,4,12,2004,Classic Cars,0.8781421779632532,S10_4757,Euro Shopping Channel,(91) 555 94 44,"C/ Moralzarzal, 86",,Madrid,CA,28034,Spain,EMEA,Freyre,Diego,Small,0.378998404426913,-1.2433130889224582
10359,1.325212082505394,-1.4366650524277653,6,-0.5046046521728471,15/12/2004,Shipped,4,12,2004,Classic Cars,0.8781421779632532,S10_4757,Reims Collectables,26.47.1555,59 rue de l'Abbaye,,Reims,CA,51100,France,EMEA,Henriot,Paul,Small,-1.9038858859905199,1.3992812338176728
10373,0.40116061338843767,0.8101579745265006,3,0.26736385579833577,31/01/2005,Shipped,1,1,2005,Classic Cars,0.8781421779632532,S10_4757,"Oulu Toy Supplies, Inc.",981-443655,Torikatu 38,,Oulu,CA,90110,Finland,EMEA,Koskitalo,Pirkko,Medium,0.3250034700025852,-0.057639614204249456
10384,-0.11220131389876024,0.8101579745265006,4,0.702027506311158,23/02/2005,Shipped,1,2,2005,Classic Cars,0.8781421779632532,S10_4757,Corporate Gift Ideas Co.,6505551386,7734 Strong St.,,San Francisco,CA,,USA,EMEA,Brown,Julie,Medium,-0.0909007892074317,0.7929282955185897
10395,-0.3175460848136394,0.8101579745265006,2,-0.09955210649163726,17/03/2005,Shipped,1,3,2005,Classic Cars,0.8781421779632532,S10_4757,Lyon Souveniers,+33 1 46 62 7555,27 rue du Colonel Pierre Avia,,Paris,CA,75508,France,EMEA,Da Cunha,Daniel,Medium,-0.2572624928914385,0.15771038639980123
10400,2.967970249824427,0.8101579745265006,9,3.316547419697511,01/04/2005,Shipped,2,4,2005,Classic Cars,0.8781421779632532,S10_4757,The Sharp Gifts Warehouse,4085553659,3086 Ingle Ln.,,San Jose,CA,94217,USA,EMEA,Frick,Sue,Large,2.40452476605267,0.9120226536448408
10414,-1.652287095760354,0.8101579745265006,3,-0.42845095069503053,06/05/2005,On Hold,2,5,2005,Classic Cars,0.8781421779632532,S10_4757,Gifts4AllAges.com,6175559555,8616 Spinnaker Dr.,,Boston,MA,51003,USA,EMEA,Yoshido,Juri,Small,-1.3386135668374826,0.9101626161424521
10103,0.7091777697607564,0.8101579745265006,4,1.001537885568891,29/01/2003,Shipped,1,1,2003,Classic Cars,1.1519048180352645,S10_4962,Baane Mini Imports,07-98 9555,Erling Skakkes gate 78,,Stavern,CA,4110,Norway,EMEA,Bergulfsen,Jonas,Medium,0.5745460255285955,0.42699186004029555
10114,-0.42021847027107895,0.8101579745265006,8,0.40802339154989586,01/04/2003,Shipped,2,4,2003,Classic Cars,1.1519048180352645,S10_4962,"La Corne D'abondance, Co.",(1) 42.34.2555,"265, boulevard Charonne",,Paris,CA,75012,France,EMEA,Bertrand,Marie,Medium,-0.34044334473344184,0.7484667362833377
10126,-1.344269939388035,0.8101579745265006,4,-0.11194391672925694,28/05/2003,Shipped,2,5,2003,Classic Cars,1.1519048180352645,S10_4962,"Corrida Auto Replicas, Ltd",(91) 555 22 82,"C/ Araquil, 67",,Madrid,CA,28023,Spain,EMEA,Sommer,Mart¡n,Medium,-1.0890710113114723,0.9771270945822154
10140,-0.9335803975582768,0.8101579745265006,4,-0.1986214254991447,24/07/2003,Shipped,3,7,2003,Classic Cars,1.1519048180352645,S10_4962,Technics Stores Inc.,6505556809,9408 Furth Circle,,Burlingame,CA,94217,USA,EMEA,Hirano,Juri,Medium,-0.7563476039434588,0.5577261784443142
10150,-1.5496147103029143,0.8101579745265006,1,-0.19694891123394453,19/09/2003,Shipped,3,9,2003,Classic Cars,1.1519048180352645,S10_4962,"Dragon Souveniers, Ltd.",+65 221 7555,"Bronz Sok., Bronz Apt. 3/6 Tesvikiye",,Singapore,CA,79903,Singapore,Japan,Natividad,Eric,Medium,-1.2554327149954791,1.0584838037615345
10164,-1.4469423248454747,0.8101579745265006,2,-0.009268917617551515,21/10/2003,Resolved,4,10,2003,Classic Cars,1.1519048180352645,S10_4962,Mini Auto Werke,7675-3555,Kirchgasse 6,,Graz,CA,8010,Austria,EMEA,Mendel,Roland,Medium,-1.1722518631534757,1.1629829455359242
10175,-0.21487369935619982,0.8101579745265006,9,0.9822985412779679,06/11/2003,Shipped,4,11,2003,Classic Cars,1.1519048180352645,S10_4962,"Stylish Desk Decors, Co.",(171) 555-0297,35 King George,,London,CA,WX3 6FW,UK,EMEA,Brown,Ann,Medium,-0.17408164104943508,1.156380182327403
10183,-0.7282356266433977,0.8101579745265006,1,-0.06545019225313976,13/11/2003,Shipped,4,11,2003,Classic Cars,1.1519048180352645,S10_4962,"Classic Gift Ideas, Inc",2155554695,782 First Street,,Philadelphia,PA,71270,USA,EMEA,Cervantes,Francisca,Medium,-0.589985900259452,0.5245357080063122
10194,-0.9335803975582768,0.8101579745265006,4,0.38546616993417643,25/11/2003,Shipped,4,11,2003,Classic Cars,1.1519048180352645,S10_4962,"Saveley & Henriot, Co.",78.32.5555,"2, rue du Commerce",,Lyon,CA,69004,France,EMEA,Saveley,Mary,Medium,-0.7563476039434588,1.1418137738776353
10207,-0.42021847027107895,0.8101579745265006,15,0.28362199771395064,09/12/2003,Shipped,4,12,2003,Classic Cars,1.1519048180352645,S10_4962,Diecast Collectables,6175552555,6251 Ingle Ln.,,Boston,MA,51003,USA,EMEA,Franco,Valarie,Medium,-0.34044334473344184,0.6240653424473925
10217,1.325212082505394,0.8101579745265006,4,1.882442460664038,04/02/2004,Shipped,1,2,2004,Classic Cars,1.1519048180352645,S10_4962,Handji Gifts& Co,+65 224 1555,Village Close - 106 Linden Road Sandown,2nd Floor,Singapore,CA,69045,Singapore,APAC,Victorino,Wendy,Large,1.0736311365806157,0.8088113240834223
10229,1.530556853420273,0.8101579745265006,9,1.5598969985719573,11/03/2004,Shipped,1,3,2004,Classic Cars,1.1519048180352645,S10_4962,Mini Gifts Distributors Ltd.,4155551450,5677 Strong St.,,San Rafael,CA,97562,USA,EMEA,Nelson,Valarie,Medium,1.2399928402646223,0.319904158307335
10245,-0.7282356266433977,0.8101579745265006,2,0.5635672182135139,04/05/2004,Shipped,2,5,2004,Classic Cars,1.1519048180352645,S10_4962,Super Scale Inc.,2035559545,567 North Pendale Street,,New Haven,CT,97823,USA,EMEA,Murphy,Leslie,Medium,-0.589985900259452,1.1535531184729657
10259,-0.9335803975582768,0.8101579745265006,12,0.2603751354758922,15/06/2004,Shipped,2,6,2004,Classic Cars,1.1519048180352645,S10_4962,Handji Gifts& Co,+65 224 1555,Village Close - 106 Linden Road Sandown,2nd Floor,Singapore,CA,69045,Singapore,APAC,Victorino,Wendy,Medium,-0.7563476039434588,1.016722739419351
10270,-0.3175460848136394,0.8101579745265006,2,0.4062857143912464,19/07/2004,Shipped,3,7,2004,Classic Cars,1.1519048180352645,S10_4962,Souveniers And Things Co.,+61 2 9495 8555,"Monitor Money Building, 815 Pacific Hwy",Level 6,Chatswood,NSW,2067,Australia,APAC,Huxley,Adrian,Medium,-0.2572624928914385,0.6635482072826848
10281,0.9145225406756355,0.8101579745265006,9,1.8825293445219708,19/08/2004,Shipped,3,8,2004,Classic Cars,1.1519048180352645,S10_4962,Diecast Classics Inc.,2155551555,7586 Pompton St.,,Allentown,PA,70267,USA,EMEA,Yu,Kyung,Large,0.7409077292126022,1.1416216153093686
10291,-0.5228908557285186,0.8101579745265006,4,0.16399921606429158,08/09/2004,Shipped,3,9,2004,Classic Cars,1.1519048180352645,S10_4962,Scandinavian Gift Ideas,0695-34 6555,?kergatan 24,,Boras,CA,S-844 67,Sweden,EMEA,Larsson,Maria,Medium,-0.42362419657544526,0.5876234126397368
10305,0.29848822793099805,0.8101579745265006,13,1.6979771697911468,13/10/2004,Shipped,4,10,2004,Classic Cars,1.1519048180352645,S10_4962,Marta's Replicas Co.,6175558555,39323 Spinnaker Dr.,,Cambridge,MA,51247,USA,EMEA,Hernandez,Marta,Medium,0.24182261816058184,1.456154551630565
10313,0.5038329988458772,0.8101579745265006,7,1.6964675627595702,22/10/2004,Shipped,4,10,2004,Classic Cars,1.1519048180352645,S10_4962,Canadian Gift Exchange Network,(604) 555-3392,1900 Oak St.,,Vancouver,BC,V3F 2K1,Canada,EMEA,Tannamuri,Yoshi,Medium,0.4081843218445886,1.2882832409149816
10322,1.1198673115905147,-1.0742582490951156,8,-0.3813924811423525,04/11/2004,Shipped,4,11,2004,Classic Cars,1.1519048180352645,S10_4962,Online Diecast Creations Co.,6035558647,2304 Long Airport Avenue,,Nashua,NH,62005,USA,EMEA,Young,Valarie,Small,-1.2030266973680805,0.821634216225728
10334,-0.9335803975582768,0.8101579745265006,2,-0.1986214254991447,19/11/2004,On Hold,4,11,2004,Classic Cars,1.1519048180352645,S10_4962,"Volvo Model Replicas, Co",0921-12 3555,Berguvsvgen  8,,Lule,CA,S-958 22,Sweden,EMEA,Berglund,Christina,Medium,-0.7563476039434588,0.5577261784443142
10347,-0.8309080121008373,0.8101579745265006,2,0.47466331058410616,29/11/2004,Shipped,4,11,2004,Classic Cars,1.1519048180352645,S10_4962,"Australian Collectors, Co.",03 9520 4555,636 St Kilda Road,Level 3,Melbourne,Victoria,3004,Australia,APAC,Ferguson,Peter,Medium,-0.6731667521014554,1.1478300626855615
10357,0.8118501552181959,0.8101579745265006,9,1.2093314922966523,10/12/2004,Shipped,4,12,2004,Classic Cars,1.1519048180352645,S10_4962,Mini Gifts Distributors Ltd.,4155551450,5677 Strong St.,,San Rafael,CA,97562,USA,EMEA,Nelson,Valarie,Medium,0.6577268773705988,0.5516046149260535
10370,-0.009528928441320661,-0.8937985002400072,4,-0.6824939210484737,20/01/2005,Shipped,1,1,2005,Classic Cars,1.1519048180352645,S10_4962,"Anna's Decorations, Ltd",02 9936 8555,201 Miller Street,Level 15,North Sydney,NSW,2060,Australia,APAC,O'Hara,Anna,Small,0.008516941949746757,-0.6910108629982205
10381,0.1958158424735585,0.8101579745265006,6,1.4540290176812334,17/02/2005,Shipped,1,2,2005,Classic Cars,1.1519048180352645,S10_4962,Corporate Gift Ideas Co.,6505551386,7734 Strong St.,,San Francisco,CA,,USA,EMEA,Brown,Julie,Medium,0.15864176631857846,1.295387251362655
10391,0.1958158424735585,-1.8223729771785198,7,-0.9875377160082813,09/03/2005,Shipped,1,3,2005,Classic Cars,1.1519048180352645,S10_4962,"Anna's Decorations, Ltd",02 9936 8555,201 Miller Street,Level 15,North Sydney,NSW,2060,Australia,APAC,O'Hara,Anna,Small,-0.35684949982725883,-0.6306882161810226
10411,-0.8309080121008373,0.8101579745265006,2,0.4745166940738449,01/05/2005,Shipped,2,5,2005,Classic Cars,1.1519048180352645,S10_4962,Quebec Home Shopping Network,(514) 555-8054,43 rue St. Laurent,,Montreal,Quebec,H1J 1C3,Canada,EMEA,Fresnisre,Jean,Medium,-0.6731667521014554,1.1476834461753003
10425,0.29848822793099805,0.8101579745265006,12,1.2712471015557838,31/05/2005,In Process,2,5,2005,Classic Cars,1.1519048180352645,S10_4962,La Rochelle Gifts,40.67.8555,"67, rue des Cinquante Otages",,Nantes,CA,44000,France,EMEA,Labrune,Janine,Medium,0.24182261816058184,1.029424483395202
10108,-0.21487369935619982,0.8101579745265006,6,0.9292559460101903,03/03/2003,Shipped,1,3,2003,Classic Cars,2.321617916524767,S12_1099,Cruz & Sons Co.,+63 2 555 3587,15 McCallum Street - NatWest Center #13-03,,Makati City,CA,1227 MM,Philippines,Japan,Cruz,Arnold,Medium,-0.17408164104943508,1.1033375870596254
10122,0.7091777697607564,0.8101579745265006,10,2.1970814916842634,08/05/2003,Shipped,2,5,2003,Classic Cars,2.321617916524767,S12_1099,Marseille Mini Autos,91.24.4555,"12, rue des Bouchers",,Marseille,CA,13008,France,EMEA,Lebihan,Laurence,Large,0.5745460255285955,1.622535466155668
10135,0.7091777697607564,0.8101579745265006,7,2.418993725326053,02/07/2003,Shipped,3,7,2003,Classic Cars,2.321617916524767,S12_1099,Mini Gifts Distributors Ltd.,4155551450,5677 Strong St.,,San Rafael,CA,97562,USA,EMEA,Nelson,Valarie,Large,0.5745460255285955,1.8444476997974575
10147,1.325212082505394,0.8101579745265006,7,3.0908231567889346,05/09/2003,Shipped,3,9,2003,Classic Cars,2.321617916524767,S12_1099,Collectables For Less Inc.,6175558555,7825 Douglas Av.,,Brickhaven,MA,58339,USA,EMEA,Nelson,Allen,Large,1.0736311365806157,2.017192020208319
10159,0.6065053843033168,0.8101579745265006,2,2.575270634540976,10/10/2003,Shipped,4,10,2003,Classic Cars,2.321617916524767,S12_1099,Corporate Gift Ideas Co.,6505551386,7734 Strong St.,,San Francisco,CA,,USA,EMEA,Brown,Julie,Large,0.491365173686592,2.083905460854384
10169,-0.5228908557285186,0.8101579745265006,2,0.7960792825230647,04/11/2003,Shipped,4,11,2003,Classic Cars,2.321617916524767,S12_1099,"Anna's Decorations, Ltd",02 9936 8555,201 Miller Street,Level 15,North Sydney,NSW,2060,Australia,APAC,O'Hara,Anna,Medium,-0.42362419657544526,1.21970347909851
10181,-0.8309080121008373,0.8101579745265006,14,1.0084940244446097,12/11/2003,Shipped,4,11,2003,Classic Cars,2.321617916524767,S12_1099,Herkku Gifts,+47 2267 3215,"Drammen 121, PR 744 Sentrum",,Bergen,CA,N 5804,Norway,EMEA,Oeztan,Veysel,Medium,-0.6731667521014554,1.6816607765460652
10191,-1.4469423248454747,0.8101579745265006,3,0.15585385438312183,20/11/2003,Shipped,4,11,2003,Classic Cars,2.321617916524767,S12_1099,"Toms Spezialitten, Ltd",0221-5554327,Mehrheimerstr. 369,,Koln,CA,50739,Germany,EMEA,Pfalzheim,Henriette,Medium,-1.1722518631534757,1.3281057175365976
10203,-1.5496147103029143,0.8101579745265006,8,0.2044545124141014,02/12/2003,Shipped,4,12,2003,Classic Cars,2.321617916524767,S12_1099,Euro Shopping Channel,(91) 555 94 44,"C/ Moralzarzal, 86",,Madrid,CA,28034,Spain,EMEA,Freyre,Diego,Medium,-1.2554327149954791,1.4598872274095807
10211,0.6065053843033168,0.8101579745265006,2,2.142236056364387,15/01/2004,Shipped,1,1,2004,Classic Cars,2.321617916524767,S12_1099,Auto Canal Petit,(1) 47.55.6555,"25, rue Lauriston",,Paris,CA,75016,France,EMEA,Perrier,Dominique,Large,0.491365173686592,1.650870882677795
10225,-0.8309080121008373,0.8101579745265006,9,0.5234866085010377,22/02/2004,Shipped,1,2,2004,Classic Cars,2.321617916524767,S12_1099,"Vida Sport, Ltd",0897-034555,Grenzacherweg 237,,Gensve,CA,1203,Switzerland,EMEA,Holz,Michael,Medium,-0.6731667521014554,1.1966533606024932
10238,-0.7282356266433977,0.8101579745265006,3,1.205964742801769,09/04/2004,Shipped,2,4,2004,Classic Cars,2.321617916524767,S12_1099,Danish Wholesale Imports,31 12 3555,Vinb'ltet 34,,Kobenhavn,CA,1734,Denmark,EMEA,Petersen,Jytte,Medium,-0.589985900259452,1.795950643061221
10253,-1.138925168473156,0.8101579745265006,13,0.20019720337540992,01/06/2004,Cancelled,2,6,2004,Classic Cars,2.321617916524767,S12_1099,"UK Collectables, Ltd.",(171) 555-2282,Berkeley Gardens 12  Brewery,,Liverpool,CA,WX1 6LT,UK,EMEA,Devon,Elizabeth,Medium,-0.9227093076274656,1.1229065110028755
10266,0.9145225406756355,0.8101579745265006,14,3.044448897617475,06/07/2004,Shipped,3,7,2004,Classic Cars,2.321617916524767,S12_1099,L'ordine Souveniers,0522-556555,Strada Provinciale 124,,Reggio Emilia,CA,42100,Italy,EMEA,Moroni,Maurizio,Large,0.7409077292126022,2.3035411684048728
10276,1.530556853420273,0.8101579745265006,3,3.300017765725857,02/08/2004,Shipped,3,8,2004,Classic Cars,2.321617916524767,S12_1099,Online Mini Collectables,6175557555,7635 Spinnaker Dr.,,Brickhaven,MA,58339,USA,EMEA,Barajas,Miguel,Large,1.2399928402646223,2.0600249254612346
10287,-1.4469423248454747,0.8101579745265006,12,-0.0660583792586673,30/08/2004,Shipped,3,8,2004,Classic Cars,2.321617916524767,S12_1099,"Vida Sport, Ltd",0897-034555,Grenzacherweg 237,,Gensve,CA,1203,Switzerland,EMEA,Holz,Michael,Medium,-1.1722518631534757,1.1061934838948084
10300,-0.21487369935619982,0.8101579745265006,5,1.0686719565450924,04/10/2003,Shipped,4,10,2003,Classic Cars,2.321617916524767,S12_1099,"Blauer See Auto, Co.",+49 69 66 90 2555,Lyonerstr. 34,,Frankfurt,CA,60528,Germany,EMEA,Keitel,Roland,Medium,-0.17408164104943508,1.2427535975945274
10310,-0.21487369935619982,0.8101579745265006,10,1.8358184104010224,16/10/2004,Shipped,4,10,2004,Classic Cars,2.321617916524767,S12_1099,"Toms Spezialitten, Ltd",0221-5554327,Mehrheimerstr. 369,,Koln,CA,50739,Germany,EMEA,Pfalzheim,Henriette,Medium,-0.17408164104943508,2.0099000514504577
10320,-0.42021847027107895,0.8101579745265006,3,1.8040460696033394,03/11/2004,Shipped,4,11,2004,Classic Cars,2.321617916524767,S12_1099,"Volvo Model Replicas, Co",0921-12 3555,Berguvsvgen  8,,Lule,CA,S-958 22,Sweden,EMEA,Berglund,Christina,Medium,-0.34044334473344184,2.144489414336781
10329,0.6065053843033168,-0.6042696724065358,5,-0.3386401927984528,15/11/2004,Shipped,4,11,2004,Classic Cars,2.321617916524767,S12_1099,Land of Toys Inc.,2125557818,897 Long Airport Avenue,,NYC,NY,10022,USA,EMEA,Yu,Kwai,Small,-0.3664928098857654,0.02785261708731257
10341,1.017194926133075,-0.19873100602335153,2,0.016486716018307177,24/11/2004,Shipped,4,11,2004,Classic Cars,2.321617916524767,S12_1099,Salzburg Collectables,6562-9555,Geislweg 14,,Salzburg,CA,5020,Austria,EMEA,Pipps,Georg,Medium,-0.20214817099227475,0.21863488701058192
10363,-0.21487369935619982,0.085840136402012,3,-0.39967610299601825,06/01/2005,Shipped,1,1,2005,Classic Cars,2.321617916524767,S12_1099,Suominen Souveniers,+358 9 8045 555,"Software Engineering Center, SEC Oy",,Espoo,CA,FIN-02271,Finland,EMEA,Suominen,Kalle,Small,-0.01844478766194111,-0.3812313153340771
10375,1.017194926133075,-0.3796865234192713,7,-0.0727049943905017,03/02/2005,Shipped,1,2,2005,Classic Cars,2.321617916524767,S12_1099,La Rochelle Gifts,40.67.8555,"67, rue des Cinquante Otages",,Nantes,CA,44000,France,EMEA,Labrune,Janine,Medium,-0.38621520514318974,0.31351021075268803
10389,-0.9335803975582768,0.7625641946086701,4,-0.5315386481319151,03/03/2005,Shipped,1,3,2005,Classic Cars,2.321617916524767,S12_1099,Scandinavian Gift Ideas,0695-34 6555,?kergatan 24,,Boras,CA,S-844 67,Sweden,EMEA,Larsson,Maria,Small,-0.7119149839664694,0.18037633583455426
10419,-2.370993793962431,0.8101579745265006,13,-0.8648251271608985,17/05/2005,Shipped,2,5,2005,Classic Cars,2.321617916524767,S12_1099,Salzburg Collectables,6562-9555,Geislweg 14,,Salzburg,CA,5020,Austria,EMEA,Pipps,Georg,Small,-1.920879529731506,1.0560544025706076
10105,0.6065053843033168,0.8101579745265006,15,2.7892275649408225,11/02/2003,Shipped,1,2,2003,Classic Cars,2.645155582064417,S12_1108,Danish Wholesale Imports,31 12 3555,Vinb'ltet 34,,Kobenhavn,CA,1734,Denmark,EMEA,Petersen,Jytte,Large,0.491365173686592,2.2978623912542306
10117,-0.21487369935619982,0.8101579745265006,9,1.3469663837439383,16/04/2003,Shipped,2,4,2003,Classic Cars,2.645155582064417,S12_1108,"Dragon Souveniers, Ltd.",+65 221 7555,"Bronz Sok., Bronz Apt. 3/6 Tesvikiye",,Singapore,CA,79903,Singapore,Japan,Natividad,Eric,Medium,-0.17408164104943508,1.5210480247933733
10127,1.1198673115905147,0.8101579745265006,2,4.195030107252791,03/06/2003,Shipped,2,6,2003,Classic Cars,2.645155582064417,S12_1108,Muscle Machine Inc,2125557413,4092 Furth Circle,Suite 400,NYC,NY,10022,USA,EMEA,Young,Jeff,Large,0.9072694328966089,3.287760674356182
10142,-0.21487369935619982,0.8101579745265006,12,2.426992470496961,08/08/2003,Shipped,3,8,2003,Classic Cars,2.645155582064417,S12_1108,Mini Gifts Distributors Ltd.,4155551450,5677 Strong St.,,San Rafael,CA,97562,USA,EMEA,Nelson,Valarie,Large,-0.17408164104943508,2.6010741115463962
10153,-1.5496147103029143,0.8101579745265006,11,0.7331427879332265,28/09/2003,Shipped,3,9,2003,Classic Cars,2.645155582064417,S12_1108,Euro Shopping Channel,(91) 555 94 44,"C/ Moralzarzal, 86",,Madrid,CA,28034,Spain,EMEA,Freyre,Diego,Medium,-1.2554327149954791,1.9885755029287058
10165,0.9145225406756355,0.8101579745265006,3,2.737184134039268,22/10/2003,Shipped,4,10,2003,Classic Cars,2.645155582064417,S12_1108,"Dragon Souveniers, Ltd.",+65 221 7555,"Bronz Sok., Bronz Apt. 3/6 Tesvikiye",,Singapore,CA,79903,Singapore,Japan,Natividad,Eric,Large,0.7409077292126022,1.996276404826666
10176,-0.21487369935619982,0.8101579745265006,2,2.1289862680296845,06/11/2003,Shipped,4,11,2003,Classic Cars,2.645155582064417,S12_1108,L'ordine Souveniers,0522-556555,Strada Provinciale 124,,Reggio Emilia,CA,42100,Italy,EMEA,Moroni,Maurizio,Large,-0.17408164104943508,2.3030679090791195
10185,-1.4469423248454747,0.8101579745265006,13,0.1791170073445425,14/11/2003,Shipped,4,11,2003,Classic Cars,2.645155582064417,S12_1108,Mini Creations Ltd.,5085559555,4575 Hillside Dr.,,New Bedford,MA,50553,USA,EMEA,Tam,Wing C,Medium,-1.1722518631534757,1.3513688704980182
10196,1.2225396970479543,0.8101579745265006,5,2.8963879432182917,26/11/2003,Shipped,4,11,2003,Classic Cars,2.645155582064417,S12_1108,Super Scale Inc.,2035559545,567 North Pendale Street,,New Haven,CT,97823,USA,EMEA,Murphy,Leslie,Large,0.9904502847386123,1.9059376584796794
10208,1.1198673115905147,0.8101579745265006,13,2.7417455365807233,02/01/2004,Shipped,1,1,2004,Classic Cars,2.645155582064417,S12_1108,"Saveley & Henriot, Co.",78.32.5555,"2, rue du Commerce",,Lyon,CA,69004,France,EMEA,Saveley,Mary,Large,0.9072694328966089,1.8344761036841144
10220,-0.3175460848136394,0.8101579745265006,2,1.9698476217441103,12/02/2004,Shipped,1,2,2004,Classic Cars,2.645155582064417,S12_1108,"Clover Collections, Co.",+353 1862 1555,25 Maiden Lane,Floor No. 4,Dublin,CA,2,Ireland,EMEA,Cassidy,Dean,Large,-0.2572624928914385,2.2271101146355488
10231,0.7091777697607564,0.8101579745265006,2,2.6199235072771483,19/03/2004,Shipped,1,3,2004,Classic Cars,2.645155582064417,S12_1108,CAF Imports,+34 913 728 555,"Merchants House, 27-30 Merchant's Quay",,Madrid,CA,28023,Spain,EMEA,Fernandez,Jesus,Large,0.5745460255285955,2.045377481748553
10247,0.9145225406756355,0.8101579745265006,2,3.829574879824307,05/05/2004,Shipped,2,5,2004,Classic Cars,2.645155582064417,S12_1108,Suominen Souveniers,+358 9 8045 555,"Software Engineering Center, SEC Oy",,Espoo,CA,FIN-02271,Finland,EMEA,Suominen,Kalle,Large,0.7409077292126022,3.088667150611705
10272,-0.009528928441320661,0.8101579745265006,2,1.229684036017335,20/07/2004,Shipped,3,7,2004,Classic Cars,2.645155582064417,S12_1108,Diecast Classics Inc.,2155551555,7586 Pompton St.,,Allentown,PA,70267,USA,EMEA,Yu,Kyung,Medium,-0.007719937365428311,1.2374039733827633
10282,0.6065053843033168,0.8101579745265006,5,1.9100226553164792,20/08/2004,Shipped,3,8,2004,Classic Cars,2.645155582064417,S12_1108,Mini Gifts Distributors Ltd.,4155551450,5677 Strong St.,,San Rafael,CA,97562,USA,EMEA,Nelson,Valarie,Large,0.491365173686592,1.4186574816298871
10293,1.1198673115905147,0.8101579745265006,8,2.63783244249348,09/09/2004,Shipped,3,9,2004,Classic Cars,2.645155582064417,S12_1108,Amica Models & Co.,011-4988555,Via Monte Bianco 34,,Torino,CA,10100,Italy,EMEA,Accorti,Paolo,Large,0.9072694328966089,1.7305630095968711
10306,-0.42021847027107895,0.8101579745265006,13,1.6382336569803273,14/10/2004,Shipped,4,10,2004,Classic Cars,2.645155582064417,S12_1108,"AV Stores, Co.",(171) 555-1555,Fauntleroy Circus,,Manchester,CA,EC2 5NT,UK,EMEA,Ashworth,Victoria,Medium,-0.34044334473344184,1.9786770017137691
10314,0.29848822793099805,0.8101579745265006,5,2.4010087667340296,22/10/2004,Shipped,4,10,2004,Classic Cars,2.645155582064417,S12_1108,Heintze Collectables,86 21 3555,Smagsloget 45,,Aaarhus,CA,8200,Denmark,EMEA,Ibsen,Palle,Large,0.24182261816058184,2.159186148573448
10325,0.7091777697607564,-0.9746087723921573,8,-0.470198644431586,05/11/2004,Shipped,4,11,2004,Classic Cars,2.645155582064417,S12_1108,Baane Mini Imports,07-98 9555,Erling Skakkes gate 78,,Stavern,CA,4110,Norway,EMEA,Bergulfsen,Jonas,Small,-0.6911708755943388,0.22097223116275277
10336,-0.21487369935619982,-1.3107398430618378,10,-0.9044767478248329,20/11/2004,Shipped,4,11,2004,Classic Cars,2.645155582064417,S12_1108,"La Corne D'abondance, Co.",(1) 42.34.2555,"265, boulevard Charonne",,Paris,CA,75012,France,EMEA,Bertrand,Marie,Small,0.28164351897226186,-1.1861202667970947
10348,1.325212082505394,-1.5516833538958568,8,-0.5650758172938513,01/11/2004,Shipped,4,11,2004,Classic Cars,2.645155582064417,S12_1108,"Corrida Auto Replicas, Ltd",(91) 555 22 82,"C/ Araquil, 67",,Madrid,CA,28023,Spain,EMEA,Sommer,Mart¡n,Small,-2.0563095288052824,1.4912337115114311
10359,0.7091777697607564,0.8101579745265006,8,0.657380063816106,15/12/2004,Shipped,4,12,2004,Classic Cars,2.645155582064417,S12_1108,Reims Collectables,26.47.1555,59 rue de l'Abbaye,,Reims,CA,51100,France,EMEA,Henriot,Paul,Medium,0.5745460255285955,0.08283403828751057
10371,-0.3175460848136394,0.8101579745265006,6,0.003665916732145906,23/01/2005,Shipped,1,1,2005,Classic Cars,2.645155582064417,S12_1108,Mini Gifts Distributors Ltd.,4155551450,5677 Strong St.,,San Rafael,CA,97562,USA,EMEA,Nelson,Valarie,Medium,-0.2572624928914385,0.2609284096235844
10382,-0.11220131389876024,0.8101579745265006,10,0.1464812582086557,17/02/2005,Shipped,1,2,2005,Classic Cars,2.645155582064417,S12_1108,Mini Gifts Distributors Ltd.,4155551450,5677 Strong St.,,San Rafael,CA,97562,USA,EMEA,Nelson,Valarie,Medium,-0.0909007892074317,0.23738204741608743
10395,-0.21487369935619982,-0.720775279497059,1,-0.6912311790118085,17/03/2005,Shipped,1,3,2005,Classic Cars,2.645155582064417,S12_1108,Lyon Souveniers,+33 1 46 62 7555,27 rue du Colonel Pierre Avia,,Paris,CA,75508,France,EMEA,Da Cunha,Daniel,Small,0.15487565071003195,-0.8461068297218405
10413,0.09314345701611891,0.8101579745265006,2,2.7824071820931224,05/05/2005,Shipped,2,5,2005,Classic Cars,2.645155582064417,S12_1108,Gift Depot Inc.,2035552570,25593 South Bay Ln.,,Bridgewater,CT,97562,USA,EMEA,King,Julie,Large,0.07546091447657508,2.7069462676165474
10103,-0.8309080121008373,0.8101579745265006,8,-0.08629145767469285,29/01/2003,Shipped,1,1,2003,Trucks and Buses,0.8781421779632532,S12_1666,Baane Mini Imports,07-98 9555,Erling Skakkes gate 78,,Stavern,CA,4110,Norway,EMEA,Bergulfsen,Jonas,Medium,-0.6731667521014554,0.5868752944267626
10113,-1.4469423248454747,0.8101579745265006,2,-0.07518118434157728,26/03/2003,Shipped,1,3,2003,Trucks and Buses,0.8781421779632532,S12_1666,Mini Gifts Distributors Ltd.,4155551450,5677 Strong St.,,San Rafael,CA,97562,USA,EMEA,Nelson,Valarie,Medium,-1.1722518631534757,1.0970706788118985
10126,-1.4469423248454747,0.8101579745265006,8,-0.6051021245951195,28/05/2003,Shipped,2,5,2003,Trucks and Buses,0.8781421779632532,S12_1666,"Corrida Auto Replicas, Ltd",(91) 555 22 82,"C/ Araquil, 67",,Madrid,CA,28023,Spain,EMEA,Sommer,Mart¡n,Small,-1.1722518631534757,0.5671497385583563
10140,0.29848822793099805,0.8101579745265006,8,0.6928503988170402,24/07/2003,Shipped,3,7,2003,Trucks and Buses,0.8781421779632532,S12_1666,Technics Stores Inc.,6505556809,9408 Furth Circle,,Burlingame,CA,94217,USA,EMEA,Hirano,Juri,Medium,0.24182261816058184,0.45102778065645843
10150,-0.5228908557285186,0.8101579745265006,5,0.29660570423373545,19/09/2003,Shipped,3,9,2003,Trucks and Buses,0.8781421779632532,S12_1666,"Dragon Souveniers, Ltd.",+65 221 7555,"Bronz Sok., Bronz Apt. 3/6 Tesvikiye",,Singapore,CA,79903,Singapore,Japan,Natividad,Eric,Medium,-0.42362419657544526,0.7202299008091807
10164,1.4278844679628335,0.8101579745265006,6,1.634052371317327,21/10/2003,Resolved,4,10,2003,Trucks and Buses,0.8781421779632532,S12_1666,Mini Auto Werke,7675-3555,Kirchgasse 6,,Graz,CA,8010,Austria,EMEA,Mendel,Roland,Medium,1.1568119884226191,0.4772403828947078
10174,0.8118501552181959,0.8101579745265006,1,1.7720673796430673,06/11/2003,Shipped,4,11,2003,Trucks and Buses,0.8781421779632532,S12_1666,"Australian Gift Network, Co",61-7-3844-6555,31 Duncan St. West End,,South Brisbane,Queensland,4101,Australia,APAC,Calaghan,Tony,Medium,0.6577268773705988,1.1143405022724684
10183,0.6065053843033168,0.8101579745265006,5,1.4173205877047614,13/11/2003,Shipped,4,11,2003,Trucks and Buses,0.8781421779632532,S12_1666,"Classic Gift Ideas, Inc",2155554695,782 First Street,,Philadelphia,PA,71270,USA,EMEA,Cervantes,Francisca,Medium,0.491365173686592,0.9259554140181694
10194,0.29848822793099805,0.8101579745265006,8,0.7493900693665999,25/11/2003,Shipped,4,11,2003,Trucks and Buses,0.8781421779632532,S12_1666,"Saveley & Henriot, Co.",78.32.5555,"2, rue du Commerce",,Lyon,CA,69004,France,EMEA,Saveley,Mary,Medium,0.24182261816058184,0.5075674512060181
10206,-0.7282356266433977,0.8101579745265006,3,0.2728538295714443,05/12/2003,Shipped,4,12,2003,Trucks and Buses,0.8781421779632532,S12_1666,Canadian Gift Exchange Network,(604) 555-3392,1900 Oak St.,,Vancouver,BC,V3F 2K1,Canada,EMEA,Tannamuri,Yoshi,Medium,-0.589985900259452,0.8628397298308963
10216,0.8118501552181959,0.8101579745265006,1,1.1976564738869757,02/02/2004,Shipped,1,2,2004,Trucks and Buses,0.8781421779632532,S12_1666,Auto Assoc. & Cie.,30.59.8555,"67, avenue de l'Europe",,Versailles,CA,78000,France,EMEA,Tonini,Daniel,Medium,0.6577268773705988,0.539929596516377
10229,-1.0362527830157164,0.8101579745265006,13,-0.055871246916084194,11/03/2004,Shipped,1,3,2004,Trucks and Buses,0.8781421779632532,S12_1666,Mini Gifts Distributors Ltd.,4155551450,5677 Strong St.,,San Rafael,CA,97562,USA,EMEA,Nelson,Valarie,Medium,-0.8395284557854622,0.7836572088693781
10245,0.29848822793099805,0.8101579745265006,6,1.2850724954492894,04/05/2004,Shipped,2,5,2004,Trucks and Buses,0.8781421779632532,S12_1666,Super Scale Inc.,2035559545,567 North Pendale Street,,New Haven,CT,97823,USA,EMEA,Murphy,Leslie,Medium,0.24182261816058184,1.0432498772887075
10258,0.6065053843033168,0.8101579745265006,3,1.691167647425689,15/06/2004,Shipped,2,6,2004,Trucks and Buses,0.8781421779632532,S12_1666,"Tokyo Collectables, Ltd",+81 3 3584 0555,2-2-8 Roppongi,,Minato-ku,Tokyo,106-0032,Japan,Japan,Shimamura,Akiko,Medium,0.491365173686592,1.1998024737390969
10270,-0.7282356266433977,0.8101579745265006,6,0.29368423451075554,19/07/2004,Shipped,3,7,2004,Trucks and Buses,0.8781421779632532,S12_1666,Souveniers And Things Co.,+61 2 9495 8555,"Monitor Money Building, 815 Pacific Hwy",Level 6,Chatswood,NSW,2067,Australia,APAC,Huxley,Adrian,Medium,-0.589985900259452,0.8836701347702075
10281,-1.0362527830157164,0.8101579745265006,13,-0.334171104356051,19/08/2004,Shipped,3,8,2004,Trucks and Buses,0.8781421779632532,S12_1666,Diecast Classics Inc.,2155551555,7586 Pompton St.,,Allentown,PA,70267,USA,EMEA,Yu,Kyung,Small,-0.8395284557854622,0.5053573514294112
10291,0.6065053843033168,0.8101579745265006,8,1.5388819654345394,08/09/2004,Shipped,3,9,2004,Trucks and Buses,0.8781421779632532,S12_1666,Scandinavian Gift Ideas,0695-34 6555,?kergatan 24,,Boras,CA,S-844 67,Sweden,EMEA,Larsson,Maria,Medium,0.491365173686592,1.0475167917479473
10304,0.40116061338843767,0.8101579745265006,3,1.5433347631535788,11/10/2004,Shipped,4,10,2004,Trucks and Buses,0.8781421779632532,S12_1666,Auto Assoc. & Cie.,30.59.8555,"67, avenue de l'Europe",,Versailles,CA,78000,France,EMEA,Tonini,Daniel,Medium,0.3250034700025852,1.2183312931509935
10313,-1.4469423248454747,0.8101579745265006,11,-0.48046180014985995,22/10/2004,Shipped,4,10,2004,Trucks and Buses,0.8781421779632532,S12_1666,Canadian Gift Exchange Network,(604) 555-3392,1900 Oak St.,,Vancouver,BC,V3F 2K1,Canada,EMEA,Tannamuri,Yoshi,Small,-1.1722518631534757,0.6917900630036158
10322,-0.8309080121008373,0.8101579745265006,9,0.6680504876184387,04/11/2004,Shipped,4,11,2004,Trucks and Buses,0.8781421779632532,S12_1666,Online Diecast Creations Co.,6035558647,2304 Long Airport Avenue,,Nashua,NH,62005,USA,EMEA,Young,Valarie,Medium,-0.6731667521014554,1.341217239719894
10333,-0.21487369935619982,0.770992259802452,6,-0.15202452644173292,18/11/2004,Shipped,4,11,2004,Trucks and Buses,0.8781421779632532,S12_1666,Mini Wheels Co.,6505555787,5557 North Pendale Street,,San Francisco,CA,,USA,EMEA,Murphy,Julie,Medium,-0.16566595903874917,0.013641432597016251
10347,-0.6255632411859581,0.8101579745265006,3,0.017670508582637093,29/11/2004,Shipped,4,11,2004,Trucks and Buses,0.8781421779632532,S12_1666,"Australian Collectors, Co.",03 9520 4555,636 St Kilda Road,Level 3,Melbourne,Victoria,3004,Australia,APAC,Ferguson,Peter,Medium,-0.5068050484174486,0.5244755570000856
10357,1.4278844679628335,0.8101579745265006,8,1.3067717389679256,10/12/2004,Shipped,4,12,2004,Trucks and Buses,0.8781421779632532,S12_1666,Mini Gifts Distributors Ltd.,4155551450,5677 Strong St.,,San Rafael,CA,97562,USA,EMEA,Nelson,Valarie,Medium,1.1568119884226191,0.14995975054530652
10370,1.4278844679628335,0.8101579745265006,8,2.669642794979008,20/01/2005,Shipped,1,1,2005,Trucks and Buses,0.8781421779632532,S12_1666,"Anna's Decorations, Ltd",02 9936 8555,201 Miller Street,Level 15,North Sydney,NSW,2060,Australia,APAC,O'Hara,Anna,Large,1.1568119884226191,1.512830806556389
10381,-1.5496147103029143,0.8101579745265006,1,-0.3268402788429982,17/02/2005,Shipped,1,2,2005,Trucks and Buses,0.8781421779632532,S12_1666,Corporate Gift Ideas Co.,6505551386,7734 Strong St.,,San Francisco,CA,,USA,EMEA,Brown,Julie,Small,-1.2554327149954791,0.9285924361524809
10391,0.40116061338843767,-1.0142702556570162,9,-0.5914016262473919,09/03/2005,Shipped,1,3,2005,Trucks and Buses,0.8781421779632532,S12_1666,"Anna's Decorations, Ltd",02 9936 8555,201 Miller Street,Level 15,North Sydney,NSW,2060,Australia,APAC,O'Hara,Anna,Small,-0.40688527790101614,-0.18451634834637576
10411,0.5038329988458772,0.8101579745265006,6,1.4542788087727894,01/05/2005,Shipped,2,5,2005,Trucks and Buses,0.8781421779632532,S12_1666,Quebec Home Shopping Network,(514) 555-8054,43 rue St. Laurent,,Montreal,Quebec,H1J 1C3,Canada,EMEA,Fresnisre,Jean,Medium,0.4081843218445886,1.0460944869282007
10424,1.4278844679628335,0.8101579745265006,3,2.3977071801325955,31/05/2005,In Process,2,5,2005,Trucks and Buses,0.8781421779632532,S12_1666,Euro Shopping Channel,(91) 555 94 44,"C/ Moralzarzal, 86",,Madrid,CA,28034,Spain,EMEA,Freyre,Diego,Large,1.1568119884226191,1.2408951917099764
10107,-1.4469423248454747,0.8101579745265006,1,-0.2809004389612008,24/02/2003,Shipped,1,2,2003,Motorcycles,1.226567356236722,S12_2823,Land of Toys Inc.,2125557818,897 Long Airport Avenue,,NYC,NY,10022,USA,EMEA,Yu,Kwai,Medium,-1.1722518631534757,0.8913514241922749
10121,1.530556853420273,0.8101579745265006,4,2.5685642867568124,07/05/2003,Shipped,2,5,2003,Motorcycles,1.226567356236722,S12_2823,Reims Collectables,26.47.1555,59 rue de l'Abbaye,,Reims,CA,51100,France,EMEA,Henriot,Paul,Large,1.2399928402646223,1.32857144649219
10134,-1.5496147103029143,0.8101579745265006,1,-0.45760048503137685,01/07/2003,Shipped,3,7,2003,Motorcycles,1.226567356236722,S12_2823,Lyon Souveniers,+33 1 46 62 7555,27 rue du Colonel Pierre Avia,,Paris,CA,75508,France,EMEA,Da Cunha,Daniel,Small,-1.2554327149954791,0.7978322299641023
10145,1.4278844679628335,0.8101579745265006,5,2.598865032210764,25/08/2003,Shipped,3,8,2003,Motorcycles,1.226567356236722,S12_2823,Toys4GrownUps.com,6265557265,78934 Hillside Dr.,,Pasadena,CA,90003,USA,EMEA,Young,Julie,Large,1.1568119884226191,1.4420530437881447
10159,0.29848822793099805,0.8101579745265006,13,1.4579930936994028,10/10/2003,Shipped,4,10,2003,Motorcycles,1.226567356236722,S12_2823,Corporate Gift Ideas Co.,6505551386,7734 Strong St.,,San Francisco,CA,,USA,EMEA,Brown,Julie,Medium,0.24182261816058184,1.216170475538821
10169,-0.009528928441320661,0.8101579745265006,13,0.5893771542605803,04/11/2003,Shipped,4,11,2003,Motorcycles,1.226567356236722,S12_2823,"Anna's Decorations, Ltd",02 9936 8555,201 Miller Street,Level 15,North Sydney,NSW,2060,Australia,APAC,O'Hara,Anna,Medium,-0.007719937365428311,0.5970970916260087
10180,0.5038329988458772,0.8101579745265006,8,1.734262040960198,11/11/2003,Shipped,4,11,2003,Motorcycles,1.226567356236722,S12_2823,Daedalus Designs Imports,20.16.1555,"184, chausse de Tournai",,Lille,CA,59000,France,EMEA,Rance,Martine,Medium,0.4081843218445886,1.3260777191156095
10189,-0.7282356266433977,0.8101579745265006,1,0.5205379875724541,18/11/2003,Shipped,4,11,2003,Motorcycles,1.226567356236722,S12_2823,Toys4GrownUps.com,6265557265,78934 Hillside Dr.,,Pasadena,CA,90003,USA,EMEA,Young,Julie,Medium,-0.589985900259452,1.110523887831906
10201,-1.0362527830157164,0.8101579745265006,1,0.2579966898649906,01/12/2003,Shipped,4,12,2003,Motorcycles,1.226567356236722,S12_2823,Mini Wheels Co.,6505555787,5557 North Pendale Street,,San Francisco,CA,,USA,EMEA,Murphy,Julie,Medium,-0.8395284557854622,1.0975251456504527
10211,0.09314345701611891,0.8101579745265006,13,0.6613550003165172,15/01/2004,Shipped,1,1,2004,Motorcycles,1.226567356236722,S12_2823,Auto Canal Petit,(1) 47.55.6555,"25, rue Lauriston",,Paris,CA,75016,France,EMEA,Perrier,Dominique,Medium,0.07546091447657508,0.5858940858399421
10224,0.8118501552181959,0.8101579745265006,6,1.3760507551868348,21/02/2004,Shipped,1,2,2004,Motorcycles,1.226567356236722,S12_2823,Daedalus Designs Imports,20.16.1555,"184, chausse de Tournai",,Lille,CA,59000,France,EMEA,Rance,Martine,Medium,0.6577268773705988,0.7183238778162361
10237,-0.3175460848136394,0.8101579745265006,6,0.3472046909971616,05/04/2004,Shipped,2,4,2004,Motorcycles,1.226567356236722,S12_2823,Vitachrome Inc.,2125551500,2678 Kingston Rd.,Suite 101,NYC,NY,10022,USA,EMEA,Frick,Michael,Medium,-0.2572624928914385,0.6044671838886001
10251,1.1198673115905147,0.8101579745265006,1,2.17122268346711,18/05/2004,Shipped,2,5,2004,Motorcycles,1.226567356236722,S12_2823,Tekni Collectables Inc.,2015559350,7476 Moss Rd.,,Newark,NJ,94019,USA,EMEA,Brown,William,Large,0.9072694328966089,1.263953250570501
10263,1.325212082505394,0.8101579745265006,1,1.5641868890573731,28/06/2004,Shipped,2,6,2004,Motorcycles,1.226567356236722,S12_2823,Gift Depot Inc.,2035552570,25593 South Bay Ln.,,Bridgewater,CT,97562,USA,EMEA,King,Julie,Medium,1.0736311365806157,0.4905557524767574
10276,0.8118501552181959,0.8101579745265006,14,0.8838319790348671,02/08/2004,Shipped,3,8,2004,Motorcycles,1.226567356236722,S12_2823,Online Mini Collectables,6175557555,7635 Spinnaker Dr.,,Brickhaven,MA,58339,USA,EMEA,Barajas,Miguel,Medium,0.6577268773705988,0.22610510166426834
10285,1.4278844679628335,0.8101579745265006,5,1.797426605677109,27/08/2004,Shipped,3,8,2004,Motorcycles,1.226567356236722,S12_2823,Marta's Replicas Co.,6175558555,39323 Spinnaker Dr.,,Cambridge,MA,51247,USA,EMEA,Hernandez,Marta,Medium,1.1568119884226191,0.64061461725449
10299,-1.138925168473156,0.8101579745265006,8,0.3275254971754556,30/09/2004,Shipped,3,9,2004,Motorcycles,1.226567356236722,S12_2823,"Toys of Finland, Co.",90-224 8555,Keskuskatu 45,,Helsinki,CA,21240,Finland,EMEA,Karttunen,Matti,Medium,-0.9227093076274656,1.2502348048029213
10309,-0.9335803975582768,0.8101579745265006,4,0.6007752303730971,15/10/2004,Shipped,4,10,2004,Motorcycles,1.226567356236722,S12_2823,Baane Mini Imports,07-98 9555,Erling Skakkes gate 78,,Stavern,CA,4110,Norway,EMEA,Bergulfsen,Jonas,Medium,-0.7563476039434588,1.3571228343165558
10319,-0.5228908557285186,0.8101579745265006,9,0.30295908634504776,03/11/2004,Shipped,4,11,2004,Motorcycles,1.226567356236722,S12_2823,Microscale Inc.,2125551957,5290 North Pendale Street,Suite 200,NYC,NY,10022,USA,EMEA,Kuo,Kee,Medium,-0.42362419657544526,0.726583282920493
10329,-1.138925168473156,0.8101579745265006,6,-0.006108517285257806,15/11/2004,Shipped,4,11,2004,Motorcycles,1.226567356236722,S12_2823,Land of Toys Inc.,2125557818,897 Long Airport Avenue,,NYC,NY,10022,USA,EMEA,Yu,Kwai,Medium,-0.9227093076274656,0.9166007903422078
10341,2.043918780707471,0.8101579745265006,8,2.4787209474135103,24/11/2004,Shipped,4,11,2004,Motorcycles,1.226567356236722,S12_2823,Salzburg Collectables,6562-9555,Geislweg 14,,Salzburg,CA,5020,Austria,EMEA,Pipps,Georg,Large,1.6558970994746394,0.822823847938871
10362,-1.344269939388035,0.8101579745265006,1,0.17548960627586163,05/01/2005,Shipped,1,1,2005,Motorcycles,1.226567356236722,S12_2823,Technics Stores Inc.,6505556809,9408 Furth Circle,,Burlingame,CA,94217,USA,EMEA,Hirano,Juri,Medium,-1.0890710113114723,1.264560617587334
10375,1.4278844679628335,-0.23492210950253561,13,0.17007022563732335,03/02/2005,Shipped,1,2,2005,Motorcycles,1.226567356236722,S12_2823,La Rochelle Gifts,40.67.8555,"67, rue des Cinquante Otages",,Nantes,CA,44000,France,EMEA,Labrune,Janine,Medium,-0.3354416313397346,0.5055118569770579
10388,0.9145225406756355,0.8101579745265006,6,1.30192796388819,03/03/2005,Shipped,1,3,2005,Motorcycles,1.226567356236722,S12_2823,FunGiftIdeas.com,5085552555,1785 First Street,,New Bedford,MA,50553,USA,EMEA,Benitez,Violeta,Medium,0.7409077292126022,0.5610202346755878
10403,3.1733150207393064,0.8101579745265006,6,2.7665725989849284,08/04/2005,Shipped,2,4,2005,Motorcycles,1.226567356236722,S12_2823,"UK Collectables, Ltd.",(171) 555-2282,Berkeley Gardens 12  Brewery,,Liverpool,CA,WX1 6LT,UK,EMEA,Devon,Elizabeth,Large,2.570886469736677,0.19568612924825146
10417,-1.4469423248454747,0.8101579745265006,1,-0.05761978455697519,13/05/2005,Disputed,2,5,2005,Motorcycles,1.226567356236722,S12_2823,Euro Shopping Channel,(91) 555 94 44,"C/ Moralzarzal, 86",,Madrid,CA,28034,Spain,EMEA,Freyre,Diego,Medium,-1.1722518631534757,1.1146320785965005
10104,-0.11220131389876024,0.8101579745265006,1,1.3057617141194606,31/01/2003,Shipped,1,1,2003,Classic Cars,1.2514548689705414,S12_3148,Euro Shopping Channel,(91) 555 94 44,"C/ Moralzarzal, 86",,Madrid,CA,28034,Spain,EMEA,Freyre,Diego,Medium,-0.0909007892074317,1.3966625033268922
10117,0.8118501552181959,0.8101579745265006,10,1.2803156042274866,16/04/2003,Shipped,2,4,2003,Classic Cars,1.2514548689705414,S12_3148,"Dragon Souveniers, Ltd.",+65 221 7555,"Bronz Sok., Bronz Apt. 3/6 Tesvikiye",,Singapore,CA,79903,Singapore,Japan,Natividad,Eric,Medium,0.6577268773705988,0.6225887268568878
10127,1.1198673115905147,0.8101579745265006,3,2.0703070824785375,03/06/2003,Shipped,2,6,2003,Classic Cars,1.2514548689705414,S12_3148,Muscle Machine Inc,2125557413,4092 Furth Circle,Suite 400,NYC,NY,10022,USA,EMEA,Young,Jeff,Large,0.9072694328966089,1.1630376495819286
10142,-0.21487369935619982,0.8101579745265006,13,0.7774752764432734,08/08/2003,Shipped,3,8,2003,Classic Cars,1.2514548689705414,S12_3148,Mini Gifts Distributors Ltd.,4155551450,5677 Strong St.,,San Rafael,CA,97562,USA,EMEA,Nelson,Valarie,Medium,-0.17408164104943508,0.9515569174927085
10153,0.7091777697607564,0.8101579745265006,12,0.9990291141710909,28/09/2003,Shipped,3,9,2003,Classic Cars,1.2514548689705414,S12_3148,Euro Shopping Channel,(91) 555 94 44,"C/ Moralzarzal, 86",,Madrid,CA,28034,Spain,EMEA,Freyre,Diego,Medium,0.5745460255285955,0.4244830886424954
10165,-0.11220131389876024,0.8101579745265006,4,0.7201210697255968,22/10/2003,Shipped,4,10,2003,Classic Cars,1.2514548689705414,S12_3148,"Dragon Souveniers, Ltd.",+65 221 7555,"Bronz Sok., Bronz Apt. 3/6 Tesvikiye",,Singapore,CA,79903,Singapore,Japan,Natividad,Eric,Medium,-0.0909007892074317,0.8110218589330285
10176,1.2225396970479543,0.8101579745265006,3,2.619983239929477,06/11/2003,Shipped,4,11,2003,Classic Cars,1.2514548689705414,S12_3148,L'ordine Souveniers,0522-556555,Strada Provinciale 124,,Reggio Emilia,CA,42100,Italy,EMEA,Moroni,Maurizio,Large,0.9904502847386123,1.6295329551908648
10185,-0.21487369935619982,0.8101579745265006,14,0.2629979419372288,14/11/2003,Shipped,4,11,2003,Classic Cars,1.2514548689705414,S12_3148,Mini Creations Ltd.,5085559555,4575 Hillside Dr.,,New Bedford,MA,50553,USA,EMEA,Tam,Wing C,Medium,-0.17408164104943508,0.4370795829866639
10196,-1.138925168473156,0.8101579745265006,6,0.1375104998771274,26/11/2003,Shipped,4,11,2003,Classic Cars,1.2514548689705414,S12_3148,Super Scale Inc.,2035559545,567 North Pendale Street,,New Haven,CT,97823,USA,EMEA,Murphy,Leslie,Medium,-0.9227093076274656,1.060219807504593
10208,-0.9335803975582768,0.8101579745265006,14,-0.22347020886783311,02/01/2004,Shipped,1,1,2004,Classic Cars,1.2514548689705414,S12_3148,"Saveley & Henriot, Co.",78.32.5555,"2, rue du Commerce",,Lyon,CA,69004,France,EMEA,Saveley,Mary,Medium,-0.7563476039434588,0.5328773950756257
10220,-0.5228908557285186,0.8101579745265006,3,0.6297509969935786,12/02/2004,Shipped,1,2,2004,Classic Cars,1.2514548689705414,S12_3148,"Clover Collections, Co.",+353 1862 1555,25 Maiden Lane,Floor No. 4,Dublin,CA,2,Ireland,EMEA,Cassidy,Dean,Medium,-0.42362419657544526,1.0533751935690239
10230,0.8118501552181959,0.8101579745265006,1,1.8801780501166732,15/03/2004,Shipped,1,3,2004,Classic Cars,1.2514548689705414,S12_3148,"Blauer See Auto, Co.",+49 69 66 90 2555,Lyonerstr. 34,,Frankfurt,CA,60528,Germany,EMEA,Keitel,Roland,Large,0.6577268773705988,1.2224511727460743
10247,-1.0362527830157164,0.8101579745265006,3,0.44927693334446045,05/05/2004,Shipped,2,5,2004,Classic Cars,1.2514548689705414,S12_3148,Suominen Souveniers,+358 9 8045 555,"Software Engineering Center, SEC Oy",,Espoo,CA,FIN-02271,Finland,EMEA,Suominen,Kalle,Medium,-0.8395284557854622,1.2888053891299227
10272,-0.8309080121008373,0.8101579745265006,3,0.3959302445739194,20/07/2004,Shipped,3,7,2004,Classic Cars,1.2514548689705414,S12_3148,Diecast Classics Inc.,2155551555,7586 Pompton St.,,Allentown,PA,70267,USA,EMEA,Yu,Kyung,Medium,-0.6731667521014554,1.0690969966753747
10282,-0.8309080121008373,0.8101579745265006,6,0.440355047183019,20/08/2004,Shipped,3,8,2004,Classic Cars,1.2514548689705414,S12_3148,Mini Gifts Distributors Ltd.,4155551450,5677 Strong St.,,San Rafael,CA,97562,USA,EMEA,Nelson,Valarie,Medium,-0.6731667521014554,1.1135217992844744
10293,-1.138925168473156,0.8101579745265006,9,0.37379115152449977,09/09/2004,Shipped,3,9,2004,Classic Cars,1.2514548689705414,S12_3148,Amica Models & Co.,011-4988555,Via Monte Bianco 34,,Torino,CA,10100,Italy,EMEA,Accorti,Paolo,Medium,-0.9227093076274656,1.2965004591519653
10306,-0.11220131389876024,0.8101579745265006,14,0.7758787855537638,14/10/2004,Shipped,4,10,2004,Classic Cars,1.2514548689705414,S12_3148,"AV Stores, Co.",(171) 555-1555,Fauntleroy Circus,,Manchester,CA,EC2 5NT,UK,EMEA,Ashworth,Victoria,Medium,-0.0909007892074317,0.8667795747611955
10314,1.1198673115905147,0.8101579745265006,6,1.5419989238378669,22/10/2004,Shipped,4,10,2004,Classic Cars,1.2514548689705414,S12_3148,Heintze Collectables,86 21 3555,Smagsloget 45,,Aaarhus,CA,8200,Denmark,EMEA,Ibsen,Palle,Medium,0.9072694328966089,0.634729490941258
10324,-0.8309080121008373,-1.4540169513561412,1,-1.1332799574488917,05/11/2004,Shipped,4,11,2004,Classic Cars,1.2514548689705414,S12_3148,Vitachrome Inc.,2125551500,2678 Kingston Rd.,Suite 101,NYC,NY,10022,USA,EMEA,Frick,Michael,Small,1.2081543346122512,-2.341434292061143
10336,-0.21487369935619982,0.8101579745265006,11,0.27446661118431576,20/11/2004,Shipped,4,11,2004,Classic Cars,1.2514548689705414,S12_3148,"La Corne D'abondance, Co.",(1) 42.34.2555,"265, boulevard Charonne",,Paris,CA,75012,France,EMEA,Bertrand,Marie,Medium,-0.17408164104943508,0.44854825223375083
10348,1.2225396970479543,0.8101579745265006,4,0.677493676927475,01/11/2004,Shipped,4,11,2004,Classic Cars,1.2514548689705414,S12_3148,"Corrida Auto Replicas, Ltd",(91) 555 22 82,"C/ Araquil, 67",,Madrid,CA,28023,Spain,EMEA,Sommer,Mart¡n,Medium,0.9904502847386123,-0.3129566078111373
10358,1.4278844679628335,-1.4039443287342566,5,-0.457350693939821,10/12/2004,Shipped,4,12,2004,Classic Cars,1.2514548689705414,S12_3148,Euro Shopping Channel,(91) 555 94 44,"C/ Moralzarzal, 86",,Madrid,CA,28034,Spain,EMEA,Freyre,Diego,Small,-2.0046703008841513,1.5473196069443302
10372,0.5038329988458772,0.8101579745265006,4,1.2533598873039353,26/01/2005,Shipped,1,1,2005,Classic Cars,1.2514548689705414,S12_3148,"Tokyo Collectables, Ltd",+81 3 3584 0555,2-2-8 Roppongi,,Minato-ku,Tokyo,106-0032,Japan,Japan,Shimamura,Akiko,Medium,0.4081843218445886,0.8451755654593467
10382,0.1958158424735585,0.8101579745265006,11,0.28126527306753213,17/02/2005,Shipped,1,2,2005,Classic Cars,1.2514548689705414,S12_3148,Mini Gifts Distributors Ltd.,4155551450,5677 Strong St.,,San Rafael,CA,97562,USA,EMEA,Nelson,Valarie,Medium,0.15864176631857846,0.12262350674895367
10413,1.2225396970479543,0.8101579745265006,3,2.542906397461128,05/05/2005,Shipped,2,5,2005,Classic Cars,1.2514548689705414,S12_3148,Gift Depot Inc.,2035552570,25593 South Bay Ln.,,Bridgewater,CT,97562,USA,EMEA,King,Julie,Large,0.9904502847386123,1.5524561127225156
10108,1.017194926133075,0.8101579745265006,4,1.3990804077800625,03/03/2003,Shipped,1,3,2003,Classic Cars,0.4052794360206883,S12_3380,Cruz & Sons Co.,+63 2 555 3587,15 McCallum Street - NatWest Center #13-03,,Makati City,CA,1227 MM,Philippines,Japan,Cruz,Arnold,Medium,0.8240885810546055,0.574991826725457
10122,0.1958158424735585,0.801234140791907,8,0.07572521640489453,08/05/2003,Shipped,2,5,2003,Classic Cars,0.4052794360206883,S12_3380,Marseille Mini Autos,91.24.4555,"12, rue des Bouchers",,Marseille,CA,13008,France,EMEA,Lebihan,Laurence,Medium,0.15689433829774505,-0.08116912189285051
10135,1.325212082505394,0.8101579745265006,5,1.3455002186413276,02/07/2003,Shipped,3,7,2003,Classic Cars,0.4052794360206883,S12_3380,Mini Gifts Distributors Ltd.,4155551450,5677 Strong St.,,San Rafael,CA,97562,USA,EMEA,Nelson,Valarie,Medium,1.0736311365806157,0.2718690820607119
10147,-0.42021847027107895,0.8101579745265006,5,-0.03201076743137755,05/09/2003,Shipped,3,9,2003,Classic Cars,0.4052794360206883,S12_3380,Collectables For Less Inc.,6175558555,7825 Douglas Av.,,Brickhaven,MA,58339,USA,EMEA,Nelson,Allen,Medium,-0.34044334473344184,0.3084325773020643
10160,1.1198673115905147,0.8101579745265006,6,0.9449982150193315,11/10/2003,Shipped,4,10,2003,Classic Cars,0.4052794360206883,S12_3380,"Men 'R' US Retailers, Ltd.",2155554369,6047 Douglas Av.,,Los Angeles,CA,,USA,EMEA,Chandler,Michael,Medium,0.9072694328966089,0.03772878212272257
10170,1.2225396970479543,0.8101579745265006,4,1.0376109773342312,04/11/2003,Shipped,4,11,2003,Classic Cars,0.4052794360206883,S12_3380,Mini Auto Werke,7675-3555,Kirchgasse 6,,Graz,CA,8010,Austria,EMEA,Mendel,Roland,Medium,0.9904502847386123,0.04716069259561895
10181,-0.7282356266433977,0.8101579745265006,12,-0.37638579882899337,12/11/2003,Shipped,4,11,2003,Classic Cars,0.4052794360206883,S12_3380,Herkku Gifts,+47 2267 3215,"Drammen 121, PR 744 Sentrum",,Bergen,CA,N 5804,Norway,EMEA,Oeztan,Veysel,Small,-0.589985900259452,0.2136001014304586
10191,0.5038329988458772,0.8101579745265006,1,1.1056573288187237,20/11/2003,Shipped,4,11,2003,Classic Cars,0.4052794360206883,S12_3380,"Toms Spezialitten, Ltd",0221-5554327,Mehrheimerstr. 369,,Koln,CA,50739,Germany,EMEA,Pfalzheim,Henriette,Medium,0.4081843218445886,0.6974730069741351
10203,-1.5496147103029143,0.8101579745265006,6,-0.7054366897837686,02/12/2003,Shipped,4,12,2003,Classic Cars,0.4052794360206883,S12_3380,Euro Shopping Channel,(91) 555 94 44,"C/ Moralzarzal, 86",,Madrid,CA,28034,Spain,EMEA,Freyre,Diego,Small,-1.2554327149954791,0.5499960252117105
10212,0.40116061338843767,0.8101579745265006,16,0.7563624989656813,16/01/2004,Shipped,1,1,2004,Classic Cars,0.4052794360206883,S12_3380,Euro Shopping Channel,(91) 555 94 44,"C/ Moralzarzal, 86",,Madrid,CA,28034,Spain,EMEA,Freyre,Diego,Medium,0.3250034700025852,0.4313590289630961
10225,-1.0362527830157164,0.801234140791907,7,-0.5747307860065979,22/02/2004,Shipped,1,2,2004,Classic Cars,0.4052794360206883,S12_3380,"Vida Sport, Ltd",0897-034555,Grenzacherweg 237,,Gensve,CA,1203,Switzerland,EMEA,Holz,Michael,Small,-0.83028110824282,0.2555503222362221
10238,-0.6255632411859581,0.8101579745265006,1,-0.20988374558364195,09/04/2004,Shipped,2,4,2004,Classic Cars,0.4052794360206883,S12_3380,Danish Wholesale Imports,31 12 3555,Vinb'ltet 34,,Kobenhavn,CA,1734,Denmark,EMEA,Petersen,Jytte,Medium,-0.5068050484174486,0.2969213028338066
10253,-1.344269939388035,0.8101579745265006,11,-0.6250474002317439,01/06/2004,Cancelled,2,6,2004,Classic Cars,0.4052794360206883,S12_3380,"UK Collectables, Ltd.",(171) 555-2282,Berkeley Gardens 12  Brewery,,Liverpool,CA,WX1 6LT,UK,EMEA,Devon,Elizabeth,Small,-1.0890710113114723,0.46402361107972845
10266,-1.344269939388035,0.8101579745265006,12,-0.5969730536373121,06/07/2004,Shipped,3,7,2004,Classic Cars,0.4052794360206883,S12_3380,L'ordine Souveniers,0522-556555,Strada Provinciale 124,,Reggio Emilia,CA,42100,Italy,EMEA,Moroni,Maurizio,Small,-1.0890710113114723,0.4920979576741602
10276,1.2225396970479543,0.8101579745265006,1,1.0376109773342312,02/08/2004,Shipped,3,8,2004,Classic Cars,0.4052794360206883,S12_3380,Online Mini Collectables,6175557555,7635 Spinnaker Dr.,,Brickhaven,MA,58339,USA,EMEA,Barajas,Miguel,Medium,0.9904502847386123,0.04716069259561895
10287,1.017194926133075,0.8101579745265006,10,0.653046731401724,30/08/2004,Shipped,3,8,2004,Classic Cars,0.4052794360206883,S12_3380,"Vida Sport, Ltd",0897-034555,Grenzacherweg 237,,Gensve,CA,1203,Switzerland,EMEA,Holz,Michael,Medium,0.8240885810546055,-0.1710418496528815
10300,-0.6255632411859581,0.8101579745265006,3,0.23388641928872803,04/10/2003,Shipped,4,10,2003,Classic Cars,0.4052794360206883,S12_3380,"Blauer See Auto, Co.",+49 69 66 90 2555,Lyonerstr. 34,,Frankfurt,CA,60528,Germany,EMEA,Keitel,Roland,Medium,-0.5068050484174486,0.7406914677061766
10310,-1.138925168473156,0.8101579745265006,8,-0.24629894253959153,16/10/2004,Shipped,4,10,2004,Classic Cars,0.4052794360206883,S12_3380,"Toms Spezialitten, Ltd",0221-5554327,Mehrheimerstr. 369,,Koln,CA,50739,Germany,EMEA,Pfalzheim,Henriette,Medium,-0.9227093076274656,0.6764103650878741
10320,-0.009528928441320661,0.8101579745265006,1,0.703982393114639,03/11/2004,Shipped,4,11,2004,Classic Cars,0.4052794360206883,S12_3380,"Volvo Model Replicas, Co",0921-12 3555,Berguvsvgen  8,,Lule,CA,S-958 22,Sweden,EMEA,Berglund,Christina,Medium,-0.007719937365428311,0.7117023304800673
10329,1.1198673115905147,-0.0014151267806781851,13,0.15915544098455592,15/11/2004,Shipped,4,11,2004,Classic Cars,0.4052794360206883,S12_3380,Land of Toys Inc.,2125557818,897 Long Airport Avenue,,NYC,NY,10022,USA,EMEA,Yu,Kwai,Medium,-0.001584754223437819,0.16074019520799374
10341,0.9145225406756355,0.6083801784165305,1,0.3622138774549973,24/11/2004,Shipped,4,11,2004,Classic Cars,0.4052794360206883,S12_3380,Salzburg Collectables,6562-9555,Geislweg 14,,Salzburg,CA,5020,Austria,EMEA,Pipps,Georg,Medium,0.5563773864621819,-0.19416350900718465
10363,-0.11220131389876024,0.6480416616813894,4,-0.14393889741289154,06/01/2005,Shipped,1,1,2005,Classic Cars,0.4052794360206883,S12_3380,Suominen Souveniers,+358 9 8045 555,"Software Engineering Center, SEC Oy",,Espoo,CA,FIN-02271,Finland,EMEA,Suominen,Kalle,Medium,-0.07271112590178777,-0.07122777151110377
10376,-0.009528928441320661,0.8101579745265006,1,0.23529828198013072,08/02/2005,Shipped,1,2,2005,Classic Cars,0.4052794360206883,S12_3380,Boards & Toys Co.,3105552373,4097 Douglas Av.,,Glendale,CA,92561,USA,EMEA,Young,Leslie,Medium,-0.007719937365428311,0.24301821934555903
10389,-1.0362527830157164,-0.5591547351927588,6,-0.947245326892095,03/03/2005,Shipped,1,3,2005,Classic Cars,0.4052794360206883,S12_3380,Scandinavian Gift Ideas,0695-34 6555,?kergatan 24,,Boras,CA,S-844 67,Sweden,EMEA,Larsson,Maria,Small,0.5794256504799123,-1.5266709773720073
10419,-2.57633856487731,0.8101579745265006,11,-1.336756522485633,17/05/2005,Shipped,2,5,2005,Classic Cars,0.4052794360206883,S12_3380,Salzburg Collectables,6562-9555,Geislweg 14,,Salzburg,CA,5020,Austria,EMEA,Pipps,Georg,Small,-2.087241233415513,0.7504847109298798
10105,-0.6255632411859581,0.8101579745265006,14,0.5496277892564719,11/02/2003,Shipped,1,2,2003,Classic Cars,1.7989801491145638,S12_3891,Danish Wholesale Imports,31 12 3555,Vinb'ltet 34,,Kobenhavn,CA,1734,Denmark,EMEA,Petersen,Jytte,Medium,-0.5068050484174486,1.0564328376739205
10117,0.40116061338843767,0.8101579745265006,8,1.294705743197553,16/04/2003,Shipped,2,4,2003,Classic Cars,1.7989801491145638,S12_3891,"Dragon Souveniers, Ltd.",+65 221 7555,"Bronz Sok., Bronz Apt. 3/6 Tesvikiye",,Singapore,CA,79903,Singapore,Japan,Natividad,Eric,Medium,0.3250034700025852,0.9697022731949678
10127,0.7091777697607564,0.8101579745265006,1,2.489695464718606,03/06/2003,Shipped,2,6,2003,Classic Cars,1.7989801491145638,S12_3891,Muscle Machine Inc,2125557413,4092 Furth Circle,Suite 400,NYC,NY,10022,USA,EMEA,Young,Jeff,Large,0.5745460255285955,1.9151494391900106
10142,1.1198673115905147,0.8101579745265006,11,3.213101326346655,08/08/2003,Shipped,3,8,2003,Classic Cars,1.7989801491145638,S12_3891,Mini Gifts Distributors Ltd.,4155551450,5677 Strong St.,,San Rafael,CA,97562,USA,EMEA,Nelson,Valarie,Large,0.9072694328966089,2.305831893450046
10153,1.4278844679628335,0.8101579745265006,10,1.891353486343238,28/09/2003,Shipped,3,9,2003,Classic Cars,1.7989801491145638,S12_3891,Euro Shopping Channel,(91) 555 94 44,"C/ Moralzarzal, 86",,Madrid,CA,28034,Spain,EMEA,Freyre,Diego,Large,1.1568119884226191,0.7345414979206188
10165,-0.8309080121008373,0.8101579745265006,2,1.0888398720676682,22/10/2003,Shipped,4,10,2003,Classic Cars,1.7989801491145638,S12_3891,"Dragon Souveniers, Ltd.",+65 221 7555,"Bronz Sok., Bronz Apt. 3/6 Tesvikiye",,Singapore,CA,79903,Singapore,Japan,Natividad,Eric,Medium,-0.6731667521014554,1.7620066241691235
10176,1.530556853420273,0.8101579745265006,1,2.345109864636722,06/11/2003,Shipped,4,11,2003,Classic Cars,1.7989801491145638,S12_3891,L'ordine Souveniers,0522-556555,Strada Provinciale 124,,Reggio Emilia,CA,42100,Italy,EMEA,Moroni,Maurizio,Large,1.2399928402646223,1.1051170243720998
10185,0.8118501552181959,0.8101579745265006,12,2.3525492949721905,14/11/2003,Shipped,4,11,2003,Classic Cars,1.7989801491145638,S12_3891,Mini Creations Ltd.,5085559555,4575 Hillside Dr.,,New Bedford,MA,50553,USA,EMEA,Tam,Wing C,Large,0.6577268773705988,1.6948224176015918
10196,0.29848822793099805,0.8101579745265006,4,1.9973898047087058,26/11/2003,Shipped,4,11,2003,Classic Cars,1.7989801491145638,S12_3891,Super Scale Inc.,2035559545,567 North Pendale Street,,New Haven,CT,97823,USA,EMEA,Murphy,Leslie,Large,0.24182261816058184,1.755567186548124
10208,-1.5496147103029143,0.8101579745265006,12,-0.23865316304153356,02/01/2004,Shipped,1,1,2004,Classic Cars,1.7989801491145638,S12_3891,"Saveley & Henriot, Co.",78.32.5555,"2, rue du Commerce",,Lyon,CA,69004,France,EMEA,Saveley,Mary,Medium,-1.2554327149954791,1.0167795519539455
10220,-0.8309080121008373,0.8101579745265006,1,0.8098286530408796,12/02/2004,Shipped,1,2,2004,Classic Cars,1.7989801491145638,S12_3891,"Clover Collections, Co.",+353 1862 1555,25 Maiden Lane,Floor No. 4,Dublin,CA,2,Ireland,EMEA,Cassidy,Dean,Medium,-0.6731667521014554,1.482995405142335
10231,1.4278844679628335,0.8101579745265006,1,1.8453213323623872,19/03/2004,Shipped,1,3,2004,Classic Cars,1.7989801491145638,S12_3891,CAF Imports,+34 913 728 555,"Merchants House, 27-30 Merchant's Quay",,Madrid,CA,28023,Spain,EMEA,Fernandez,Jesus,Medium,1.1568119884226191,0.688509343939768
10247,-0.8309080121008373,0.8101579745265006,1,0.3279001838127892,05/05/2004,Shipped,2,5,2004,Classic Cars,1.7989801491145638,S12_3891,Suominen Souveniers,+358 9 8045 555,"Software Engineering Center, SEC Oy",,Espoo,CA,FIN-02271,Finland,EMEA,Suominen,Kalle,Medium,-0.6731667521014554,1.0010669359142446
10272,0.40116061338843767,0.8101579745265006,1,2.3938408484546003,20/07/2004,Shipped,3,7,2004,Classic Cars,1.7989801491145638,S12_3891,Diecast Classics Inc.,2155551555,7586 Pompton St.,,Allentown,PA,70267,USA,EMEA,Yu,Kyung,Large,0.3250034700025852,2.068837378452015
10282,-1.138925168473156,0.8101579745265006,4,0.12213205702307907,20/08/2004,Shipped,3,8,2004,Classic Cars,1.7989801491145638,S12_3891,Mini Gifts Distributors Ltd.,4155551450,5677 Strong St.,,San Rafael,CA,97562,USA,EMEA,Nelson,Valarie,Medium,-0.9227093076274656,1.0448413646505448
10293,1.017194926133075,0.8101579745265006,7,2.551730539282395,09/09/2004,Shipped,3,9,2004,Classic Cars,1.7989801491145638,S12_3891,Amica Models & Co.,011-4988555,Via Monte Bianco 34,,Torino,CA,10100,Italy,EMEA,Accorti,Paolo,Large,0.8240885810546055,1.7276419582277893
10306,-1.5496147103029143,0.8101579745265006,12,0.04317635112694014,14/10/2004,Shipped,4,10,2004,Classic Cars,1.7989801491145638,S12_3891,"AV Stores, Co.",(171) 555-1555,Fauntleroy Circus,,Manchester,CA,EC2 5NT,UK,EMEA,Ashworth,Victoria,Medium,-1.2554327149954791,1.2986090661224192
10314,0.09314345701611891,0.8101579745265006,4,1.8245126483875589,22/10/2004,Shipped,4,10,2004,Classic Cars,1.7989801491145638,S12_3891,Heintze Collectables,86 21 3555,Smagsloget 45,,Aaarhus,CA,8200,Denmark,EMEA,Ibsen,Palle,Medium,0.07546091447657508,1.749051733910984
10325,-1.138925168473156,0.8101579745265006,1,-0.5268903617325276,05/11/2004,Shipped,4,11,2004,Classic Cars,1.7989801491145638,S12_3891,Baane Mini Imports,07-98 9555,Erling Skakkes gate 78,,Stavern,CA,4110,Norway,EMEA,Bergulfsen,Jonas,Small,-0.9227093076274656,0.39581894589493805
10336,1.4278844679628335,-1.0053464219224229,1,-0.24342091474557837,20/11/2004,Shipped,4,11,2004,Classic Cars,1.7989801491145638,S12_3891,"La Corne D'abondance, Co.",(1) 42.34.2555,"265, boulevard Charonne",,Paris,CA,75012,France,EMEA,Bertrand,Marie,Medium,-1.435518540785037,1.1920976260394587
10349,-0.9335803975582768,0.8101579745265006,10,0.4641069218453104,01/12/2004,Shipped,4,12,2004,Classic Cars,1.7989801491145638,S12_3891,Muscle Machine Inc,2125557413,4092 Furth Circle,Suite 400,NYC,NY,10022,USA,EMEA,Young,Jeff,Medium,-0.7563476039434588,1.2204545257887691
10359,1.4278844679628335,-1.069300563687008,5,-0.27774546887002777,15/12/2004,Shipped,4,12,2004,Classic Cars,1.7989801491145638,S12_3891,Reims Collectables,26.47.1555,59 rue de l'Abbaye,,Reims,CA,51100,France,EMEA,Henriot,Paul,Medium,-1.5268376664725816,1.2490921976025537
10372,-0.11220131389876024,0.8101579745265006,1,1.296530304214135,26/01/2005,Shipped,1,1,2005,Classic Cars,1.7989801491145638,S12_3891,"Tokyo Collectables, Ltd",+81 3 3584 0555,2-2-8 Roppongi,,Minato-ku,Tokyo,106-0032,Japan,Japan,Shimamura,Akiko,Medium,-0.0909007892074317,1.3874310934215666
10382,-0.11220131389876024,0.579625603049507,12,-0.1694175887515906,17/02/2005,Shipped,1,2,2005,Classic Cars,1.7989801491145638,S12_3891,Mini Gifts Distributors Ltd.,4155551450,5677 Strong St.,,San Rafael,CA,97562,USA,EMEA,Nelson,Valarie,Medium,-0.06503475423151595,-0.10438283452007466
10396,-0.21487369935619982,0.8101579745265006,3,1.3876443199797,23/03/2005,Shipped,1,3,2005,Classic Cars,1.7989801491145638,S12_3891,Mini Gifts Distributors Ltd.,4155551450,5677 Strong St.,,San Rafael,CA,97562,USA,EMEA,Nelson,Valarie,Medium,-0.17408164104943508,1.561725961029135
10413,-1.344269939388035,0.8101579745265006,1,-0.09020123128165423,05/05/2005,Shipped,2,5,2005,Classic Cars,1.7989801491145638,S12_3891,Gift Depot Inc.,2035552570,25593 South Bay Ln.,,Bridgewater,CT,97562,USA,EMEA,King,Julie,Medium,-1.0890710113114723,0.9988697800298181
10108,0.40116061338843767,0.28365178418549636,7,-0.0369631473335287,03/03/2003,Shipped,1,3,2003,Classic Cars,-0.5404460478644416,S12_3990,Cruz & Sons Co.,+63 2 555 3587,15 McCallum Street - NatWest Center #13-03,,Makati City,CA,1227 MM,Philippines,Japan,Cruz,Arnold,Medium,0.11378992373257846,-0.15075307106610716
10122,-0.3175460848136394,-0.982541069045129,11,-0.8205143596153349,08/05/2003,Shipped,2,5,2003,Classic Cars,-0.5404460478644416,S12_3990,Marseille Mini Autos,91.24.4555,"12, rue des Bouchers",,Marseille,CA,13008,France,EMEA,Lebihan,Laurence,Small,0.31200206964388844,-1.1325164292592234
10135,-1.138925168473156,-0.42876760895953414,8,-0.9522737301699371,02/07/2003,Shipped,3,7,2003,Classic Cars,-0.5404460478644416,S12_3990,Mini Gifts Distributors Ltd.,4155551450,5677 Strong St.,,San Rafael,CA,97562,USA,EMEA,Nelson,Valarie,Small,0.4883342212700697,-1.4406079514400068
10147,-1.4469423248454747,-0.982541069045129,8,-1.2018476120809782,05/09/2003,Shipped,3,9,2003,Classic Cars,-0.5404460478644416,S12_3990,Collectables For Less Inc.,6175558555,7825 Douglas Av.,,Brickhaven,MA,58339,USA,EMEA,Nelson,Allen,Small,1.421680258700317,-2.6235278707812952
10159,-1.138925168473156,-0.5075948069484417,3,-0.9729955302868329,10/10/2003,Shipped,4,10,2003,Classic Cars,-0.5404460478644416,S12_3990,Corporate Gift Ideas Co.,6505551386,7734 Strong St.,,San Francisco,CA,,USA,EMEA,Brown,Julie,Small,0.5781125010198531,-1.551108031306686
10169,0.09314345701611891,-0.982541069045129,3,-0.6818477223551012,04/11/2003,Shipped,4,11,2003,Classic Cars,-0.5404460478644416,S12_3990,"Anna's Decorations, Ltd",02 9936 8555,201 Miller Street,Level 15,North Sydney,NSW,2060,Australia,APAC,O'Hara,Anna,Small,-0.09151727183117649,-0.5903304505239246
10181,-1.5496147103029143,-0.11197151138147232,15,-1.045804203234249,12/11/2003,Shipped,4,11,2003,Classic Cars,-0.5404460478644416,S12_3990,Herkku Gifts,+47 2267 3215,"Drammen 121, PR 744 Sentrum",,Bergen,CA,N 5804,Norway,EMEA,Oeztan,Veysel,Small,0.17351270117157971,-1.2193169044058287
10191,-0.5228908557285186,-0.94287958578027,4,-0.8768150995555803,20/11/2003,Shipped,4,11,2003,Classic Cars,-0.5404460478644416,S12_3990,"Toms Spezialitten, Ltd",0221-5554327,Mehrheimerstr. 369,,Koln,CA,50739,Germany,EMEA,Pfalzheim,Henriette,Small,0.4930231134575965,-1.3698382130131768
10203,0.9145225406756355,-0.03314431339256547,9,0.05303766900227625,02/12/2003,Shipped,4,12,2003,Classic Cars,-0.5404460478644416,S12_3990,Euro Shopping Channel,(91) 555 94 44,"C/ Moralzarzal, 86",,Madrid,CA,28034,Spain,EMEA,Freyre,Diego,Medium,-0.030311221692718465,0.08334889069499471
10211,-0.7282356266433977,0.44180194870412176,3,-0.5223506801555555,15/01/2004,Shipped,1,1,2004,Classic Cars,-0.5404460478644416,S12_3990,Auto Canal Petit,(1) 47.55.6555,"25, rue Lauriston",,Paris,CA,75016,France,EMEA,Perrier,Dominique,Small,-0.32173591896682036,-0.20061476118873517
10225,0.1958158424735585,-0.30978315916495736,10,-0.3745340866068075,22/02/2004,Shipped,1,2,2004,Classic Cars,-0.5404460478644416,S12_3990,"Vida Sport, Ltd",0897-034555,Grenzacherweg 237,,Gensve,CA,1203,Switzerland,EMEA,Holz,Michael,Small,-0.060660450296006585,-0.3138736363108009
10238,-1.5496147103029143,-0.4684290922243938,4,-1.1238910705510632,09/04/2004,Shipped,2,4,2004,Classic Cars,-0.5404460478644416,S12_3990,Danish Wholesale Imports,31 12 3555,Vinb'ltet 34,,Kobenhavn,CA,1734,Denmark,EMEA,Petersen,Jytte,Small,0.7258846120447611,-1.8497756825958243
10253,-1.0362527830157164,0.322817498909545,14,-0.7057353530454116,01/06/2004,Cancelled,2,6,2004,Classic Cars,-0.5404460478644416,S12_3990,"UK Collectables, Ltd.",(171) 555-2282,Berkeley Gardens 12  Brewery,,Liverpool,CA,WX1 6LT,UK,EMEA,Devon,Elizabeth,Small,-0.334520531651189,-0.37121482139422257
10266,-0.009528928441320661,-0.34944464242981627,15,-0.4738097547769046,06/07/2004,Shipped,3,7,2004,Classic Cars,-0.5404460478644416,S12_3990,L'ordine Souveniers,0522-556555,Strada Provinciale 124,,Reggio Emilia,CA,42100,Italy,EMEA,Moroni,Maurizio,Small,0.003329832991916605,-0.4771395877688212
10276,0.29848822793099805,0.006517169872294163,4,-0.20084782435866438,02/08/2004,Shipped,3,8,2004,Classic Cars,-0.5404460478644416,S12_3990,Online Mini Collectables,6175557555,7635 Spinnaker Dr.,,Brickhaven,MA,58339,USA,EMEA,Barajas,Miguel,Medium,0.0019452984863063735,-0.20279312284497075
10287,0.6065053843033168,-0.705406454731926,13,-0.38405872953265535,30/08/2004,Shipped,3,8,2004,Classic Cars,-0.5404460478644416,S12_3990,"Vida Sport, Ltd",0897-034555,Grenzacherweg 237,,Gensve,CA,1203,Switzerland,EMEA,Holz,Michael,Small,-0.427832812917227,0.04377408338457167
10300,-1.344269939388035,-0.34944464242981627,6,-1.0146237587187312,04/10/2003,Shipped,4,10,2003,Classic Cars,-0.5404460478644416,S12_3990,"Blauer See Auto, Co.",+49 69 66 90 2555,Lyonerstr. 34,,Frankfurt,CA,60528,Germany,EMEA,Keitel,Roland,Small,0.4697479282986027,-1.484371687017334
10310,1.4278844679628335,-0.11197151138147232,11,0.23605851573703995,16/10/2004,Shipped,4,10,2004,Classic Cars,-0.5404460478644416,S12_3990,"Toms Spezialitten, Ltd",0221-5554327,Mehrheimerstr. 369,,Koln,CA,50739,Germany,EMEA,Pfalzheim,Henriette,Medium,-0.15988238195592797,0.3959408976929679
10320,0.29848822793099805,-0.5075948069484417,4,-0.41483190596411473,03/11/2004,Shipped,4,11,2004,Classic Cars,-0.5404460478644416,S12_3990,"Volvo Model Replicas, Co",0921-12 3555,Berguvsvgen  8,,Lule,CA,S-958 22,Sweden,EMEA,Berglund,Christina,Small,-0.15151107443301742,-0.2633208315310973
10329,-0.21487369935619982,0.8101579745265006,14,0.029144608070844954,15/11/2004,Shipped,4,11,2004,Classic Cars,-0.5404460478644416,S12_3990,Land of Toys Inc.,2125557818,897 Long Airport Avenue,,NYC,NY,10022,USA,EMEA,Yu,Kwai,Medium,-0.17408164104943508,0.20322624912028003
10341,0.09314345701611891,0.4908830342443853,10,-0.10085536436062446,24/11/2004,Shipped,4,11,2004,Classic Cars,-0.5404460478644416,S12_3990,Salzburg Collectables,6562-9555,Geislweg 14,,Salzburg,CA,5020,Austria,EMEA,Pipps,Georg,Medium,0.04572254280008393,-0.1465779071607084
10363,-0.11220131389876024,-0.10106460348363613,5,-0.42291210475183516,06/01/2005,Shipped,1,1,2005,Classic Cars,-0.5404460478644416,S12_3990,Suominen Souveniers,+358 9 8045 555,"Software Engineering Center, SEC Oy",,Espoo,CA,FIN-02271,Finland,EMEA,Suominen,Kalle,Small,0.011339581299521196,-0.43425168605135633
10377,-1.138925168473156,-0.7847294212616446,5,-1.0458476451632153,09/02/2005,Shipped,1,2,2005,Classic Cars,-0.5404460478644416,S12_3990,"Toys of Finland, Co.",90-224 8555,Keskuskatu 45,,Helsinki,CA,21240,Finland,EMEA,Karttunen,Matti,Small,0.8937480883162608,-1.939595733479476
10389,0.09314345701611891,-0.6642576658446349,7,-0.5563439895716373,03/03/2005,Shipped,1,3,2005,Classic Cars,-0.5404460478644416,S12_3990,Scandinavian Gift Ideas,0695-34 6555,?kergatan 24,,Boras,CA,S-844 67,Sweden,EMEA,Larsson,Maria,Small,-0.06187125534622723,-0.4944727342254101
10419,-0.11220131389876024,0.322817498909545,14,-0.2650549953707651,17/05/2005,Shipped,2,5,2005,Classic Cars,-0.5404460478644416,S12_3990,Salzburg Collectables,6562-9555,Geislweg 14,,Salzburg,CA,5020,Austria,EMEA,Pipps,Georg,Medium,-0.03622054752716255,-0.22883444784360255
10104,0.6065053843033168,0.8101579745265006,9,0.5766323783501098,31/01/2003,Shipped,1,1,2003,Trucks and Buses,0.4301669487545075,S12_4473,Euro Shopping Channel,(91) 555 94 44,"C/ Moralzarzal, 86",,Madrid,CA,28034,Spain,EMEA,Freyre,Diego,Medium,0.491365173686592,0.08526720466351784
10115,1.1198673115905147,0.8101579745265006,5,1.1783030945325161,04/04/2003,Shipped,2,4,2003,Trucks and Buses,0.4301669487545075,S12_4473,Classic Legends Inc.,2125558493,5905 Pompton St.,Suite 750,NYC,NY,10022,USA,EMEA,Hernandez,Maria,Medium,0.9072694328966089,0.27103366163590725
10127,-1.138925168473156,0.8101579745265006,11,-0.5399229404223992,03/06/2003,Shipped,2,6,2003,Trucks and Buses,0.4301669487545075,S12_4473,Muscle Machine Inc,2125557413,4092 Furth Circle,Suite 400,NYC,NY,10022,USA,EMEA,Young,Jeff,Small,-0.9227093076274656,0.3827863672050664
10141,-1.4469423248454747,0.8101579745265006,5,-0.7677161251979926,01/08/2003,Shipped,3,8,2003,Trucks and Buses,0.4301669487545075,S12_4473,Suominen Souveniers,+358 9 8045 555,"Software Engineering Center, SEC Oy",,Espoo,CA,FIN-02271,Finland,EMEA,Suominen,Kalle,Small,-1.1722518631534757,0.40453573795548314
10151,-1.138925168473156,0.8101579745265006,3,-0.12288042234650746,21/09/2003,Shipped,3,9,2003,Trucks and Buses,0.4301669487545075,S12_4473,"Oulu Toy Supplies, Inc.",981-443655,Torikatu 38,,Oulu,CA,90110,Finland,EMEA,Koskitalo,Pirkko,Medium,-0.9227093076274656,0.7998288852809582
10165,1.325212082505394,0.8101579745265006,12,1.7766179217022808,22/10/2003,Shipped,4,10,2003,Trucks and Buses,0.4301669487545075,S12_4473,"Dragon Souveniers, Ltd.",+65 221 7555,"Bronz Sok., Bronz Apt. 3/6 Tesvikiye",,Singapore,CA,79903,Singapore,Japan,Natividad,Eric,Medium,1.0736311365806157,0.7029867851216651
10175,-0.9335803975582768,0.8101579745265006,1,-0.005760981853527719,06/11/2003,Shipped,4,11,2003,Trucks and Buses,0.4301669487545075,S12_4473,"Stylish Desk Decors, Co.",(171) 555-0297,35 King George,,London,CA,WX3 6FW,UK,EMEA,Brown,Ann,Medium,-0.7563476039434588,0.7505866220899311
10184,0.1958158424735585,0.8101579745265006,6,0.5225688977516261,14/11/2003,Shipped,4,11,2003,Trucks and Buses,0.4301669487545075,S12_4473,"Iberia Gift Imports, Corp.",(95) 555 82 82,"C/ Romero, 33",,Sevilla,CA,41101,Spain,EMEA,Roel,Jose Pedro,Medium,0.15864176631857846,0.3639271314330476
10195,1.4278844679628335,0.8101579745265006,6,1.5701927357369558,25/11/2003,Shipped,4,11,2003,Trucks and Buses,0.4301669487545075,S12_4473,Mini Classics,9145554562,3758 North Pendale Street,,White Plains,NY,24067,USA,EMEA,Frick,Steve,Medium,1.1568119884226191,0.4133807473143367
10207,-0.11220131389876024,0.7873526216492069,7,-0.09205837374496098,09/12/2003,Shipped,4,12,2003,Trucks and Buses,0.4301669487545075,S12_4473,Diecast Collectables,6175552555,6251 Ingle Ln.,,Boston,MA,51003,USA,EMEA,Franco,Valarie,Medium,-0.08834199865067448,-0.003716375094286503
10219,1.325212082505394,0.8101579745265006,2,0.726452730872426,10/02/2004,Shipped,1,2,2004,Trucks and Buses,0.4301669487545075,S12_4473,Signal Collectibles Ltd.,4155554312,2793 Furth Circle,,Brisbane,CA,94217,USA,EMEA,Taylor,Sue,Medium,1.0736311365806157,-0.3471784057081897
10229,0.09314345701611891,0.8101579745265006,1,0.5256858561549536,11/03/2004,Shipped,1,3,2004,Trucks and Buses,0.4301669487545075,S12_4473,Mini Gifts Distributors Ltd.,4155551450,5677 Strong St.,,San Rafael,CA,97562,USA,EMEA,Nelson,Valarie,Medium,0.07546091447657508,0.45022494167837845
10246,1.1198673115905147,0.8101579745265006,5,0.8231001623400653,05/05/2004,Shipped,2,5,2004,Trucks and Buses,0.4301669487545075,S12_4473,Euro Shopping Channel,(91) 555 94 44,"C/ Moralzarzal, 86",,Madrid,CA,28034,Spain,EMEA,Freyre,Diego,Medium,0.9072694328966089,-0.08416927055654355
10259,1.1198673115905147,0.8101579745265006,4,1.6221818642273018,15/06/2004,Shipped,2,6,2004,Trucks and Buses,0.4301669487545075,S12_4473,Handji Gifts& Co,+65 224 1555,Village Close - 106 Linden Road Sandown,2nd Floor,Singapore,CA,69045,Singapore,APAC,Victorino,Wendy,Medium,0.9072694328966089,0.7149124313306929
10271,-0.42021847027107895,0.6698554774770618,5,-0.2941122156080581,20/07/2004,Shipped,3,7,2004,Trucks and Buses,0.4301669487545075,S12_4473,Mini Gifts Distributors Ltd.,4155551450,5677 Strong St.,,San Rafael,CA,97562,USA,EMEA,Nelson,Valarie,Medium,-0.28148564404811405,-0.012626571559944066
10281,0.6065053843033168,0.8101579745265006,1,0.9194978027161492,19/08/2004,Shipped,3,8,2004,Trucks and Buses,0.4301669487545075,S12_4473,Diecast Classics Inc.,2155551555,7586 Pompton St.,,Allentown,PA,70267,USA,EMEA,Yu,Kyung,Medium,0.491365173686592,0.42813262902955723
10292,-1.4469423248454747,0.8101579745265006,8,-0.7271196425790426,08/09/2004,Shipped,3,9,2004,Trucks and Buses,0.4301669487545075,S12_4473,Land of Toys Inc.,2125557818,897 Long Airport Avenue,,NYC,NY,10022,USA,EMEA,Yu,Kwai,Small,-1.1722518631534757,0.44513222057443314
10305,0.29848822793099805,0.8101579745265006,5,0.6621043735911849,13/10/2004,Shipped,4,10,2004,Trucks and Buses,0.4301669487545075,S12_4473,Marta's Replicas Co.,6175558555,39323 Spinnaker Dr.,,Cambridge,MA,51247,USA,EMEA,Hernandez,Marta,Medium,0.24182261816058184,0.4202817554306031
10314,1.017194926133075,0.8101579745265006,14,1.4291367923835785,22/10/2004,Shipped,4,10,2004,Trucks and Buses,0.4301669487545075,S12_4473,Heintze Collectables,86 21 3555,Smagsloget 45,,Aaarhus,CA,8200,Denmark,EMEA,Ibsen,Palle,Medium,0.8240885810546055,0.605048211328973
10324,-0.9335803975582768,-1.253230692327792,7,-1.1056020184562765,05/11/2004,Shipped,4,11,2004,Trucks and Buses,0.4301669487545075,S12_4473,Vitachrome Inc.,2125551500,2678 Kingston Rd.,Suite 101,NYC,NY,10022,USA,EMEA,Frick,Michael,Small,1.1699916079756145,-2.275593626431891
10336,0.29848822793099805,0.8101579745265006,3,1.5306279989309541,20/11/2004,Shipped,4,11,2004,Trucks and Buses,0.4301669487545075,S12_4473,"La Corne D'abondance, Co.",(1) 42.34.2555,"265, boulevard Charonne",,Paris,CA,75012,France,EMEA,Bertrand,Marie,Medium,0.24182261816058184,1.2888053807703723
10349,1.325212082505394,0.8101579745265006,9,0.9117759998424002,01/12/2004,Shipped,4,12,2004,Trucks and Buses,0.4301669487545075,S12_4473,Muscle Machine Inc,2125557413,4092 Furth Circle,Suite 400,NYC,NY,10022,USA,EMEA,Young,Jeff,Medium,1.0736311365806157,-0.1618551367382155
10358,0.7091777697607564,-0.9666764757391856,9,-0.46654952239842207,10/12/2004,Shipped,4,12,2004,Trucks and Buses,0.4301669487545075,S12_4473,Euro Shopping Channel,(91) 555 94 44,"C/ Moralzarzal, 86",,Madrid,CA,28034,Spain,EMEA,Freyre,Diego,Small,-0.6855454671449036,0.21899594474648154
10371,1.4278844679628335,-2.377137974345736,4,-0.9796692966242714,23/01/2005,Shipped,1,1,2005,Trucks and Buses,0.4301669487545075,S12_4473,Mini Gifts Distributors Ltd.,4155551450,5677 Strong St.,,San Rafael,CA,97562,USA,EMEA,Nelson,Valarie,Small,-3.394278391772909,2.414609095148638
10382,-0.3175460848136394,-0.8467004888629869,13,-0.7729020054683374,17/02/2005,Shipped,1,2,2005,Trucks and Buses,0.4301669487545075,S12_4473,Mini Gifts Distributors Ltd.,4155551450,5677 Strong St.,,San Rafael,CA,97562,USA,EMEA,Nelson,Valarie,Small,0.26886642524823595,-1.0417684307165733
10412,1.9412463952500314,0.8101579745265006,5,1.3018736614769824,03/05/2005,Shipped,2,5,2005,Trucks and Buses,0.4301669487545075,S12_4473,Euro Shopping Channel,(91) 555 94 44,"C/ Moralzarzal, 86",,Madrid,CA,28034,Spain,EMEA,Freyre,Diego,Medium,1.5727162476326362,-0.2708425861556538
10425,-0.21487369935619982,0.8101579745265006,4,0.618347490639941,31/05/2005,In Process,2,5,2005,Trucks and Buses,0.4301669487545075,S12_4473,La Rochelle Gifts,40.67.8555,"67, rue des Cinquante Otages",,Nantes,CA,44000,France,EMEA,Labrune,Janine,Medium,-0.17408164104943508,0.7924291316893761
10108,0.09314345701611891,0.8101579745265006,3,0.09619722543023443,03/03/2003,Shipped,1,3,2003,Classic Cars,0.3555044105530499,S12_4675,Cruz & Sons Co.,+63 2 555 3587,15 McCallum Street - NatWest Center #13-03,,Makati City,CA,1227 MM,Philippines,Japan,Cruz,Arnold,Medium,0.07546091447657508,0.020736310953659354
10122,-1.5496147103029143,0.8101579745265006,7,-0.7666898096261653,08/05/2003,Shipped,2,5,2003,Classic Cars,0.3555044105530499,S12_4675,Marseille Mini Autos,91.24.4555,"12, rue des Bouchers",,Marseille,CA,13008,France,EMEA,Lebihan,Laurence,Small,-1.2554327149954791,0.48874290536931386
10135,-0.6255632411859581,0.7055508124154349,4,-0.38830517808910525,02/07/2003,Shipped,3,7,2003,Classic Cars,0.3555044105530499,S12_4675,Mini Gifts Distributors Ltd.,4155551450,5677 Strong St.,,San Rafael,CA,97562,USA,EMEA,Nelson,Valarie,Small,-0.4413666530359854,0.05306147494688013
10147,-0.21487369935619982,0.7055508124154349,4,-0.17567865676384986,05/09/2003,Shipped,3,9,2003,Classic Cars,0.3555044105530499,S12_4675,Collectables For Less Inc.,6175558555,7825 Douglas Av.,,Brickhaven,MA,58339,USA,EMEA,Nelson,Allen,Medium,-0.15160431314747672,-0.024074343616373145
10160,1.530556853420273,0.8101579745265006,5,0.8841034910909061,11/10/2003,Shipped,4,10,2003,Classic Cars,0.3555044105530499,S12_4675,"Men 'R' US Retailers, Ltd.",2155554369,6047 Douglas Av.,,Los Angeles,CA,,USA,EMEA,Chandler,Michael,Medium,1.2399928402646223,-0.3558893491737162
10170,0.6065053843033168,0.8101579745265006,3,0.4546257208484288,04/11/2003,Shipped,4,11,2003,Classic Cars,0.3555044105530499,S12_4675,Mini Auto Werke,7675-3555,Kirchgasse 6,,Graz,CA,8010,Austria,EMEA,Mendel,Roland,Medium,0.491365173686592,-0.03673945283816321
10181,0.09314345701611891,0.8101579745265006,11,0.5014452597917922,12/11/2003,Shipped,4,11,2003,Classic Cars,0.3555044105530499,S12_4675,Herkku Gifts,+47 2267 3215,"Drammen 121, PR 744 Sentrum",,Bergen,CA,N 5804,Norway,EMEA,Oeztan,Veysel,Medium,0.07546091447657508,0.4259843453152171
10192,-0.8309080121008373,0.8101579745265006,16,-0.005065910990068038,20/11/2003,Shipped,4,11,2003,Classic Cars,0.3555044105530499,S12_4675,Online Diecast Creations Co.,6035558647,2304 Long Airport Avenue,,Nashua,NH,62005,USA,EMEA,Young,Valarie,Medium,-0.6731667521014554,0.6681008411113873
10203,1.2225396970479543,0.8101579745265006,5,0.8916243750431864,02/12/2003,Shipped,4,12,2003,Classic Cars,0.3555044105530499,S12_4675,Euro Shopping Channel,(91) 555 94 44,"C/ Moralzarzal, 86",,Madrid,CA,28034,Spain,EMEA,Freyre,Diego,Medium,0.9904502847386123,-0.09882590969542593
10212,-0.21487369935619982,0.8101579745265006,15,0.34023226139808027,16/01/2004,Shipped,1,1,2004,Classic Cars,0.3555044105530499,S12_4675,Euro Shopping Channel,(91) 555 94 44,"C/ Moralzarzal, 86",,Madrid,CA,28034,Spain,EMEA,Freyre,Diego,Medium,-0.17408164104943508,0.5143139024475154
10225,-1.4469423248454747,0.8101579745265006,6,-0.47213724051170447,22/02/2004,Shipped,1,2,2004,Classic Cars,0.3555044105530499,S12_4675,"Vida Sport, Ltd",0897-034555,Grenzacherweg 237,,Gensve,CA,1203,Switzerland,EMEA,Holz,Michael,Small,-1.1722518631534757,0.7001146226417713
10239,-1.4469423248454747,0.47700151510168454,5,-0.8661283850298857,12/04/2004,Shipped,2,4,2004,Classic Cars,0.3555044105530499,S12_4675,"Oulu Toy Supplies, Inc.",981-443655,Torikatu 38,,Oulu,CA,90110,Finland,EMEA,Koskitalo,Pirkko,Small,-0.6901936812160452,-0.17593470381384047
10253,0.6065053843033168,0.8101579745265006,10,0.7367104563495788,01/06/2004,Cancelled,2,6,2004,Classic Cars,0.3555044105530499,S12_4675,"UK Collectables, Ltd.",(171) 555-2282,Berkeley Gardens 12  Brewery,,Liverpool,CA,WX1 6LT,UK,EMEA,Devon,Elizabeth,Medium,0.491365173686592,0.24534528266298677
10266,0.5038329988458772,0.8101579745265006,11,0.49660148471205656,06/07/2004,Shipped,3,7,2004,Classic Cars,0.3555044105530499,S12_4675,L'ordine Souveniers,0522-556555,Strada Provinciale 124,,Reggio Emilia,CA,42100,Italy,EMEA,Moroni,Maurizio,Medium,0.4081843218445886,0.08841716286746798
10277,-0.7282356266433977,0.8101579745265006,1,-0.23133319801072233,04/08/2004,Shipped,3,8,2004,Classic Cars,0.3555044105530499,S12_4675,"Dragon Souveniers, Ltd.",+65 221 7555,"Bronz Sok., Bronz Apt. 3/6 Tesvikiye",,Singapore,CA,79903,Singapore,Japan,Natividad,Eric,Medium,-0.589985900259452,0.35865270224872964
10287,-1.2415975539305957,0.8101579745265006,9,-0.47718736475402956,30/08/2004,Shipped,3,8,2004,Classic Cars,0.3555044105530499,S12_4675,"Vida Sport, Ltd",0897-034555,Grenzacherweg 237,,Gensve,CA,1203,Switzerland,EMEA,Holz,Michael,Small,-1.005890159469469,0.5287027947154394
10300,-1.2415975539305957,0.8101579745265006,2,-0.40524753038593825,04/10/2003,Shipped,4,10,2003,Classic Cars,0.3555044105530499,S12_4675,"Blauer See Auto, Co.",+49 69 66 90 2555,Lyonerstr. 34,,Frankfurt,CA,60528,Germany,EMEA,Keitel,Roland,Small,-1.005890159469469,0.6006426290835307
10310,-1.0362527830157164,0.8101579745265006,7,-0.5697078129698766,16/10/2004,Shipped,4,10,2004,Classic Cars,0.3555044105530499,S12_4675,"Toms Spezialitten, Ltd",0221-5554327,Mehrheimerstr. 369,,Koln,CA,50739,Germany,EMEA,Pfalzheim,Henriette,Small,-0.8395284557854622,0.2698206428155856
10321,-1.138925168473156,0.8101579745265006,15,-0.30898564603787404,04/11/2004,Shipped,4,11,2004,Classic Cars,0.3555044105530499,S12_4675,FunGiftIdeas.com,5085552555,1785 First Street,,New Bedford,MA,50553,USA,EMEA,Benitez,Violeta,Small,-0.9227093076274656,0.6137236615895916
10329,0.40116061338843767,-0.9379219003721628,15,-0.5587875980759882,15/11/2004,Shipped,4,11,2004,Classic Cars,0.3555044105530499,S12_4675,Land of Toys Inc.,2125557818,897 Long Airport Avenue,,NYC,NY,10022,USA,EMEA,Yu,Kwai,Small,-0.37625732486374597,-0.18253027321224224
10341,2.043918780707471,-0.4193480066841302,7,0.31610026985733486,24/11/2004,Shipped,4,11,2004,Classic Cars,0.3555044105530499,S12_4675,Salzburg Collectables,6562-9555,Geislweg 14,,Salzburg,CA,5020,Austria,EMEA,Pipps,Georg,Medium,-0.8571132665139357,1.1732135363712706
10363,1.1198673115905147,0.23754530989009803,6,0.2795547471144864,06/01/2005,Shipped,1,1,2005,Classic Cars,0.3555044105530499,S12_4675,Suominen Souveniers,+358 9 8045 555,"Software Engineering Center, SEC Oy",,Espoo,CA,FIN-02271,Finland,EMEA,Suominen,Kalle,Medium,0.2660192275675598,0.013535519546926611
10377,1.530556853420273,0.8101579745265006,1,0.8841034910909061,09/02/2005,Shipped,1,2,2005,Classic Cars,0.3555044105530499,S12_4675,"Toys of Finland, Co.",90-224 8555,Keskuskatu 45,,Helsinki,CA,21240,Finland,EMEA,Karttunen,Matti,Medium,1.2399928402646223,-0.3558893491737162
10389,1.2225396970479543,0.8101579745265006,8,0.9176569509762047,03/03/2005,Shipped,1,3,2005,Classic Cars,0.3555044105530499,S12_4675,Scandinavian Gift Ideas,0695-34 6555,?kergatan 24,,Boras,CA,S-844 67,Sweden,EMEA,Larsson,Maria,Medium,0.9904502847386123,-0.0727933337624076
10405,6.3561589699199335,0.47700151510168454,5,2.9835215922423246,14/04/2005,Shipped,2,4,2005,Classic Cars,0.3555044105530499,S12_4675,Mini Caravy,88.60.1555,"24, place Kluber",,Strasbourg,CA,67000,France,EMEA,Citeaux,Frederique,Large,3.0318974588789707,-0.04837586663664606
10419,-0.3175460848136394,0.8101579745265006,10,0.15136847521735755,17/05/2005,Shipped,2,5,2005,Classic Cars,0.3555044105530499,S12_4675,Salzburg Collectables,6562-9555,Geislweg 14,,Salzburg,CA,5020,Austria,EMEA,Pipps,Georg,Medium,-0.2572624928914385,0.40863096810879607
10103,-0.009528928441320661,0.8101579745265006,10,0.1988070616484903,29/01/2003,Shipped,1,1,2003,Trucks and Buses,0.3803919232868691,S18_1097,Baane Mini Imports,07-98 9555,Erling Skakkes gate 78,,Stavern,CA,4110,Norway,EMEA,Bergulfsen,Jonas,Medium,-0.007719937365428311,0.2065269990139186
10113,1.4278844679628335,0.8101579745265006,4,0.7400174731921337,26/03/2003,Shipped,1,3,2003,Trucks and Buses,0.3803919232868691,S18_1097,Mini Gifts Distributors Ltd.,4155551450,5677 Strong St.,,San Rafael,CA,97562,USA,EMEA,Nelson,Valarie,Medium,1.1568119884226191,-0.4167945152304854
10126,0.29848822793099805,0.8101579745265006,10,0.1645965425875773,28/05/2003,Shipped,2,5,2003,Trucks and Buses,0.3803919232868691,S18_1097,"Corrida Auto Replicas, Ltd",(91) 555 22 82,"C/ Araquil, 67",,Madrid,CA,28023,Spain,EMEA,Sommer,Mart¡n,Medium,0.24182261816058184,-0.07722607557300454
10140,-0.3175460848136394,0.8101579745265006,10,0.34077528551015823,24/07/2003,Shipped,3,7,2003,Trucks and Buses,0.3803919232868691,S18_1097,Technics Stores Inc.,6505556809,9408 Furth Circle,,Burlingame,CA,94217,USA,EMEA,Hirano,Juri,Medium,-0.2572624928914385,0.5980377784015967
10150,-0.11220131389876024,0.8101579745265006,7,0.5903274464567168,19/09/2003,Shipped,3,9,2003,Trucks and Buses,0.3803919232868691,S18_1097,"Dragon Souveniers, Ltd.",+65 221 7555,"Bronz Sok., Bronz Apt. 3/6 Tesvikiye",,Singapore,CA,79903,Singapore,Japan,Natividad,Eric,Medium,-0.0909007892074317,0.6812282356641485
10164,0.09314345701611891,0.7690091856392095,8,0.008813785314645203,21/10/2003,Resolved,4,10,2003,Trucks and Buses,0.3803919232868691,S18_1097,Mini Auto Werke,7675-3555,Kirchgasse 6,,Graz,CA,8010,Austria,EMEA,Mendel,Roland,Medium,0.07162817402758632,-0.06281438871294112
10174,1.325212082505394,0.4799761263465491,3,0.5030743321280261,06/11/2003,Shipped,4,11,2003,Trucks and Buses,0.3803919232868691,S18_1097,"Australian Gift Network, Co",61-7-3844-6555,31 Duncan St. West End,,South Brisbane,Queensland,4101,Australia,APAC,Calaghan,Tony,Medium,0.6360701619485825,-0.13299582982055635
10183,-1.4469423248454747,0.6534951156303075,7,-0.8255319024109355,13/11/2003,Shipped,4,11,2003,Trucks and Buses,0.3803919232868691,S18_1097,"Classic Gift Ideas, Inc",2155554695,782 First Street,,Philadelphia,PA,71270,USA,EMEA,Cervantes,Francisca,Small,-0.9455697418852794,0.12003783947434388
10194,-1.4469423248454747,0.4799761263465491,10,-0.8654441746486674,25/11/2003,Shipped,4,11,2003,Trucks and Buses,0.3803919232868691,S18_1097,"Saveley & Henriot, Co.",78.32.5555,"2, rue du Commerce",,Lyon,CA,69004,France,EMEA,Saveley,Mary,Small,-0.6944977721262011,-0.1709464025224663
10206,-0.11220131389876024,0.8101579745265006,5,0.22420972961149851,05/12/2003,Shipped,4,12,2003,Trucks and Buses,0.3803919232868691,S18_1097,Canadian Gift Exchange Network,(604) 555-3392,1900 Oak St.,,Vancouver,BC,V3F 2K1,Canada,EMEA,Tannamuri,Yoshi,Medium,-0.0909007892074317,0.3151105188189302
10215,1.1198673115905147,0.8101579745265006,2,0.8678127677285666,29/01/2004,Shipped,1,1,2004,Trucks and Buses,0.3803919232868691,S18_1097,West Coast Collectables Co.,3105553722,3675 Furth Circle,,Burbank,CA,94019,USA,EMEA,Thompson,Steve,Medium,0.9072694328966089,-0.03945666516804225
10228,-0.3175460848136394,0.8101579745265006,1,-0.10528644111518073,10/03/2004,Shipped,1,3,2004,Trucks and Buses,0.3803919232868691,S18_1097,Cambridge Collectables Co.,6175555555,4658 Baden Av.,,Cambridge,MA,51247,USA,EMEA,Tseng,Kyung,Medium,-0.2572624928914385,0.15197605177625775
10245,-0.6255632411859581,0.8101579745265006,8,-0.055871246916084194,04/05/2004,Shipped,2,5,2004,Trucks and Buses,0.3803919232868691,S18_1097,Super Scale Inc.,2035559545,567 North Pendale Street,,New Haven,CT,97823,USA,EMEA,Murphy,Leslie,Medium,-0.5068050484174486,0.45093380150136436
10258,0.6065053843033168,0.8101579745265006,5,1.0312630254640398,15/06/2004,Shipped,2,6,2004,Trucks and Buses,0.3803919232868691,S18_1097,"Tokyo Collectables, Ltd",+81 3 3584 0555,2-2-8 Roppongi,,Minato-ku,Tokyo,106-0032,Japan,Japan,Shimamura,Akiko,Medium,0.491365173686592,0.5398978517774478
10270,0.8118501552181959,0.6534951156303075,8,0.3313701078889677,19/07/2004,Shipped,3,7,2004,Trucks and Buses,0.3803919232868691,S18_1097,Souveniers And Things Co.,+61 2 9495 8555,"Monitor Money Building, 815 Pacific Hwy",Level 6,Chatswood,NSW,2067,Australia,APAC,Huxley,Adrian,Medium,0.5305401110587981,-0.19917000316983036
10280,-1.138925168473156,0.8101579745265006,1,-0.4093365019498856,17/08/2004,Shipped,3,8,2004,Trucks and Buses,0.3803919232868691,S18_1097,Amica Models & Co.,011-4988555,Via Monte Bianco 34,,Torino,CA,10100,Italy,EMEA,Accorti,Paolo,Small,-0.9227093076274656,0.51337280567758
10291,0.6065053843033168,0.8101579745265006,10,0.6158169982776571,08/09/2004,Shipped,3,9,2004,Trucks and Buses,0.3803919232868691,S18_1097,Scandinavian Gift Ideas,0695-34 6555,?kergatan 24,,Boras,CA,S-844 67,Sweden,EMEA,Larsson,Maria,Medium,0.491365173686592,0.12445182459106513
10304,1.1198673115905147,0.711004266364353,5,0.5181052395503449,11/10/2004,Shipped,4,10,2004,Trucks and Buses,0.3803919232868691,S18_1097,Auto Assoc. & Cie.,30.59.8555,"67, avenue de l'Europe",,Versailles,CA,78000,France,EMEA,Tonini,Daniel,Medium,0.7962304363028342,-0.27812519675248926
10312,-0.3175460848136394,0.8101579745265006,2,0.34077528551015823,21/10/2004,Shipped,4,10,2004,Trucks and Buses,0.3803919232868691,S18_1097,Mini Gifts Distributors Ltd.,4155551450,5677 Strong St.,,San Rafael,CA,97562,USA,EMEA,Nelson,Valarie,Medium,-0.2572624928914385,0.5980377784015967
10322,-1.344269939388035,0.8101579745265006,10,-0.7074784604451819,04/11/2004,Shipped,4,11,2004,Trucks and Buses,0.3803919232868691,S18_1097,Online Diecast Creations Co.,6035558647,2304 Long Airport Avenue,,Nashua,NH,62005,USA,EMEA,Young,Valarie,Small,-1.0890710113114723,0.3815925508662904
10333,-0.6255632411859581,-2.1520590568176607,7,-1.2960025628741803,18/11/2004,Shipped,4,11,2004,Trucks and Buses,0.3803919232868691,S18_1097,Mini Wheels Co.,6505555787,5557 North Pendale Street,,San Francisco,CA,,USA,EMEA,Murphy,Julie,Small,1.3462490388064519,-2.6422516016806323
10347,0.7091777697607564,-1.6885154711596204,5,-0.7986196274163508,29/11/2004,Shipped,4,11,2004,Trucks and Buses,0.3803919232868691,S18_1097,"Australian Collectors, Co.",03 9520 4555,636 St Kilda Road,Level 3,Melbourne,Victoria,3004,Australia,APAC,Ferguson,Peter,Small,-1.1974576360435125,0.3988380086271617
10357,0.40116061338843767,0.711004266364353,1,0.14559069866484786,10/12/2004,Shipped,4,12,2004,Trucks and Buses,0.3803919232868691,S18_1097,Mini Gifts Distributors Ltd.,4155551450,5677 Strong St.,,San Rafael,CA,97562,USA,EMEA,Nelson,Valarie,Medium,0.28522690761652,-0.13963620895167211
10370,-0.8309080121008373,0.8101579745265006,1,0.19418592645470653,20/01/2005,Shipped,1,1,2005,Trucks and Buses,0.3803919232868691,S18_1097,"Anna's Decorations, Ltd",02 9936 8555,201 Miller Street,Level 15,North Sydney,NSW,2060,Australia,APAC,O'Hara,Anna,Medium,-0.6731667521014554,0.8673526785561619
10381,1.325212082505394,0.711004266364353,2,0.6245379655176297,17/02/2005,Shipped,1,2,2005,Trucks and Buses,0.3803919232868691,S18_1097,Corporate Gift Ideas Co.,6505551386,7734 Strong St.,,San Francisco,CA,,USA,EMEA,Brown,Julie,Medium,0.942231444498924,-0.3176934789812943
10391,-0.6255632411859581,0.07146284871850028,10,-0.5897182514999502,09/03/2005,Shipped,1,3,2005,Trucks and Buses,0.3803919232868691,S18_1097,"Anna's Decorations, Ltd",02 9936 8555,201 Miller Street,Level 15,North Sydney,NSW,2060,Australia,APAC,O'Hara,Anna,Small,-0.044704531268726824,-0.5450137202312233
10411,-0.8309080121008373,0.8101579745265006,8,-0.18511098559064437,01/05/2005,Shipped,2,5,2005,Trucks and Buses,0.3803919232868691,S18_1097,Quebec Home Shopping Network,(514) 555-8054,43 rue St. Laurent,,Montreal,Quebec,H1J 1C3,Canada,EMEA,Fresnisre,Jean,Medium,-0.6731667521014554,0.488055766510811
10424,1.9412463952500314,0.8101579745265006,5,1.9701517152468742,31/05/2005,In Process,2,5,2005,Trucks and Buses,0.3803919232868691,S18_1097,Euro Shopping Channel,(91) 555 94 44,"C/ Moralzarzal, 86",,Madrid,CA,28034,Spain,EMEA,Freyre,Diego,Large,1.5727162476326362,0.397435467614238
10109,-0.9335803975582768,0.8101579745265006,4,0.4481528734324592,10/03/2003,Shipped,1,3,2003,Classic Cars,1.0025797416323492,S18_1129,Motor Mint Distributors Inc.,2155559857,11328 Douglas Av.,,Philadelphia,PA,71270,USA,EMEA,Hernandez,Rosa,Medium,-0.7563476039434588,1.204500477375918
10122,-0.11220131389876024,0.8101579745265006,2,0.7878796184306874,08/05/2003,Shipped,2,5,2003,Classic Cars,1.0025797416323492,S18_1129,Marseille Mini Autos,91.24.4555,"12, rue des Bouchers",,Marseille,CA,13008,France,EMEA,Lebihan,Laurence,Medium,-0.0909007892074317,0.8787804076381192
10136,-1.0362527830157164,0.8101579745265006,2,0.04933967479902521,04/07/2003,Shipped,3,7,2003,Classic Cars,1.0025797416323492,S18_1129,Alpha Cognac,61.77.6555,1 rue Alsace-Lorraine,,Toulouse,CA,31000,France,EMEA,Roulet,Annette,Medium,-0.8395284557854622,0.8888681305844874
10148,-1.2415975539305957,0.8101579745265006,13,-0.4625745858980111,11/09/2003,Shipped,3,9,2003,Classic Cars,1.0025797416323492,S18_1129,"Anna's Decorations, Ltd",02 9936 8555,201 Miller Street,Level 15,North Sydney,NSW,2060,Australia,APAC,O'Hara,Anna,Small,-1.005890159469469,0.5433155735714579
10161,-0.7282356266433977,0.8101579745265006,12,0.11457316138295348,17/10/2003,Shipped,4,10,2003,Classic Cars,1.0025797416323492,S18_1129,Heintze Collectables,86 21 3555,Smagsloget 45,,Aaarhus,CA,8200,Denmark,EMEA,Ibsen,Palle,Medium,-0.589985900259452,0.7045590616424054
10171,-0.009528928441320661,0.8101579745265006,2,0.5181052395503449,05/11/2003,Shipped,4,11,2003,Classic Cars,1.0025797416323492,S18_1129,Quebec Home Shopping Network,(514) 555-8054,43 rue St. Laurent,,Montreal,Quebec,H1J 1C3,Canada,EMEA,Fresnisre,Jean,Medium,-0.007719937365428311,0.5258251769157732
10181,0.9145225406756355,0.8101579745265006,6,1.0123440653992428,12/11/2003,Shipped,4,11,2003,Classic Cars,1.0025797416323492,S18_1129,Herkku Gifts,+47 2267 3215,"Drammen 121, PR 744 Sentrum",,Bergen,CA,N 5804,Norway,EMEA,Oeztan,Veysel,Medium,0.7409077292126022,0.27143633618664065
10192,-1.344269939388035,0.8101579745265006,11,-0.13750949192588838,20/11/2003,Shipped,4,11,2003,Classic Cars,1.0025797416323492,S18_1129,Online Diecast Creations Co.,6035558647,2304 Long Airport Avenue,,Nashua,NH,62005,USA,EMEA,Young,Valarie,Medium,-1.0890710113114723,0.951561519385584
10204,0.7091777697607564,0.8101579745265006,17,1.4273448128137212,02/12/2003,Shipped,4,12,2003,Classic Cars,1.0025797416323492,S18_1129,Muscle Machine Inc,2125557413,4092 Furth Circle,Suite 400,NYC,NY,10022,USA,EMEA,Young,Jeff,Medium,0.5745460255285955,0.8527987872851257
10212,-0.6255632411859581,0.8101579745265006,10,0.3436478830630507,16/01/2004,Shipped,1,1,2004,Classic Cars,1.0025797416323492,S18_1129,Euro Shopping Channel,(91) 555 94 44,"C/ Moralzarzal, 86",,Madrid,CA,28034,Spain,EMEA,Freyre,Diego,Medium,-0.5068050484174486,0.8504529314804993
10225,-0.3175460848136394,0.8101579745265006,1,0.5296607926553643,22/02/2004,Shipped,1,2,2004,Classic Cars,1.0025797416323492,S18_1129,"Vida Sport, Ltd",0897-034555,Grenzacherweg 237,,Gensve,CA,1203,Switzerland,EMEA,Holz,Michael,Medium,-0.2572624928914385,0.7869232855468027
10240,0.6065053843033168,0.8101579745265006,3,1.1267755365374366,13/04/2004,Shipped,2,4,2004,Classic Cars,1.0025797416323492,S18_1129,Osaka Souveniers Co.,+81 06 6342 5555,"Dojima Avanza 4F, 1-6-20 Dojima, Kita-ku",,Osaka,Osaka,530-0003,Japan,Japan,Kentary,Mory,Medium,0.491365173686592,0.6354103628508445
10253,-0.9335803975582768,0.8101579745265006,5,-0.2711911678372464,01/06/2004,Cancelled,2,6,2004,Classic Cars,1.0025797416323492,S18_1129,"UK Collectables, Ltd.",(171) 555-2282,Berkeley Gardens 12  Brewery,,Liverpool,CA,WX1 6LT,UK,EMEA,Devon,Elizabeth,Medium,-0.7563476039434588,0.4851564361062124
10266,-1.4469423248454747,0.8101579745265006,6,-0.5578916082910595,06/07/2004,Shipped,3,7,2004,Classic Cars,1.0025797416323492,S18_1129,L'ordine Souveniers,0522-556555,Strada Provinciale 124,,Reggio Emilia,CA,42100,Italy,EMEA,Moroni,Maurizio,Small,-1.1722518631534757,0.6143602548624162
10278,-0.11220131389876024,0.8101579745265006,6,0.6049130741071312,06/08/2004,Shipped,3,8,2004,Classic Cars,1.0025797416323492,S18_1129,Signal Gift Stores,7025551838,8489 Strong St.,,Las Vegas,NV,83030,USA,EMEA,King,Sue,Medium,-0.0909007892074317,0.695813863314563
10287,0.6065053843033168,0.8101579745265006,4,1.599440014413476,30/08/2004,Shipped,3,8,2004,Classic Cars,1.0025797416323492,S18_1129,"Vida Sport, Ltd",0897-034555,Grenzacherweg 237,,Gensve,CA,1203,Switzerland,EMEA,Holz,Michael,Medium,0.491365173686592,1.108074840726884
10301,0.1958158424735585,0.8101579745265006,8,1.283649772275645,05/10/2003,Shipped,4,10,2003,Classic Cars,1.0025797416323492,S18_1129,"Norway Gifts By Mail, Co.",+47 2212 1555,"Drammensveien 126 A, PB 744 Sentrum",,Oslo,CA,N 0106,Norway,EMEA,Klaeboe,Jan,Medium,0.15864176631857846,1.1250080059570666
10310,0.1958158424735585,0.8101579745265006,2,1.4542299366027023,16/10/2004,Shipped,4,10,2004,Classic Cars,1.0025797416323492,S18_1129,"Toms Spezialitten, Ltd",0221-5554327,Mehrheimerstr. 369,,Koln,CA,50739,Germany,EMEA,Pfalzheim,Henriette,Medium,0.15864176631857846,1.2955881702841239
10321,0.6065053843033168,0.8101579745265006,10,1.2213974880670253,04/11/2004,Shipped,4,11,2004,Classic Cars,1.0025797416323492,S18_1129,FunGiftIdeas.com,5085552555,1785 First Street,,New Bedford,MA,50553,USA,EMEA,Benitez,Violeta,Medium,0.491365173686592,0.7300323143804333
10331,1.1198673115905147,0.8101579745265006,6,1.563980539894784,17/11/2004,Shipped,4,11,2004,Classic Cars,1.0025797416323492,S18_1129,Motor Mint Distributors Inc.,2155559857,11328 Douglas Av.,,Philadelphia,PA,71270,USA,EMEA,Hernandez,Rosa,Medium,0.9072694328966089,0.656711106998175
10342,0.5038329988458772,0.8101579745265006,2,1.5750473712989328,24/11/2004,Shipped,4,11,2004,Classic Cars,1.0025797416323492,S18_1129,"Australian Collectors, Co.",03 9520 4555,636 St Kilda Road,Level 3,Melbourne,Victoria,3004,Australia,APAC,Ferguson,Peter,Medium,0.4081843218445886,1.1668630494543442
10356,0.8118501552181959,0.6911735247319232,8,0.3491161358716764,09/12/2004,Shipped,4,12,2004,Classic Cars,1.0025797416323492,S18_1129,Lyon Souveniers,+33 1 46 62 7555,27 rue du Colonel Pierre Avia,,Paris,CA,75508,France,EMEA,Da Cunha,Daniel,Medium,0.5611293333363194,-0.21201319746464303
10365,-0.5228908557285186,0.1686334827174054,1,-0.5115770817719283,07/01/2005,Shipped,1,1,2005,Classic Cars,1.0025797416323492,S18_1129,Mini Creations Ltd.,5085559555,4575 Hillside Dr.,,New Bedford,MA,50553,USA,EMEA,Tam,Wing C,Small,-0.08817690608258445,-0.42340017568934385
10377,-0.009528928441320661,0.8101579745265006,2,1.2713068342081126,09/02/2005,Shipped,1,2,2005,Classic Cars,1.0025797416323492,S18_1129,"Toys of Finland, Co.",90-224 8555,Keskuskatu 45,,Helsinki,CA,21240,Finland,EMEA,Karttunen,Matti,Medium,-0.007719937365428311,1.279026771573541
10390,0.09314345701611891,0.5012941736014105,14,-0.09675010207331494,04/03/2005,Shipped,1,3,2005,Classic Cars,1.0025797416323492,S18_1129,Mini Gifts Distributors Ltd.,4155551450,5677 Strong St.,,San Rafael,CA,97562,USA,EMEA,Nelson,Valarie,Medium,0.046692272311273826,-0.14344237438458876
10406,2.6599530934521085,0.8101579745265006,3,2.6178111434811653,15/04/2005,Disputed,2,4,2005,Classic Cars,1.0025797416323492,S18_1129,Danish Wholesale Imports,31 12 3555,Vinb'ltet 34,,Kobenhavn,CA,1734,Denmark,EMEA,Petersen,Jytte,Large,2.15498221052666,0.4628289329545052
10419,0.29848822793099805,0.8101579745265006,5,0.4943425044058122,17/05/2005,Shipped,2,5,2005,Classic Cars,1.0025797416323492,S18_1129,Salzburg Collectables,6562-9555,Geislweg 14,,Salzburg,CA,5020,Austria,EMEA,Pipps,Georg,Medium,0.24182261816058184,0.25251988624523036
10102,0.40116061338843767,0.8101579745265006,2,0.6811808106484845,10/01/2003,Shipped,1,1,2003,Vintage Cars,0.03196674501340019,S18_1342,Vitachrome Inc.,2125551500,2678 Kingston Rd.,Suite 101,NYC,NY,10022,USA,EMEA,Frick,Michael,Medium,0.3250034700025852,0.35617734064589923
10111,-0.21487369935619982,0.7933018441389353,6,-0.14396061837737464,25/03/2003,Shipped,1,3,2003,Vintage Cars,0.03196674501340019,S18_1342,Mini Wheels Co.,6505555787,5557 North Pendale Street,,San Francisco,CA,,USA,EMEA,Murphy,Julie,Medium,-0.17045970195622848,0.026499083578853833
10125,-0.3175460848136394,0.8101579745265006,1,-0.162456019634751,21/05/2003,Shipped,2,5,2003,Vintage Cars,0.03196674501340019,S18_1342,"Australian Collectors, Co.",03 9520 4555,636 St Kilda Road,Level 3,Melbourne,Victoria,3004,Australia,APAC,Ferguson,Peter,Medium,-0.2572624928914385,0.09480647325668748
10139,-0.42021847027107895,0.8101579745265006,7,-0.20034824217555258,16/07/2003,Shipped,3,7,2003,Vintage Cars,0.03196674501340019,S18_1342,Souveniers And Things Co.,+61 2 9495 8555,"Monitor Money Building, 815 Pacific Hwy",Level 6,Chatswood,NSW,2067,Australia,APAC,Huxley,Adrian,Medium,-0.34044334473344184,0.14009510255788926
10149,1.530556853420273,0.8101579745265006,4,1.2780674844034836,12/09/2003,Shipped,3,9,2003,Vintage Cars,0.03196674501340019,S18_1342,Signal Collectibles Ltd.,4155554312,2793 Furth Circle,,Brisbane,CA,94217,USA,EMEA,Taylor,Sue,Medium,1.2399928402646223,0.0380746441388613
10162,1.325212082505394,0.3857801035925085,2,0.4535505331065141,18/10/2003,Shipped,4,10,2003,Vintage Cars,0.03196674501340019,S18_1342,Corporate Gift Ideas Co.,6505551386,7734 Strong St.,,San Francisco,CA,,USA,EMEA,Brown,Julie,Medium,0.5112404544709748,-0.05768992136446066
10173,0.8118501552181959,0.8101579745265006,6,0.8049088545854528,05/11/2003,Shipped,4,11,2003,Vintage Cars,0.03196674501340019,S18_1342,Rovelli Gifts,035-640555,Via Ludovico il Moro 22,,Bergamo,CA,24100,Italy,EMEA,Rovelli,Giovanni,Medium,0.6577268773705988,0.14718197721485404
10182,-1.0362527830157164,0.18201923331929512,3,-0.7442900650029484,12/11/2003,Shipped,4,11,2003,Vintage Cars,0.03196674501340019,S18_1342,Mini Gifts Distributors Ltd.,4155551450,5677 Strong St.,,San Rafael,CA,97562,USA,EMEA,Nelson,Valarie,Small,-0.18861793708950658,-0.5556721279134418
10193,-0.7282356266433977,0.8101579745265006,7,-0.24273670436435998,21/11/2003,Shipped,4,11,2003,Vintage Cars,0.03196674501340019,S18_1342,"Australian Collectables, Ltd",61-9-3844-6555,7 Allen Street,,Glen Waverly,Victoria,3150,Australia,APAC,Connery,Sean,Medium,-0.589985900259452,0.34724919589509196
10205,0.09314345701611891,0.8101579745265006,2,0.0987385782747593,03/12/2003,Shipped,4,12,2003,Vintage Cars,0.03196674501340019,S18_1342,Euro Shopping Channel,(91) 555 94 44,"C/ Moralzarzal, 86",,Madrid,CA,28034,Spain,EMEA,Freyre,Diego,Medium,0.07546091447657508,0.02327766379818423
10215,-0.8309080121008373,0.28365178418549636,10,-0.6193890889838912,29/01/2004,Shipped,1,1,2004,Vintage Cars,0.03196674501340019,S18_1342,West Coast Collectables Co.,3105553722,3675 Furth Circle,,Burbank,CA,94019,USA,EMEA,Thompson,Steve,Small,-0.2356885401264265,-0.38370054885746474
10227,-1.0362527830157164,0.8101579745265006,3,-0.32588998664686175,02/03/2004,Shipped,1,3,2004,Vintage Cars,0.03196674501340019,S18_1342,"Saveley & Henriot, Co.",78.32.5555,"2, rue du Commerce",,Lyon,CA,69004,France,EMEA,Saveley,Mary,Small,-0.8395284557854622,0.5136384691386005
10244,0.5038329988458772,0.8101579745265006,7,0.6141119025657326,29/04/2004,Shipped,2,4,2004,Vintage Cars,0.03196674501340019,S18_1342,Euro Shopping Channel,(91) 555 94 44,"C/ Moralzarzal, 86",,Madrid,CA,28034,Spain,EMEA,Freyre,Diego,Medium,0.4081843218445886,0.20592758072114398
10256,-0.11220131389876024,0.5895409738657219,2,-0.16572502478946047,08/06/2004,Shipped,2,6,2004,Vintage Cars,0.03196674501340019,S18_1342,Danish Wholesale Imports,31 12 3555,Vinb'ltet 34,,Kobenhavn,CA,1734,Denmark,EMEA,Petersen,Jytte,Medium,-0.06614727186488867,-0.0995777529245718
10280,1.530556853420273,0.8101579745265006,9,0.9153273775353902,17/08/2004,Shipped,3,8,2004,Vintage Cars,0.03196674501340019,S18_1342,Amica Models & Co.,011-4988555,Via Monte Bianco 34,,Torino,CA,10100,Italy,EMEA,Accorti,Paolo,Medium,1.2399928402646223,-0.32466546272923213
10289,0.29848822793099805,0.8101579745265006,2,0.5506758257927822,03/09/2004,Shipped,3,9,2004,Vintage Cars,0.03196674501340019,S18_1342,Herkku Gifts,+47 2267 3215,"Drammen 121, PR 744 Sentrum",,Bergen,CA,N 5804,Norway,EMEA,Oeztan,Veysel,Medium,0.24182261816058184,0.30885320763220037
10304,0.1958158424735585,0.5895409738657219,13,-0.010067163062306289,11/10/2004,Shipped,4,10,2004,Vintage Cars,0.03196674501340019,S18_1342,Auto Assoc. & Cie.,30.59.8555,"67, avenue de l'Europe",,Versailles,CA,78000,France,EMEA,Tonini,Daniel,Medium,0.11544146247019846,-0.12550862553250475
10312,0.8118501552181959,0.28365178418549636,10,0.15717883321659212,21/10/2004,Shipped,4,10,2004,Vintage Cars,0.03196674501340019,S18_1342,Mini Gifts Distributors Ltd.,4155551450,5677 Strong St.,,San Rafael,CA,97562,USA,EMEA,Nelson,Valarie,Medium,0.23028274501891344,-0.07310391180232131
10322,0.8118501552181959,0.13095507361578904,14,0.0852607198129839,04/11/2004,Shipped,4,11,2004,Vintage Cars,0.03196674501340019,S18_1342,Online Diecast Creations Co.,6035558647,2304 Long Airport Avenue,,Nashua,NH,62005,USA,EMEA,Young,Valarie,Medium,0.1063158968415886,-0.021055177028604696
10332,1.1198673115905147,0.5687186951516708,15,0.4464151962738092,17/11/2004,Shipped,4,11,2004,Vintage Cars,0.03196674501340019,S18_1342,"AV Stores, Co.",(171) 555-1555,Fauntleroy Circus,,Manchester,CA,EC2 5NT,UK,EMEA,Ashworth,Victoria,Medium,0.6368894761907671,-0.19047427991695787
10346,0.7091777697607564,-2.3573072327133064,3,-1.106286228837495,29/11/2004,Shipped,4,11,2004,Vintage Cars,0.03196674501340019,S18_1342,Signal Gift Stores,7025551838,8489 Strong St.,,Las Vegas,NV,83030,USA,EMEA,King,Sue,Small,-1.6717498859365232,0.5654636570990281
10356,1.530556853420273,-1.6597608957925976,9,-0.5673999604935451,09/12/2004,Shipped,4,12,2004,Vintage Cars,0.03196674501340019,S18_1342,Lyon Souveniers,+33 1 46 62 7555,27 rue du Colonel Pierre Avia,,Paris,CA,75508,France,EMEA,Da Cunha,Daniel,Small,-2.5403584140943316,1.9729584536007865
10369,0.9145225406756355,0.8101579745265006,8,3.08793426851268,20/01/2005,Shipped,1,1,2005,Vintage Cars,0.03196674501340019,S18_1342,Collectables For Less Inc.,6175558555,7825 Douglas Av.,,Brickhaven,MA,58339,USA,EMEA,Nelson,Allen,Large,0.7409077292126022,2.3470265393000775
10380,-0.8309080121008373,0.47105229261195547,13,-0.5639680481052122,16/02/2005,Shipped,1,2,2005,Vintage Cars,0.03196674501340019,S18_1342,Euro Shopping Channel,(91) 555 94 44,"C/ Moralzarzal, 86",,Madrid,CA,28034,Spain,EMEA,Freyre,Diego,Small,-0.39140112404974187,-0.1725669240554703
10391,-0.009528928441320661,0.8101579745265006,2,1.0833390378123182,09/03/2005,Shipped,1,3,2005,Vintage Cars,0.03196674501340019,S18_1342,"Anna's Decorations, Ltd",02 9936 8555,201 Miller Street,Level 15,North Sydney,NSW,2060,Australia,APAC,O'Hara,Anna,Medium,-0.007719937365428311,1.0910589751777466
10422,1.6332292388777125,0.5895409738657219,2,0.7163361916644131,30/05/2005,In Process,2,5,2005,Vintage Cars,0.03196674501340019,S18_1342,Diecast Classics Inc.,2155551555,7586 Pompton St.,,Allentown,PA,70267,USA,EMEA,Yu,Kyung,Medium,0.9628555560339385,-0.24651936436952537
10102,0.6065053843033168,-1.6617439699558405,1,-0.8135310695340122,10/01/2003,Shipped,1,1,2003,Vintage Cars,-1.1875213789437409,S18_1367,Vitachrome Inc.,2125551500,2678 Kingston Rd.,Suite 101,NYC,NY,10022,USA,EMEA,Frick,Michael,Small,-1.0078566651117864,0.19432559557777418
10111,1.325212082505394,-1.7152869723634,5,-0.651090836647004,25/03/2003,Shipped,1,3,2003,Vintage Cars,-1.1875213789437409,S18_1367,Mini Wheels Co.,6505555787,5557 North Pendale Street,,San Francisco,CA,,USA,EMEA,Murphy,Julie,Small,-2.2731190207400735,1.6220281840930695
10126,0.7091777697607564,-1.4212962276626324,17,-0.6756898289241368,28/05/2003,Shipped,2,5,2003,Vintage Cars,-1.1875213789437409,S18_1367,"Corrida Auto Replicas, Ltd",(91) 555 22 82,"C/ Araquil, 67",,Madrid,CA,28023,Spain,EMEA,Sommer,Mart¡n,Small,-1.007951688903162,0.33226185997902513
10139,1.4278844679628335,-2.009277717064168,6,-0.782236589954958,16/07/2003,Shipped,3,7,2003,Vintage Cars,-1.1875213789437409,S18_1367,Souveniers And Things Co.,+61 2 9495 8555,"Monitor Money Building, 815 Pacific Hwy",Level 6,Chatswood,NSW,2067,Australia,APAC,Huxley,Adrian,Small,-2.869016444019746,2.086779854064788
10149,-0.5228908557285186,-1.261162988980764,3,-0.9814015435418002,12/09/2003,Shipped,3,9,2003,Vintage Cars,-1.1875213789437409,S18_1367,Signal Collectibles Ltd.,4155554312,2793 Furth Circle,,Brisbane,CA,94217,USA,EMEA,Taylor,Sue,Small,0.659450594521288,-1.6408521380630883
10162,1.017194926133075,-1.6086967360890916,1,-0.6784755426190968,18/10/2003,Shipped,4,10,2003,Vintage Cars,-1.1875213789437409,S18_1367,Corporate Gift Ideas Co.,6505551386,7734 Strong St.,,San Francisco,CA,,USA,EMEA,Brown,Julie,Small,-1.6363581576366624,0.9578826150175656
10173,1.325212082505394,-1.9557347146566084,5,-0.7775068499387587,05/11/2003,Shipped,4,11,2003,Vintage Cars,-1.1875213789437409,S18_1367,Rovelli Gifts,035-640555,Via Ludovico il Moro 22,,Bergamo,CA,24100,Italy,EMEA,Rovelli,Giovanni,Small,-2.5917632740381764,1.8142564240994177
10182,-0.3175460848136394,-1.448067728866412,2,-0.9836822448125276,12/11/2003,Shipped,4,11,2003,Vintage Cars,-1.1875213789437409,S18_1367,Mini Gifts Distributors Ltd.,4155551450,5677 Strong St.,,San Rafael,CA,97562,USA,EMEA,Nelson,Valarie,Small,0.45982823784650784,-1.4435104826590355
10193,1.1198673115905147,-1.5016107312739722,6,-0.5967124020635147,21/11/2003,Shipped,4,11,2003,Vintage Cars,-1.1875213789437409,S18_1367,"Australian Collectables, Ltd",61-9-3844-6555,7 Allen Street,,Glen Waverly,Victoria,3150,Australia,APAC,Connery,Sean,Small,-1.68160477268725,1.0848923706237352
10205,1.325212082505394,-0.9939437454837761,1,-0.2718427967717399,03/12/2003,Shipped,4,12,2003,Vintage Cars,-1.1875213789437409,S18_1367,Euro Shopping Channel,(91) 555 94 44,"C/ Moralzarzal, 86",,Madrid,CA,28034,Spain,EMEA,Freyre,Diego,Medium,-1.317186260845766,1.0453434640740262
10215,-0.21487369935619982,-2.009277717064168,9,-1.1569666692177332,29/01/2004,Shipped,1,1,2004,Vintage Cars,-1.1875213789437409,S18_1367,West Coast Collectables Co.,3105553722,3675 Furth Circle,,Burbank,CA,94019,USA,EMEA,Thompson,Steve,Small,0.43174093609955755,-1.5887076053172908
10227,-0.42021847027107895,-1.74205847356718,2,-1.1130740302384698,02/03/2004,Shipped,1,3,2004,Vintage Cars,-1.1875213789437409,S18_1367,"Saveley & Henriot, Co.",78.32.5555,"2, rue du Commerce",,Lyon,CA,69004,France,EMEA,Saveley,Mary,Small,0.7320451468851712,-1.845119177123641
10244,-1.5496147103029143,-1.261162988980764,6,-1.2975501815936024,29/04/2004,Shipped,2,4,2004,Vintage Cars,-1.1875213789437409,S18_1367,Euro Shopping Channel,(91) 555 94 44,"C/ Moralzarzal, 86",,Madrid,CA,28034,Spain,EMEA,Freyre,Diego,Small,1.9543167198141842,-3.2518669014077863
10256,-0.6255632411859581,-1.5819252348853117,1,-1.1149040214961725,08/06/2004,Shipped,2,6,2004,Vintage Cars,-1.1875213789437409,S18_1367,Danish Wholesale Imports,31 12 3555,Vinb'ltet 34,,Kobenhavn,CA,1734,Denmark,EMEA,Petersen,Jytte,Small,0.9895942772487136,-2.104498298744886
10280,-0.8309080121008373,-1.287934490184544,8,-1.084163426511438,17/08/2004,Shipped,3,8,2004,Vintage Cars,-1.1875213789437409,S18_1367,Amica Models & Co.,011-4988555,Via Monte Bianco 34,,Torino,CA,10100,Italy,EMEA,Accorti,Paolo,Small,1.070155086955345,-2.154318513466783
10289,-1.138925168473156,-1.3677532252550728,1,-1.1991107705561053,03/09/2004,Shipped,3,9,2004,Vintage Cars,-1.1875213789437409,S18_1367,Herkku Gifts,+47 2267 3215,"Drammen 121, PR 744 Sentrum",,Bergen,CA,N 5804,Norway,EMEA,Oeztan,Veysel,Small,1.5577685725033363,-2.756879343059442
10304,0.1958158424735585,-1.74205847356718,12,-0.954988850730327,11/10/2004,Shipped,4,10,2004,Vintage Cars,-1.1875213789437409,S18_1367,Auto Assoc. & Cie.,30.59.8555,"67, avenue de l'Europe",,Versailles,CA,78000,France,EMEA,Tonini,Daniel,Small,-0.3411226476397587,-0.6138662030905684
10312,-1.0362527830157164,-1.9557347146566084,9,-1.3296700578230152,21/10/2004,Shipped,4,10,2004,Vintage Cars,-1.1875213789437409,S18_1367,Mini Gifts Distributors Ltd.,4155551450,5677 Strong St.,,San Rafael,CA,97562,USA,EMEA,Nelson,Valarie,Small,2.0266355409033587,-3.356305598726374
10322,0.6065053843033168,-1.287934490184544,5,-0.6456605955262241,04/11/2004,Shipped,4,11,2004,Vintage Cars,-1.1875213789437409,S18_1367,Online Diecast Creations Co.,6035558647,2304 Long Airport Avenue,,Nashua,NH,62005,USA,EMEA,Young,Valarie,Small,-0.7811392029268732,0.1354786074006491
10332,-0.8309080121008373,0.3089359797668442,16,-0.6119116469605773,17/11/2004,Shipped,4,11,2004,Vintage Cars,-1.1875213789437409,S18_1367,"AV Stores, Co.",(171) 555-1555,Fauntleroy Circus,,Manchester,CA,EC2 5NT,UK,EMEA,Ashworth,Victoria,Small,-0.25669738081449306,-0.35521426614608426
10347,-1.4469423248454747,-1.2249718855015799,7,-1.2576107581502667,29/11/2004,Shipped,4,11,2004,Vintage Cars,-1.1875213789437409,S18_1367,"Australian Collectors, Co.",03 9520 4555,636 St Kilda Road,Level 3,Melbourne,Victoria,3004,Australia,APAC,Ferguson,Peter,Small,1.7724636678780006,-3.0300744260282673
10356,-1.344269939388035,-0.5576674295703266,6,-1.0647991866747368,09/12/2004,Shipped,4,12,2004,Vintage Cars,-1.1875213789437409,S18_1367,Lyon Souveniers,+33 1 46 62 7555,27 rue du Colonel Pierre Avia,,Paris,CA,75508,France,EMEA,Da Cunha,Daniel,Small,0.7496555617471842,-1.814454748421921
10369,-0.3175460848136394,0.7422376844354293,7,-0.21597647612115708,20/01/2005,Shipped,1,1,2005,Vintage Cars,-1.1875213789437409,S18_1367,Collectables For Less Inc.,6175558555,7825 Douglas Av.,,Brickhaven,MA,58339,USA,EMEA,Nelson,Allen,Medium,-0.23569467069361213,0.01971819457245505
10381,-1.0362527830157164,-1.528382232477752,9,-1.2126483616702097,17/02/2005,Shipped,1,2,2005,Vintage Cars,-1.1875213789437409,S18_1367,Corporate Gift Ideas Co.,6505551386,7734 Strong St.,,San Francisco,CA,,USA,EMEA,Brown,Julie,Small,1.5837903419168442,-2.7964387035870537
10391,0.7091777697607564,0.8101579745265006,3,0.7841870544685571,09/03/2005,Shipped,1,3,2005,Vintage Cars,-1.1875213789437409,S18_1367,"Anna's Decorations, Ltd",02 9936 8555,201 Miller Street,Level 15,North Sydney,NSW,2060,Australia,APAC,O'Hara,Anna,Medium,0.5745460255285955,0.20964102893996162
10422,-1.0362527830157164,-1.5819252348853117,1,-1.2273100126963152,30/05/2005,In Process,2,5,2005,Vintage Cars,-1.1875213789437409,S18_1367,Diecast Classics Inc.,2155551555,7586 Pompton St.,,Allentown,PA,70267,USA,EMEA,Yu,Kyung,Small,1.6392744271726951,-2.86658443986901
10110,0.1958158424735585,0.8101579745265006,16,1.0204459851514462,18/03/2003,Shipped,1,3,2003,Classic Cars,0.5794920251574227,S18_1589,"AV Stores, Co.",(171) 555-1555,Fauntleroy Circus,,Manchester,CA,EC2 5NT,UK,EMEA,Ashworth,Victoria,Medium,0.15864176631857846,0.8618042188328678
10123,-0.9335803975582768,0.8101579745265006,2,-0.2607433839208661,20/05/2003,Shipped,2,5,2003,Classic Cars,0.5794920251574227,S18_1589,Atelier graphique,40.32.2555,"54, rue Royale",,Nantes,CA,44000,France,EMEA,Schmitt,Carine,Medium,-0.7563476039434588,0.4956042200225927
10137,0.9145225406756355,0.7878483901900173,2,0.44870675802677845,10/07/2003,Shipped,3,7,2003,Classic Cars,0.5794920251574227,S18_1589,Reims Collectables,26.47.1555,59 rue de l'Abbaye,,Reims,CA,51100,France,EMEA,Henriot,Paul,Medium,0.720505111463784,-0.2717983534370056
10148,1.2225396970479543,0.8101579745265006,9,1.2461268061310566,11/09/2003,Shipped,3,9,2003,Classic Cars,0.5794920251574227,S18_1589,"Anna's Decorations, Ltd",02 9936 8555,201 Miller Street,Level 15,North Sydney,NSW,2060,Australia,APAC,O'Hara,Anna,Medium,0.9904502847386123,0.25567652139244434
10161,0.8118501552181959,0.8101579745265006,8,1.4117763115204454,17/10/2003,Shipped,4,10,2003,Classic Cars,0.5794920251574227,S18_1589,Heintze Collectables,86 21 3555,Smagsloget 45,,Aaarhus,CA,8200,Denmark,EMEA,Ibsen,Palle,Medium,0.6577268773705988,0.7540494341498466
10172,0.7091777697607564,0.8101579745265006,6,0.7663975845568822,05/11/2003,Shipped,4,11,2003,Classic Cars,0.5794920251574227,S18_1589,Gift Depot Inc.,2035552570,25593 South Bay Ln.,,Bridgewater,CT,97562,USA,EMEA,King,Julie,Medium,0.5745460255285955,0.19185155902828677
10181,0.7091777697607564,0.8101579745265006,2,1.0218361268783662,12/11/2003,Shipped,4,11,2003,Classic Cars,0.5794920251574227,S18_1589,Herkku Gifts,+47 2267 3215,"Drammen 121, PR 744 Sentrum",,Bergen,CA,N 5804,Norway,EMEA,Oeztan,Veysel,Medium,0.5745460255285955,0.44729010134977076
10192,-0.6255632411859581,0.8101579745265006,7,0.3825447002111968,20/11/2003,Shipped,4,11,2003,Classic Cars,0.5794920251574227,S18_1589,Online Diecast Creations Co.,6035558647,2304 Long Airport Avenue,,Nashua,NH,62005,USA,EMEA,Young,Valarie,Medium,-0.5068050484174486,0.8893497486286454
10204,0.5038329988458772,0.8101579745265006,13,0.2596257622012245,02/12/2003,Shipped,4,12,2003,Classic Cars,0.5794920251574227,S18_1589,Muscle Machine Inc,2125557413,4092 Furth Circle,Suite 400,NYC,NY,10022,USA,EMEA,Young,Jeff,Medium,0.4081843218445886,-0.14855855964336406
10212,0.29848822793099805,0.8101579745265006,6,0.509612342437445,16/01/2004,Shipped,1,1,2004,Classic Cars,0.5794920251574227,S18_1589,Euro Shopping Channel,(91) 555 94 44,"C/ Moralzarzal, 86",,Madrid,CA,28034,Spain,EMEA,Freyre,Diego,Medium,0.24182261816058184,0.2677897242768632
10226,0.29848822793099805,0.8101579745265006,4,0.32988222182187416,26/02/2004,Shipped,1,2,2004,Classic Cars,0.5794920251574227,S18_1589,Collectable Mini Designs Co.,7605558146,361 Furth Circle,,San Diego,CA,91217,USA,EMEA,Thompson,Valarie,Medium,0.24182261816058184,0.08805960366129231
10241,-1.4469423248454747,0.8101579745265006,11,-0.5675845886916517,13/04/2004,Shipped,2,4,2004,Classic Cars,0.5794920251574227,S18_1589,Mini Caravy,88.60.1555,"24, place Kluber",,Strasbourg,CA,67000,France,EMEA,Citeaux,Frederique,Small,-1.1722518631534757,0.604667274461824
10253,-1.138925168473156,0.8101579745265006,1,-0.09720624232746028,01/06/2004,Cancelled,2,6,2004,Classic Cars,0.5794920251574227,S18_1589,"UK Collectables, Ltd.",(171) 555-2282,Berkeley Gardens 12  Brewery,,Liverpool,CA,WX1 6LT,UK,EMEA,Devon,Elizabeth,Medium,-0.9227093076274656,0.8255030653000053
10266,0.09314345701611891,0.8101579745265006,2,0.8920316431272449,06/07/2004,Shipped,3,7,2004,Classic Cars,0.5794920251574227,S18_1589,L'ordine Souveniers,0522-556555,Strada Provinciale 124,,Reggio Emilia,CA,42100,Italy,EMEA,Moroni,Maurizio,Medium,0.07546091447657508,0.8165707286506698
10278,-1.2415975539305957,0.8101579745265006,2,-0.5155302973078562,06/08/2004,Shipped,3,8,2004,Classic Cars,0.5794920251574227,S18_1589,Signal Gift Stores,7025551838,8489 Strong St.,,Las Vegas,NV,83030,USA,EMEA,King,Sue,Small,-1.005890159469469,0.49035986216161276
10288,-1.5496147103029143,0.8101579745265006,14,-0.33509424534658344,01/09/2004,Shipped,3,9,2004,Classic Cars,0.5794920251574227,S18_1589,Handji Gifts& Co,+65 224 1555,Village Close - 106 Linden Road Sandown,2nd Floor,Singapore,CA,69045,Singapore,APAC,Victorino,Wendy,Small,-1.2554327149954791,0.9203384696488957
10301,-0.3175460848136394,0.8101579745265006,4,-0.07018536251045993,05/10/2003,Shipped,4,10,2003,Classic Cars,0.5794920251574227,S18_1589,"Norway Gifts By Mail, Co.",+47 2212 1555,"Drammensveien 126 A, PB 744 Sentrum",,Oslo,CA,N 0106,Norway,EMEA,Klaeboe,Jan,Medium,-0.2572624928914385,0.18707713038097856
10311,-0.6255632411859581,0.8101579745265006,9,-0.34247937327084427,16/10/2004,Shipped,4,10,2004,Classic Cars,0.5794920251574227,S18_1589,Euro Shopping Channel,(91) 555 94 44,"C/ Moralzarzal, 86",,Madrid,CA,28034,Spain,EMEA,Freyre,Diego,Small,-0.5068050484174486,0.1643256751466043
10321,0.9145225406756355,0.8101579745265006,6,0.5082004797460425,04/11/2004,Shipped,4,11,2004,Classic Cars,0.5794920251574227,S18_1589,FunGiftIdeas.com,5085552555,1785 First Street,,New Bedford,MA,50553,USA,EMEA,Benitez,Violeta,Medium,0.7409077292126022,-0.23270724946655963
10331,0.9145225406756355,0.8101579745265006,14,0.7034067875558361,17/11/2004,Shipped,4,11,2004,Classic Cars,0.5794920251574227,S18_1589,Motor Mint Distributors Inc.,2155559857,11328 Douglas Av.,,Philadelphia,PA,71270,USA,EMEA,Hernandez,Rosa,Medium,0.7409077292126022,-0.037500941656766096
10343,0.09314345701611891,0.8101579745265006,4,1.2462571319179552,24/11/2004,Shipped,4,11,2004,Classic Cars,0.5794920251574227,S18_1589,Reims Collectables,26.47.1555,59 rue de l'Abbaye,,Reims,CA,51100,France,EMEA,Henriot,Paul,Medium,0.07546091447657508,1.1707962174413802
10367,1.4278844679628335,-1.3563505488164258,1,-0.43180683970767264,12/01/2005,Resolved,1,1,2005,Classic Cars,0.5794920251574227,S18_1589,Toys4GrownUps.com,6265557265,78934 Hillside Dr.,,Pasadena,CA,90003,USA,EMEA,Young,Julie,Small,-1.9367118817678395,1.5049050420601668
10378,-0.11220131389876024,-2.0335703755638943,5,-1.1425928209710288,10/02/2005,Shipped,1,2,2005,Classic Cars,0.5794920251574227,S18_1589,Euro Shopping Channel,(91) 555 94 44,"C/ Moralzarzal, 86",,Madrid,CA,28034,Spain,EMEA,Freyre,Diego,Small,0.22816926804386425,-1.370762089014893
10407,2.4546083225372293,0.8101579745265006,11,1.8974625076041154,22/04/2005,On Hold,2,4,2005,Classic Cars,0.5794920251574227,S18_1589,The Sharp Gifts Warehouse,4085553659,3086 Ingle Ln.,,San Jose,CA,94217,USA,EMEA,Frick,Sue,Large,1.988620506842653,-0.09115799923853762
10419,0.1958158424735585,0.8101579745265006,1,0.8954744159978189,17/05/2005,Shipped,2,5,2005,Classic Cars,0.5794920251574227,S18_1589,Salzburg Collectables,6562-9555,Geislweg 14,,Salzburg,CA,5020,Austria,EMEA,Pipps,Georg,Medium,0.15864176631857846,0.7368326496792403
10106,0.09314345701611891,0.8101579745265006,12,0.9369940396073015,17/02/2003,Shipped,1,2,2003,Planes,1.4007799453734566,S18_1662,Rovelli Gifts,035-640555,Via Ludovico il Moro 22,,Bergamo,CA,24100,Italy,EMEA,Rovelli,Giovanni,Medium,0.07546091447657508,0.8615331251307264
10119,0.8118501552181959,0.8101579745265006,3,1.8257724643275797,28/04/2003,Shipped,2,4,2003,Planes,1.4007799453734566,S18_1662,Salzburg Collectables,6562-9555,Geislweg 14,,Salzburg,CA,5020,Austria,EMEA,Pipps,Georg,Medium,0.6577268773705988,1.168045586956981
10131,-1.4469423248454747,0.8101579745265006,4,-0.4193390060943621,16/06/2003,Shipped,2,6,2003,Planes,1.4007799453734566,S18_1662,Gift Ideas Corp.,2035554407,2440 Pompton St.,,Glendale,CT,97561,USA,EMEA,Lewis,Dan,Small,-1.1722518631534757,0.7529128570591137
10143,-0.3175460848136394,0.8101579745265006,7,0.9199430824880531,10/08/2003,Shipped,3,8,2003,Planes,1.4007799453734566,S18_1662,Mini Creations Ltd.,5085559555,4575 Hillside Dr.,,New Bedford,MA,50553,USA,EMEA,Tam,Wing C,Medium,-0.2572624928914385,1.1772055753794917
10155,0.29848822793099805,0.8101579745265006,5,1.6168819488934207,06/10/2003,Shipped,4,10,2003,Planes,1.4007799453734566,S18_1662,"Toys of Finland, Co.",90-224 8555,Keskuskatu 45,,Helsinki,CA,21240,Finland,EMEA,Karttunen,Matti,Medium,0.24182261816058184,1.375059330732839
10167,0.8118501552181959,0.8101579745265006,1,1.1999914775689111,23/10/2003,Cancelled,4,10,2003,Planes,1.4007799453734566,S18_1662,Scandinavian Gift Ideas,0695-34 6555,?kergatan 24,,Boras,CA,S-844 67,Sweden,EMEA,Larsson,Maria,Medium,0.6577268773705988,0.5422646001983124
10178,0.7091777697607564,0.8101579745265006,4,1.5947482860851223,08/11/2003,Shipped,4,11,2003,Planes,1.4007799453734566,S18_1662,Alpha Cognac,61.77.6555,1 rue Alsace-Lorraine,,Toulouse,CA,31000,France,EMEA,Roulet,Annette,Medium,0.5745460255285955,1.0202022605565269
10186,-0.3175460848136394,0.8101579745265006,1,1.3309037305086715,14/11/2003,Shipped,4,11,2003,Planes,1.4007799453734566,S18_1662,"Double Decker Gift Stores, Ltd",(171) 555-7555,120 Hanover Sq.,,London,CA,WA1 1DP,UK,EMEA,Hardy,Thomas,Medium,-0.2572624928914385,1.58816622340011
10198,0.7091777697607564,0.8101579745265006,4,2.1341341366121833,27/11/2003,Shipped,4,11,2003,Planes,1.4007799453734566,S18_1662,Cruz & Sons Co.,+63 2 555 3587,15 McCallum Street - NatWest Center #13-03,,Makati City,CA,1227 MM,Philippines,Japan,Cruz,Arnold,Large,0.5745460255285955,1.5595881110835879
10210,-0.42021847027107895,0.8101579745265006,17,1.1759789513328225,12/01/2004,Shipped,1,1,2004,Planes,1.4007799453734566,S18_1662,Osaka Souveniers Co.,+81 06 6342 5555,"Dojima Avanza 4F, 1-6-20 Dojima, Kita-ku",,Osaka,Osaka,530-0003,Japan,Japan,Kentary,Mory,Medium,-0.34044334473344184,1.5164222960662643
10222,1.4278844679628335,0.8101579745265006,4,1.84638565962206,19/02/2004,Shipped,1,2,2004,Planes,1.4007799453734566,S18_1662,Collectable Mini Designs Co.,7605558146,361 Furth Circle,,San Diego,CA,91217,USA,EMEA,Thompson,Valarie,Medium,1.1568119884226191,0.6895736711994409
10250,1.017194926133075,0.8101579745265006,14,2.501392204092766,11/05/2004,Shipped,2,5,2004,Planes,1.4007799453734566,S18_1662,The Sharp Gifts Warehouse,4085553659,3086 Ingle Ln.,,San Jose,CA,94217,USA,EMEA,Frick,Sue,Large,0.8240885810546055,1.6773036230381604
10262,1.4278844679628335,0.8101579745265006,9,1.6367131894665088,24/06/2004,Cancelled,2,6,2004,Planes,1.4007799453734566,S18_1662,Euro Shopping Channel,(91) 555 94 44,"C/ Moralzarzal, 86",,Madrid,CA,28034,Spain,EMEA,Freyre,Diego,Medium,1.1568119884226191,0.47990120104388967
10274,0.6065053843033168,0.8101579745265006,1,1.7214466719151575,21/07/2004,Shipped,3,7,2004,Planes,1.4007799453734566,S18_1662,Collectables For Less Inc.,6175558555,7825 Douglas Av.,,Brickhaven,MA,58339,USA,EMEA,Nelson,Allen,Medium,0.491365173686592,1.2300814982285655
10284,1.017194926133075,0.8101579745265006,11,1.1913736849102337,21/08/2004,Shipped,3,8,2004,Planes,1.4007799453734566,S18_1662,"Norway Gifts By Mail, Co.",+47 2212 1555,"Drammensveien 126 A, PB 744 Sentrum",,Oslo,CA,N 0106,Norway,EMEA,Klaeboe,Jan,Medium,0.8240885810546055,0.3672851038556282
10296,0.09314345701611891,0.8101579745265006,7,1.1528135427115758,15/09/2004,Shipped,3,9,2004,Planes,1.4007799453734566,S18_1662,"Bavarian Collectables Imports, Co.",+49 89 61 08 9555,Hansastr. 15,,Munich,CA,80686,Germany,EMEA,Donnermeyer,Michael,Medium,0.07546091447657508,1.0773526282350008
10307,0.40116061338843767,0.8101579745265006,1,2.077654198714953,14/10/2004,Shipped,4,10,2004,Planes,1.4007799453734566,S18_1662,"Classic Gift Ideas, Inc",2155554695,782 First Street,,Philadelphia,PA,71270,USA,EMEA,Cervantes,Francisca,Large,0.3250034700025852,1.7526507287123676
10316,-0.8309080121008373,0.8101579745265006,9,0.08158444657421596,01/11/2004,Shipped,4,11,2004,Planes,1.4007799453734566,S18_1662,giftsbymail.co.uk,(198) 555-8888,Garden House Crowther Way,,Cowes,Isle of Wight,PO31 7PJ,UK,EMEA,Bennett,Helen,Medium,-0.6731667521014554,0.7547511986756713
10327,-1.0362527830157164,0.8101579745265006,6,-0.40680057934648134,10/11/2004,Resolved,4,11,2004,Planes,1.4007799453734566,S18_1662,Danish Wholesale Imports,31 12 3555,Vinb'ltet 34,,Kobenhavn,CA,1734,Denmark,EMEA,Petersen,Jytte,Small,-0.8395284557854622,0.43272787643898086
10338,0.6065053843033168,0.8101579745265006,1,1.1245491376779166,22/11/2004,Shipped,4,11,2004,Planes,1.4007799453734566,S18_1662,Royale Belge,(071) 23 67 2555,"Boulevard Tirou, 255",,Charleroi,CA,B-6000,Belgium,EMEA,Cartrain,Pascale,Medium,0.491365173686592,0.6331839639913246
10351,0.40116061338843767,0.786361084567585,1,0.17778116802883087,03/12/2004,Shipped,4,12,2004,Planes,1.4007799453734566,S18_1662,"Stylish Desk Decors, Co.",(171) 555-0297,35 King George,,London,CA,WX3 6FW,UK,EMEA,Brown,Ann,Medium,0.3154570950299295,-0.13767592700109865
10373,-0.7282356266433977,-1.2943794812150835,4,-1.0548184034947434,31/01/2005,Shipped,1,1,2005,Planes,1.4007799453734566,S18_1662,"Oulu Toy Supplies, Inc.",981-443655,Torikatu 38,,Oulu,CA,90110,Finland,EMEA,Koskitalo,Pirkko,Small,0.9426132526170223,-1.9974316561117658
10386,-1.0362527830157164,-1.4421185063766835,7,-1.1890268127948174,01/03/2005,Resolved,1,3,2005,Planes,1.4007799453734566,S18_1662,Euro Shopping Channel,(91) 555 94 44,"C/ Moralzarzal, 86",,Madrid,CA,28034,Spain,EMEA,Freyre,Diego,Small,1.4943993156713065,-2.683426128466124
10398,-0.21487369935619982,0.8101579745265006,11,0.3590480468815827,30/03/2005,Shipped,1,3,2005,Planes,1.4007799453734566,S18_1662,Reims Collectables,26.47.1555,59 rue de l'Abbaye,,Reims,CA,51100,France,EMEA,Henriot,Paul,Medium,-0.17408164104943508,0.5331296879310178
10400,-0.11220131389876024,0.8101579745265006,1,1.563871935072368,01/04/2005,Shipped,2,4,2005,Planes,1.4007799453734566,S18_1662,The Sharp Gifts Warehouse,4085553659,3086 Ingle Ln.,,San Jose,CA,94217,USA,EMEA,Frick,Sue,Medium,-0.0909007892074317,1.6547727242797996
10416,-1.138925168473156,0.8101579745265006,14,0.4334803619241118,10/05/2005,Shipped,2,5,2005,Planes,1.4007799453734566,S18_1662,L'ordine Souveniers,0522-556555,Strada Provinciale 124,,Reggio Emilia,CA,42100,Italy,EMEA,Moroni,Maurizio,Medium,-0.9227093076274656,1.3561896695515774
10100,-0.5228908557285186,0.8101579745265006,3,0.8672697436164886,06/01/2003,Shipped,1,1,2003,Vintage Cars,1.7243176109131062,S18_1749,Online Diecast Creations Co.,6035558647,2304 Long Airport Avenue,,Nashua,NH,62005,USA,EMEA,Young,Valarie,Medium,-0.42362419657544526,1.2908939401919337
10110,0.7091777697607564,0.8101579745265006,7,1.365765878504078,18/03/2003,Shipped,1,3,2003,Vintage Cars,1.7243176109131062,S18_1749,"AV Stores, Co.",(171) 555-1555,Fauntleroy Circus,,Manchester,CA,EC2 5NT,UK,EMEA,Ashworth,Victoria,Medium,0.5745460255285955,0.7912198529754826
10124,-1.4469423248454747,0.8101579745265006,6,-0.3789705936024847,21/05/2003,Shipped,2,5,2003,Vintage Cars,1.7243176109131062,S18_1749,Signal Gift Stores,7025551838,8489 Strong St.,,Las Vegas,NV,83030,USA,EMEA,King,Sue,Small,-1.1722518631534757,0.793281269550991
10149,-0.11220131389876024,0.8101579745265006,11,0.989124354366788,12/09/2003,Shipped,3,9,2003,Vintage Cars,1.7243176109131062,S18_1749,Signal Collectibles Ltd.,4155554312,2793 Furth Circle,,Brisbane,CA,94217,USA,EMEA,Taylor,Sue,Medium,-0.0909007892074317,1.0800251435742196
10162,-0.6255632411859581,0.8101579745265006,9,0.8811168584744772,18/10/2003,Shipped,4,10,2003,Vintage Cars,1.7243176109131062,S18_1749,Corporate Gift Ideas Co.,6505551386,7734 Strong St.,,San Francisco,CA,,USA,EMEA,Brown,Julie,Medium,-0.5068050484174486,1.3879219068919257
10173,-1.138925168473156,0.8101579745265006,13,-0.024484453237976617,05/11/2003,Shipped,4,11,2003,Vintage Cars,1.7243176109131062,S18_1749,Rovelli Gifts,035-640555,Via Ludovico il Moro 22,,Bergamo,CA,24100,Italy,EMEA,Rovelli,Giovanni,Medium,-0.9227093076274656,0.898224854389489
10182,0.9145225406756355,0.8101579745265006,10,2.1725911042295465,12/11/2003,Shipped,4,11,2003,Vintage Cars,1.7243176109131062,S18_1749,Mini Gifts Distributors Ltd.,4155551450,5677 Strong St.,,San Rafael,CA,97562,USA,EMEA,Nelson,Valarie,Large,0.7409077292126022,1.4316833750169442
10193,-1.4469423248454747,0.8101579745265006,14,-0.2238829071930125,21/11/2003,Shipped,4,11,2003,Vintage Cars,1.7243176109131062,S18_1749,"Australian Collectables, Ltd",61-9-3844-6555,7 Allen Street,,Glen Waverly,Victoria,3150,Australia,APAC,Connery,Sean,Medium,-1.1722518631534757,0.9483689559604632
10204,-0.21487369935619982,0.8101579745265006,4,1.2688360744981577,02/12/2003,Shipped,4,12,2003,Vintage Cars,1.7243176109131062,S18_1749,Muscle Machine Inc,2125557413,4092 Furth Circle,Suite 400,NYC,NY,10022,USA,EMEA,Young,Jeff,Medium,-0.17408164104943508,1.4429177155475927
10214,-0.5228908557285186,0.8101579745265006,7,1.3103774190721236,26/01/2004,Shipped,1,1,2004,Vintage Cars,1.7243176109131062,S18_1749,"Corrida Auto Replicas, Ltd",(91) 555 22 82,"C/ Araquil, 67",,Madrid,CA,28023,Spain,EMEA,Sommer,Mart¡n,Medium,-0.42362419657544526,1.7340016156475688
10227,-0.9335803975582768,0.8101579745265006,10,0.08629246562593212,02/03/2004,Shipped,1,3,2004,Vintage Cars,1.7243176109131062,S18_1749,"Saveley & Henriot, Co.",78.32.5555,"2, rue du Commerce",,Lyon,CA,69004,France,EMEA,Saveley,Mary,Medium,-0.7563476039434588,0.842640069569391
10241,0.6065053843033168,0.8101579745265006,2,2.195669628992861,13/04/2004,Shipped,2,4,2004,Vintage Cars,1.7243176109131062,S18_1749,Mini Caravy,88.60.1555,"24, place Kluber",,Strasbourg,CA,67000,France,EMEA,Citeaux,Frederique,Large,0.491365173686592,1.704304455306269
10280,-0.9335803975582768,0.8101579745265006,16,0.06229079987208508,17/08/2004,Shipped,3,8,2004,Vintage Cars,1.7243176109131062,S18_1749,Amica Models & Co.,011-4988555,Via Monte Bianco 34,,Torino,CA,10100,Italy,EMEA,Accorti,Paolo,Medium,-0.7563476039434588,0.8186384038155439
10288,-0.3175460848136394,0.8101579745265006,5,1.2605278055833646,01/09/2004,Shipped,3,9,2004,Vintage Cars,1.7243176109131062,S18_1749,Handji Gifts& Co,+65 224 1555,Village Close - 106 Linden Road Sandown,2nd Floor,Singapore,CA,69045,Singapore,APAC,Victorino,Wendy,Medium,-0.2572624928914385,1.517790298474803
10302,0.8118501552181959,0.8101579745265006,1,2.0396588015928563,06/10/2003,Shipped,4,10,2003,Vintage Cars,1.7243176109131062,S18_1749,"UK Collectables, Ltd.",(171) 555-2282,Berkeley Gardens 12  Brewery,,Liverpool,CA,WX1 6LT,UK,EMEA,Devon,Elizabeth,Large,0.6577268773705988,1.3819319242222576
10312,1.325212082505394,0.8101579745265006,17,2.4569185293135787,21/10/2004,Shipped,4,10,2004,Vintage Cars,1.7243176109131062,S18_1749,Mini Gifts Distributors Ltd.,4155551450,5677 Strong St.,,San Rafael,CA,97562,USA,EMEA,Nelson,Valarie,Large,1.0736311365806157,1.383287392732963
10331,0.9145225406756355,-0.4768571574181757,7,-0.1608052263340337,17/11/2004,Shipped,4,11,2004,Vintage Cars,1.7243176109131062,S18_1749,Motor Mint Distributors Inc.,2155559857,11328 Douglas Av.,,Philadelphia,PA,71270,USA,EMEA,Hernandez,Rosa,Medium,-0.4360966191414315,0.2752913928073978
10344,1.017194926133075,0.8101579745265006,1,2.2242869996993706,25/11/2004,Shipped,4,11,2004,Vintage Cars,1.7243176109131062,S18_1749,Marseille Mini Autos,91.24.4555,"12, rue des Bouchers",,Marseille,CA,13008,France,EMEA,Lebihan,Laurence,Large,0.8240885810546055,1.4001984186447651
10367,0.1958158424735585,0.8101579745265006,3,0.6244347909363351,12/01/2005,Resolved,1,1,2005,Vintage Cars,1.7243176109131062,S18_1749,Toys4GrownUps.com,6265557265,78934 Hillside Dr.,,Pasadena,CA,90003,USA,EMEA,Young,Julie,Medium,0.15864176631857846,0.4657930246177567
10379,0.40116061338843767,0.8101579745265006,2,1.0022383866734716,10/02/2005,Shipped,1,2,2005,Vintage Cars,1.7243176109131062,S18_1749,Euro Shopping Channel,(91) 555 94 44,"C/ Moralzarzal, 86",,Madrid,CA,28034,Spain,EMEA,Freyre,Diego,Medium,0.3250034700025852,0.6772349166708864
10407,4.200038875313702,0.8101579745265006,2,5.717452507874626,22/04/2005,On Hold,2,4,2005,Vintage Cars,1.7243176109131062,S18_1749,The Sharp Gifts Warehouse,4085553659,3086 Ingle Ln.,,San Jose,CA,94217,USA,EMEA,Frick,Sue,Large,3.40269498815671,2.3147575197179155
10420,0.1958158424735585,0.8101579745265006,5,0.9392747408780295,29/05/2005,In Process,2,5,2005,Vintage Cars,1.7243176109131062,S18_1749,Souveniers And Things Co.,+61 2 9495 8555,"Monitor Money Building, 815 Pacific Hwy",Level 6,Chatswood,NSW,2067,Australia,APAC,Huxley,Adrian,Medium,0.15864176631857846,0.7806329745594511
10108,0.29848822793099805,-0.06289042584120948,2,-0.22973670712121302,03/03/2003,Shipped,1,3,2003,Classic Cars,-0.59022107333208,S18_1889,Cruz & Sons Co.,+63 2 555 3587,15 McCallum Street - NatWest Center #13-03,,Makati City,CA,1227 MM,Philippines,Japan,Cruz,Arnold,Medium,-0.018772051763168464,-0.21096465535804457
10122,0.8118501552181959,-0.5591547351927588,6,-0.23977179271241417,08/05/2003,Shipped,2,5,2003,Classic Cars,-0.59022107333208,S18_1889,Marseille Mini Autos,91.24.4555,"12, rue des Bouchers",,Marseille,CA,13008,France,EMEA,Lebihan,Laurence,Medium,-0.45394985855723047,0.2141780658448163
10135,1.325212082505394,-0.21558713641091679,3,0.13738017409022882,02/07/2003,Shipped,3,7,2003,Classic Cars,-0.59022107333208,S18_1889,Mini Gifts Distributors Ltd.,4155551450,5677 Strong St.,,San Rafael,CA,97562,USA,EMEA,Nelson,Valarie,Medium,-0.28569867800448545,0.4230788520947143
10147,-0.9335803975582768,-0.06289042584120948,3,-0.7666137862504744,05/09/2003,Shipped,3,9,2003,Classic Cars,-0.59022107333208,S18_1889,Collectables For Less Inc.,6175558555,7825 Douglas Av.,,Brickhaven,MA,58339,USA,EMEA,Nelson,Allen,Small,0.05871326875944567,-0.8253270550099201
10160,0.29848822793099805,0.24250299529820515,4,-0.10262562296599856,11/10/2003,Shipped,4,10,2003,Classic Cars,-0.59022107333208,S18_1889,"Men 'R' US Retailers, Ltd.",2155554369,6047 Douglas Av.,,Los Angeles,CA,,USA,EMEA,Chandler,Michael,Medium,0.0723842893345204,-0.17500991230051896
10170,-1.5496147103029143,-1.0172448669018808,2,-1.2441166089651288,04/11/2003,Shipped,4,11,2003,Classic Cars,-0.59022107333208,S18_1889,Mini Auto Werke,7675-3555,Kirchgasse 6,,Graz,CA,8010,Austria,EMEA,Mendel,Roland,Small,1.5763376097312847,-2.8204542186964137
10181,-1.344269939388035,-0.48280637990790476,10,-1.0467599256715063,12/11/2003,Shipped,4,11,2003,Classic Cars,-0.59022107333208,S18_1889,Herkku Gifts,+47 2267 3215,"Drammen 121, PR 744 Sentrum",,Bergen,CA,N 5804,Norway,EMEA,Oeztan,Veysel,Small,0.6490221030549558,-1.695782028726462
10192,1.017194926133075,0.35702552822548583,15,0.29041522935604613,20/11/2003,Shipped,4,11,2003,Classic Cars,-0.59022107333208,S18_1889,Online Diecast Creations Co.,6035558647,2304 Long Airport Avenue,,Nashua,NH,62005,USA,EMEA,Young,Valarie,Medium,0.36316455581094514,-0.07274932645489901
10203,1.017194926133075,0.08980628472849783,4,0.15870473097153123,02/12/2003,Shipped,4,12,2003,Classic Cars,-0.59022107333208,S18_1889,Euro Shopping Channel,(91) 555 94 44,"C/ Moralzarzal, 86",,Madrid,CA,28034,Spain,EMEA,Freyre,Diego,Medium,0.09135049716069026,0.06735423381084098
10212,-1.5496147103029143,-0.8263739786897467,14,-1.2023037523351239,16/01/2004,Shipped,1,1,2004,Classic Cars,-0.59022107333208,S18_1889,Euro Shopping Channel,(91) 555 94 44,"C/ Moralzarzal, 86",,Madrid,CA,28034,Spain,EMEA,Freyre,Diego,Small,1.2805612735891785,-2.482865025924302
10225,1.2225396970479543,-0.9408965116170267,5,-0.27907587794461874,22/02/2004,Shipped,1,2,2004,Classic Cars,-0.59022107333208,S18_1889,"Vida Sport, Ltd",0897-034555,Grenzacherweg 237,,Gensve,CA,1203,Switzerland,EMEA,Holz,Michael,Medium,-1.1502833362657567,0.871207458321138
10239,1.1198673115905147,-0.48280637990790476,4,-0.08339170891619634,12/04/2004,Shipped,2,4,2004,Classic Cars,-0.59022107333208,S18_1889,"Oulu Toy Supplies, Inc.",981-443655,Torikatu 38,,Oulu,CA,90110,Finland,EMEA,Koskitalo,Pirkko,Medium,-0.540679082686214,0.45728737377001766
10253,-1.2415975539305957,0.013457929443644528,9,-0.8815991419829874,01/06/2004,Cancelled,2,6,2004,Classic Cars,-0.59022107333208,S18_1889,"UK Collectables, Ltd.",(171) 555-2282,Berkeley Gardens 12  Brewery,,Liverpool,CA,WX1 6LT,UK,EMEA,Devon,Elizabeth,Small,-0.01670933227819959,-0.8648898097047878
10266,-0.21487369935619982,-0.4446322022654781,10,-0.5914179169707544,06/07/2004,Shipped,3,7,2004,Classic Cars,-0.59022107333208,S18_1889,L'ordine Souveniers,0522-556555,Strada Provinciale 124,,Reggio Emilia,CA,42100,Italy,EMEA,Moroni,Maurizio,Small,0.09553976615367737,-0.6869576831244317
10278,-0.6255632411859581,0.35702552822548583,10,-0.4990115038184438,06/08/2004,Shipped,3,8,2004,Classic Cars,-0.59022107333208,S18_1889,Signal Gift Stores,7025551838,8489 Strong St.,,Las Vegas,NV,83030,USA,EMEA,King,Sue,Small,-0.22334204662286367,-0.2756694571955801
10287,0.9145225406756355,-0.06289042584120948,8,0.038701832443417426,30/08/2004,Shipped,3,8,2004,Classic Cars,-0.59022107333208,S18_1889,"Vida Sport, Ltd",0897-034555,Grenzacherweg 237,,Gensve,CA,1203,Switzerland,EMEA,Holz,Michael,Medium,-0.057514712024475535,0.09621654446789296
10300,0.6065053843033168,0.43337388351033984,1,0.12734508849902765,04/10/2003,Shipped,4,10,2003,Classic Cars,-0.59022107333208,S18_1889,"Blauer See Auto, Co.",+49 69 66 90 2555,Lyonerstr. 34,,Frankfurt,CA,60528,Germany,EMEA,Keitel,Roland,Medium,0.2628435937654595,-0.13549850526643187
10310,-1.5496147103029143,0.3951997058679125,6,-0.9347014699030936,16/10/2004,Shipped,4,10,2004,Classic Cars,-0.59022107333208,S18_1889,"Toms Spezialitten, Ltd",0221-5554327,Mehrheimerstr. 369,,Koln,CA,50739,Germany,EMEA,Pfalzheim,Henriette,Small,-0.6124072777203021,-0.32229419218279143
10321,0.1958158424735585,-0.25376131405334346,14,-0.351830248480827,04/11/2004,Shipped,4,11,2004,Classic Cars,-0.59022107333208,S18_1889,FunGiftIdeas.com,5085552555,1785 First Street,,New Bedford,MA,50553,USA,EMEA,Benitez,Violeta,Small,-0.049690485498552706,-0.3021397629822743
10329,-0.6255632411859581,0.8101579745265006,9,-0.3253143810880591,15/11/2004,Shipped,4,11,2004,Classic Cars,-0.59022107333208,S18_1889,Land of Toys Inc.,2125557818,897 Long Airport Avenue,,NYC,NY,10022,USA,EMEA,Yu,Kwai,Small,-0.5068050484174486,0.18149066732938945
10342,2.043918780707471,-0.9027223339746001,1,0.024903589755515928,24/11/2004,Shipped,4,11,2004,Classic Cars,-0.59022107333208,S18_1889,"Australian Collectors, Co.",03 9520 4555,636 St Kilda Road,Level 3,Melbourne,Victoria,3004,Australia,APAC,Ferguson,Peter,Medium,-1.845091132174767,1.8699947219302828
10363,-1.344269939388035,0.8101579745265006,7,0.07203265244276415,06/01/2005,Shipped,1,1,2005,Classic Cars,-0.59022107333208,S18_1889,Suominen Souveniers,+358 9 8045 555,"Software Engineering Center, SEC Oy",,Espoo,CA,FIN-02271,Finland,EMEA,Suominen,Kalle,Medium,-1.0890710113114723,1.1611036637542365
10377,-0.42021847027107895,-0.7881998010473193,4,-0.7891927288306769,09/02/2005,Shipped,1,2,2005,Classic Cars,-0.59022107333208,S18_1889,"Toys of Finland, Co.",90-224 8555,Keskuskatu 45,,Helsinki,CA,21240,Finland,EMEA,Karttunen,Matti,Small,0.3312161146640733,-1.1204088434947503
10389,1.4278844679628335,-0.2200490532782136,3,0.17805268008486988,03/03/2005,Shipped,1,3,2005,Classic Cars,-0.59022107333208,S18_1889,Scandinavian Gift Ideas,0695-34 6555,?kergatan 24,,Boras,CA,S-844 67,Sweden,EMEA,Larsson,Maria,Medium,-0.3142046253658873,0.4922573054507572
10405,2.6599530934521085,-0.48280637990790476,4,0.5187134265558722,14/04/2005,Shipped,2,4,2005,Classic Cars,-0.59022107333208,S18_1889,Mini Caravy,88.60.1555,"24, place Kluber",,Strasbourg,CA,67000,France,EMEA,Citeaux,Frederique,Medium,-1.2842423237744451,1.8029557503303173
10419,0.40116061338843767,0.013457929443644528,9,-0.1523829223557043,17/05/2005,Shipped,2,5,2005,Classic Cars,-0.59022107333208,S18_1889,Salzburg Collectables,6562-9555,Geislweg 14,,Salzburg,CA,5020,Austria,EMEA,Pipps,Georg,Medium,0.005398791230550755,-0.15778171358625506
10109,0.29848822793099805,0.8101579745265006,3,0.47721552391087263,10/03/2003,Shipped,1,3,2003,Classic Cars,1.0274672543661685,S18_1984,Motor Mint Distributors Inc.,2155559857,11328 Douglas Av.,,Philadelphia,PA,71270,USA,EMEA,Hernandez,Rosa,Medium,0.24182261816058184,0.2353929057502908
10122,-0.42021847027107895,0.8101579745265006,1,0.2970889956934845,08/05/2003,Shipped,2,5,2003,Classic Cars,1.0274672543661685,S18_1984,Marseille Mini Autos,91.24.4555,"12, rue des Bouchers",,Marseille,CA,13008,France,EMEA,Lebihan,Laurence,Medium,-0.34044334473344184,0.6375323404269264
10136,0.09314345701611891,0.8101579745265006,1,0.9344526867627769,04/07/2003,Shipped,3,7,2003,Classic Cars,1.0274672543661685,S18_1984,Alpha Cognac,61.77.6555,1 rue Alsace-Lorraine,,Toulouse,CA,31000,France,EMEA,Roulet,Annette,Medium,0.07546091447657508,0.8589917722862018
10148,-1.0362527830157164,0.8101579745265006,12,0.36823058461682134,11/09/2003,Shipped,3,9,2003,Classic Cars,1.0274672543661685,S18_1984,"Anna's Decorations, Ltd",02 9936 8555,201 Miller Street,Level 15,North Sydney,NSW,2060,Australia,APAC,O'Hara,Anna,Medium,-0.8395284557854622,1.2077590404022835
10161,1.325212082505394,0.8101579745265006,11,1.4072746416313189,17/10/2003,Shipped,4,10,2003,Classic Cars,1.0274672543661685,S18_1984,Heintze Collectables,86 21 3555,Smagsloget 45,,Aaarhus,CA,8200,Denmark,EMEA,Ibsen,Palle,Medium,1.0736311365806157,0.33364350505070317
10171,-0.009528928441320661,0.8101579745265006,1,0.6116139916501736,05/11/2003,Shipped,4,11,2003,Classic Cars,1.0274672543661685,S18_1984,Quebec Home Shopping Network,(514) 555-8054,43 rue St. Laurent,,Montreal,Quebec,H1J 1C3,Canada,EMEA,Fresnisre,Jean,Medium,-0.007719937365428311,0.6193339290156019
10181,-1.4469423248454747,0.8101579745265006,5,-0.14542678347998536,12/11/2003,Shipped,4,11,2003,Classic Cars,1.0274672543661685,S18_1984,Herkku Gifts,+47 2267 3215,"Drammen 121, PR 744 Sentrum",,Bergen,CA,N 5804,Norway,EMEA,Oeztan,Veysel,Medium,-1.1722518631534757,1.0268250796734903
10192,1.2225396970479543,0.8101579745265006,10,2.100097385267136,20/11/2003,Shipped,4,11,2003,Classic Cars,1.0274672543661685,S18_1984,Online Diecast Creations Co.,6035558647,2304 Long Airport Avenue,,Nashua,NH,62005,USA,EMEA,Young,Valarie,Large,0.9904502847386123,1.1096471005285236
10204,0.29848822793099805,0.8101579745265006,16,1.5632311666201162,02/12/2003,Shipped,4,12,2003,Classic Cars,1.0274672543661685,S18_1984,Muscle Machine Inc,2125557413,4092 Furth Circle,Suite 400,NYC,NY,10022,USA,EMEA,Young,Jeff,Medium,0.24182261816058184,1.3214085484595344
10212,0.6065053843033168,0.8101579745265006,9,0.6988616757377434,16/01/2004,Shipped,1,1,2004,Classic Cars,1.0274672543661685,S18_1984,Euro Shopping Channel,(91) 555 94 44,"C/ Moralzarzal, 86",,Madrid,CA,28034,Spain,EMEA,Freyre,Diego,Medium,0.491365173686592,0.2074965020511514
10226,-1.138925168473156,0.8101579745265006,7,0.18364582843927296,26/02/2004,Shipped,1,2,2004,Classic Cars,1.0274672543661685,S18_1984,Collectable Mini Designs Co.,7605558146,361 Furth Circle,,San Diego,CA,91217,USA,EMEA,Thompson,Valarie,Medium,-0.9227093076274656,1.1063551360667385
10240,0.1958158424735585,0.8101579745265006,2,1.0710775533615975,13/04/2004,Shipped,2,4,2004,Classic Cars,1.0274672543661685,S18_1984,Osaka Souveniers Co.,+81 06 6342 5555,"Dojima Avanza 4F, 1-6-20 Dojima, Kita-ku",,Osaka,Osaka,530-0003,Japan,Japan,Kentary,Mory,Medium,0.15864176631857846,0.9124357870430191
10253,-0.21487369935619982,0.8101579745265006,4,0.491833733008012,01/06/2004,Cancelled,2,6,2004,Classic Cars,1.0274672543661685,S18_1984,"UK Collectables, Ltd.",(171) 555-2282,Berkeley Gardens 12  Brewery,,Liverpool,CA,WX1 6LT,UK,EMEA,Devon,Elizabeth,Medium,-0.17408164104943508,0.665915374057447
10266,1.4278844679628335,0.8101579745265006,5,1.4387483191673587,06/07/2004,Shipped,3,7,2004,Classic Cars,1.0274672543661685,S18_1984,L'ordine Souveniers,0522-556555,Strada Provinciale 124,,Reggio Emilia,CA,42100,Italy,EMEA,Moroni,Maurizio,Medium,1.1568119884226191,0.28193633074473956
10278,-0.6255632411859581,0.8101579745265006,5,0.10869221024914896,06/08/2004,Shipped,3,8,2004,Classic Cars,1.0274672543661685,S18_1984,Signal Gift Stores,7025551838,8489 Strong St.,,Las Vegas,NV,83030,USA,EMEA,King,Sue,Medium,-0.5068050484174486,0.6154972586665975
10287,-1.138925168473156,0.8101579745265006,3,-0.020314028057217787,30/08/2004,Shipped,3,8,2004,Classic Cars,1.0274672543661685,S18_1984,"Vida Sport, Ltd",0897-034555,Grenzacherweg 237,,Gensve,CA,1203,Switzerland,EMEA,Holz,Michael,Medium,-0.9227093076274656,0.9023952795702478
10301,1.2225396970479543,0.8101579745265006,7,2.13633881450722,05/10/2003,Shipped,4,10,2003,Classic Cars,1.0274672543661685,S18_1984,"Norway Gifts By Mail, Co.",+47 2212 1555,"Drammensveien 126 A, PB 744 Sentrum",,Oslo,CA,N 0106,Norway,EMEA,Klaeboe,Jan,Large,0.9904502847386123,1.1458885297686079
10310,-1.138925168473156,0.8101579745265006,1,-0.057456877323351946,16/10/2004,Shipped,4,10,2004,Classic Cars,1.0274672543661685,S18_1984,"Toms Spezialitten, Ltd",0221-5554327,Mehrheimerstr. 369,,Koln,CA,50739,Germany,EMEA,Pfalzheim,Henriette,Medium,-0.9227093076274656,0.8652524303041137
10321,-1.0362527830157164,0.8101579745265006,9,0.09780457680198529,04/11/2004,Shipped,4,11,2004,Classic Cars,1.0274672543661685,S18_1984,FunGiftIdeas.com,5085552555,1785 First Street,,New Bedford,MA,50553,USA,EMEA,Benitez,Violeta,Medium,-0.8395284557854622,0.9373330325874475
10331,-0.5228908557285186,-2.537766981568415,8,-1.4008876701220427,17/11/2004,Shipped,4,11,2004,Classic Cars,1.0274672543661685,S18_1984,Motor Mint Distributors Inc.,2155559857,11328 Douglas Av.,,Philadelphia,PA,71270,USA,EMEA,Hernandez,Rosa,Small,1.3269751486318881,-2.727862818753931
10342,-1.344269939388035,0.8101579745265006,3,-0.21348942568783993,24/11/2004,Shipped,4,11,2004,Classic Cars,1.0274672543661685,S18_1984,"Australian Collectors, Co.",03 9520 4555,636 St Kilda Road,Level 3,Melbourne,Victoria,3004,Australia,APAC,Ferguson,Peter,Medium,-1.0890710113114723,0.8755815856236324
10356,-0.8309080121008373,-0.9404007430762165,2,-0.9813852528184377,09/12/2004,Shipped,4,12,2004,Classic Cars,1.0274672543661685,S18_1984,Lyon Souveniers,+33 1 46 62 7555,27 rue du Colonel Pierre Avia,,Paris,CA,75508,France,EMEA,Da Cunha,Daniel,Small,0.7813865120076092,-1.7627717648260468
10366,-0.11220131389876024,0.8101579745265006,3,0.3551111220690173,10/01/2005,Shipped,1,1,2005,Classic Cars,1.0274672543661685,S18_1984,Royale Belge,(071) 23 67 2555,"Boulevard Tirou, 255",,Charleroi,CA,B-6000,Belgium,EMEA,Cartrain,Pascale,Medium,-0.0909007892074317,0.446011911276449
10377,0.09314345701611891,0.8101579745265006,6,0.43380617639135877,09/02/2005,Shipped,1,2,2005,Classic Cars,1.0274672543661685,S18_1984,"Toys of Finland, Co.",90-224 8555,Keskuskatu 45,,Helsinki,CA,21240,Finland,EMEA,Karttunen,Matti,Medium,0.07546091447657508,0.35834526191478366
10390,-0.11220131389876024,-2.013243865390654,15,-1.1350230648486619,04/03/2005,Shipped,1,3,2005,Classic Cars,1.0274672543661685,S18_1984,Mini Gifts Distributors Ltd.,4155551450,5677 Strong St.,,San Rafael,CA,97562,USA,EMEA,Nelson,Valarie,Small,0.22588860689545018,-1.360911671744112
10406,1.325212082505394,0.8101579745265006,2,1.9632444485412421,15/04/2005,Disputed,2,4,2005,Classic Cars,1.0274672543661685,S18_1984,Danish Wholesale Imports,31 12 3555,Vinb'ltet 34,,Kobenhavn,CA,1734,Denmark,EMEA,Petersen,Jytte,Large,1.0736311365806157,0.8896133119606264
10419,-0.11220131389876024,0.8101579745265006,4,0.5652180115142309,17/05/2005,Shipped,2,5,2005,Classic Cars,1.0274672543661685,S18_1984,Salzburg Collectables,6562-9555,Geislweg 14,,Salzburg,CA,5020,Austria,EMEA,Pipps,Georg,Medium,-0.0909007892074317,0.6561188007216626
10104,-1.138925168473156,0.8101579745265006,8,-0.0521135200605045,31/01/2003,Shipped,1,1,2003,Classic Cars,1.5501050217763719,S18_2238,Euro Shopping Channel,(91) 555 94 44,"C/ Moralzarzal, 86",,Madrid,CA,28034,Spain,EMEA,Freyre,Diego,Medium,-0.9227093076274656,0.8705957875669611
10115,1.1198673115905147,0.8101579745265006,4,2.0783003974083254,04/04/2003,Shipped,2,4,2003,Classic Cars,1.5501050217763719,S18_2238,Classic Legends Inc.,2125558493,5905 Pompton St.,Suite 750,NYC,NY,10022,USA,EMEA,Hernandez,Maria,Large,0.9072694328966089,1.1710309645117165
10127,1.017194926133075,0.8101579745265006,10,1.9510915689129367,03/06/2003,Shipped,2,6,2003,Classic Cars,1.5501050217763719,S18_2238,Muscle Machine Inc,2125557413,4092 Furth Circle,Suite 400,NYC,NY,10022,USA,EMEA,Young,Jeff,Large,0.8240885810546055,1.1270029878583312
10141,0.40116061338843767,0.8101579745265006,4,1.2949175226012632,01/08/2003,Shipped,3,8,2003,Classic Cars,1.5501050217763719,S18_2238,Suominen Souveniers,+358 9 8045 555,"Software Engineering Center, SEC Oy",,Espoo,CA,FIN-02271,Finland,EMEA,Suominen,Kalle,Medium,0.3250034700025852,0.969914052598678
10151,0.8118501552181959,0.8101579745265006,2,1.9315481311192502,21/09/2003,Shipped,3,9,2003,Classic Cars,1.5501050217763719,S18_2238,"Oulu Toy Supplies, Inc.",981-443655,Torikatu 38,,Oulu,CA,90110,Finland,EMEA,Koskitalo,Pirkko,Large,0.6577268773705988,1.2738212537486513
10165,-0.6255632411859581,0.8101579745265006,11,0.8031657471856825,22/10/2003,Shipped,4,10,2003,Classic Cars,1.5501050217763719,S18_2238,"Dragon Souveniers, Ltd.",+65 221 7555,"Bronz Sok., Bronz Apt. 3/6 Tesvikiye",,Singapore,CA,79903,Singapore,Japan,Natividad,Eric,Medium,-0.5068050484174486,1.309970795603131
10176,-1.5496147103029143,0.8101579745265006,10,0.0617477757600071,06/11/2003,Shipped,4,11,2003,Classic Cars,1.5501050217763719,S18_2238,L'ordine Souveniers,0522-556555,Strada Provinciale 124,,Reggio Emilia,CA,42100,Italy,EMEA,Moroni,Maurizio,Medium,-1.2554327149954791,1.3171804907554863
10184,1.1198673115905147,0.8101579745265006,5,2.0783003974083254,14/11/2003,Shipped,4,11,2003,Classic Cars,1.5501050217763719,S18_2238,"Iberia Gift Imports, Corp.",(95) 555 82 82,"C/ Romero, 33",,Sevilla,CA,41101,Spain,EMEA,Roel,Jose Pedro,Large,0.9072694328966089,1.1710309645117165
10195,-0.8309080121008373,0.8101579745265006,5,0.8548399216910234,25/11/2003,Shipped,4,11,2003,Classic Cars,1.5501050217763719,S18_2238,Mini Classics,9145554562,3758 North Pendale Street,,White Plains,NY,24067,USA,EMEA,Frick,Steve,Medium,-0.6731667521014554,1.5280066737924787
10207,0.9145225406756355,0.8101579745265006,6,1.9040330993602588,09/12/2003,Shipped,4,12,2003,Classic Cars,1.5501050217763719,S18_2238,Diecast Collectables,6175552555,6251 Ingle Ln.,,Boston,MA,51003,USA,EMEA,Franco,Valarie,Large,0.7409077292126022,1.1631253701476565
10219,0.8118501552181959,0.8101579745265006,1,2.6579677765693317,10/02/2004,Shipped,1,2,2004,Classic Cars,1.5501050217763719,S18_2238,Signal Collectibles Ltd.,4155554312,2793 Furth Circle,,Brisbane,CA,94217,USA,EMEA,Taylor,Sue,Large,0.6577268773705988,2.000240899198733
10230,1.4278844679628335,0.8101579745265006,8,2.0345055027692363,15/03/2004,Shipped,1,3,2004,Classic Cars,1.5501050217763719,S18_2238,"Blauer See Auto, Co.",+49 69 66 90 2555,Lyonerstr. 34,,Frankfurt,CA,60528,Germany,EMEA,Keitel,Roland,Large,1.1568119884226191,0.8776935143466171
10246,0.5038329988458772,0.8101579745265006,4,1.6265260571239257,05/05/2004,Shipped,2,5,2004,Classic Cars,1.5501050217763719,S18_2238,Euro Shopping Channel,(91) 555 94 44,"C/ Moralzarzal, 86",,Madrid,CA,28034,Spain,EMEA,Freyre,Diego,Medium,0.4081843218445886,1.218341735279337
10259,-0.5228908557285186,0.8101579745265006,3,1.1642496305119379,15/06/2004,Shipped,2,6,2004,Classic Cars,1.5501050217763719,S18_2238,Handji Gifts& Co,+65 224 1555,Village Close - 106 Linden Road Sandown,2nd Floor,Singapore,CA,69045,Singapore,APAC,Victorino,Wendy,Medium,-0.42362419657544526,1.5878738270873831
10271,1.530556853420273,0.8101579745265006,4,3.0491406259458285,20/07/2004,Shipped,3,7,2004,Classic Cars,1.5501050217763719,S18_2238,Mini Gifts Distributors Ltd.,4155551450,5677 Strong St.,,San Rafael,CA,97562,USA,EMEA,Nelson,Valarie,Large,1.2399928402646223,1.8091477856812062
10282,-1.2415975539305957,0.8101579745265006,13,-0.17119327759808559,20/08/2004,Shipped,3,8,2004,Classic Cars,1.5501050217763719,S18_2238,Mini Gifts Distributors Ltd.,4155551450,5677 Strong St.,,San Rafael,CA,97562,USA,EMEA,Nelson,Valarie,Medium,-1.005890159469469,0.8346968818713834
10292,-0.9335803975582768,0.8101579745265006,7,0.5435947913712853,08/09/2004,Shipped,3,9,2004,Classic Cars,1.5501050217763719,S18_2238,Land of Toys Inc.,2125557818,897 Long Airport Avenue,,NYC,NY,10022,USA,EMEA,Yu,Kwai,Medium,-0.7563476039434588,1.2999423953147442
10305,-0.8309080121008373,0.8101579745265006,4,0.20664832982689643,13/10/2004,Shipped,4,10,2004,Classic Cars,1.5501050217763719,S18_2238,Marta's Replicas Co.,6175558555,39323 Spinnaker Dr.,,Cambridge,MA,51247,USA,EMEA,Hernandez,Marta,Medium,-0.6731667521014554,0.8798150819283518
10314,0.7091777697607564,0.8101579745265006,13,1.206800999934369,22/10/2004,Shipped,4,10,2004,Classic Cars,1.5501050217763719,S18_2238,Heintze Collectables,86 21 3555,Smagsloget 45,,Aaarhus,CA,8200,Denmark,EMEA,Ibsen,Palle,Medium,0.5745460255285955,0.6322549744057735
10324,1.2225396970479543,0.8101579745265006,8,1.9839716788992587,05/11/2004,Shipped,4,11,2004,Classic Cars,1.5501050217763719,S18_2238,Vitachrome Inc.,2125551500,2678 Kingston Rd.,Suite 101,NYC,NY,10022,USA,EMEA,Frick,Michael,Large,0.9904502847386123,0.9935213941606464
10336,1.4278844679628335,0.8101579745265006,6,2.121514256247491,20/11/2004,Shipped,4,11,2004,Classic Cars,1.5501050217763719,S18_2238,"La Corne D'abondance, Co.",(1) 42.34.2555,"265, boulevard Charonne",,Paris,CA,75012,France,EMEA,Bertrand,Marie,Large,1.1568119884226191,0.964702267824872
10349,0.29848822793099805,0.8101579745265006,8,1.7190247843752897,01/12/2004,Shipped,4,12,2004,Classic Cars,1.5501050217763719,S18_2238,Muscle Machine Inc,2125557413,4092 Furth Circle,Suite 400,NYC,NY,10022,USA,EMEA,Young,Jeff,Medium,0.24182261816058184,1.477202166214708
10358,-1.5496147103029143,0.8101579745265006,10,-0.6113849135718619,10/12/2004,Shipped,4,12,2004,Classic Cars,1.5501050217763719,S18_2238,Euro Shopping Channel,(91) 555 94 44,"C/ Moralzarzal, 86",,Madrid,CA,28034,Spain,EMEA,Freyre,Diego,Small,-1.2554327149954791,0.6440478014236173
10371,-1.0362527830157164,0.8101579745265006,7,-0.5167629620422731,23/01/2005,Shipped,1,1,2005,Classic Cars,1.5501050217763719,S18_2238,Mini Gifts Distributors Ltd.,4155551450,5677 Strong St.,,San Rafael,CA,97562,USA,EMEA,Nelson,Valarie,Small,-0.8395284557854622,0.3227654937431891
10382,-1.0362527830157164,0.21523572555361467,5,-0.7351944111256422,17/02/2005,Shipped,1,2,2005,Classic Cars,1.5501050217763719,S18_2238,Mini Gifts Distributors Ltd.,4155551450,5677 Strong St.,,San Rafael,CA,97562,USA,EMEA,Nelson,Valarie,Small,-0.22303861960934016,-0.5121557915163021
10412,0.6065053843033168,0.8101579745265006,4,1.7154353949944543,03/05/2005,Shipped,2,5,2005,Classic Cars,1.5501050217763719,S18_2238,Euro Shopping Channel,(91) 555 94 44,"C/ Moralzarzal, 86",,Madrid,CA,28034,Spain,EMEA,Freyre,Diego,Medium,0.491365173686592,1.2240702213078622
10425,-0.7282356266433977,0.8101579745265006,3,0.957976491297995,31/05/2005,In Process,2,5,2005,Classic Cars,1.5501050217763719,S18_2238,La Rochelle Gifts,40.67.8555,"67, rue des Cinquante Otages",,Nantes,CA,44000,France,EMEA,Labrune,Janine,Medium,-0.589985900259452,1.547962391557447
10100,1.530556853420273,-0.7862167268840768,2,-0.08899571775284122,06/01/2003,Shipped,1,1,2003,Vintage Cars,-1.0133087898070066,S18_2248,Online Diecast Creations Co.,6035558647,2304 Long Airport Avenue,,Nashua,NH,62005,USA,EMEA,Young,Valarie,Medium,-1.2033493996060787,1.1143536818532374
10110,-0.3175460848136394,-1.6562905160069223,6,-1.0566646854758086,18/03/2003,Shipped,1,3,2003,Vintage Cars,-1.0133087898070066,S18_2248,"AV Stores, Co.",(171) 555-1555,Fauntleroy Circus,,Manchester,CA,EC2 5NT,UK,EMEA,Ashworth,Victoria,Small,0.5259485686719607,-1.5826132541477693
10124,0.7091777697607564,-1.4763265356926243,5,-0.7010056130292123,21/05/2003,Shipped,2,5,2003,Vintage Cars,-1.0133087898070066,S18_2248,Signal Gift Stores,7025551838,8489 Strong St.,,Las Vegas,NV,83030,USA,EMEA,King,Sue,Small,-1.046977960021119,0.3459723469919068
10149,-1.138925168473156,-1.0559148130851184,10,-1.1171358505968128,12/09/2003,Shipped,3,9,2003,Vintage Cars,-1.0133087898070066,S18_2248,Signal Collectibles Ltd.,4155554312,2793 Furth Circle,,Brisbane,CA,94217,USA,EMEA,Taylor,Sue,Small,1.2026079563862695,-2.319743806983082
10162,-0.8309080121008373,-0.6959868524565221,8,-0.9091033132597374,18/10/2003,Shipped,4,10,2003,Vintage Cars,-1.0133087898070066,S18_2248,Corporate Gift Ideas Co.,6505551386,7734 Strong St.,,San Francisco,CA,,USA,EMEA,Brown,Julie,Small,0.5783010520229676,-1.487404365282705
10173,-0.9335803975582768,-1.2963625553783265,12,-1.1178852238714805,05/11/2003,Shipped,4,11,2003,Vintage Cars,-1.0133087898070066,S18_2248,Rovelli Gifts,035-640555,Via Ludovico il Moro 22,,Bergamo,CA,24100,Italy,EMEA,Rovelli,Giovanni,Small,1.2102586698297617,-2.328143893701242
10182,0.29848822793099805,-1.1159028065232177,9,-0.6680223284615957,12/11/2003,Shipped,4,11,2003,Vintage Cars,-1.0133087898070066,S18_2248,Mini Gifts Distributors Ltd.,4155551450,5677 Strong St.,,San Rafael,CA,97562,USA,EMEA,Nelson,Valarie,Small,-0.33308385126234263,-0.33493847719925307
10193,0.7091777697607564,-1.2061326809507722,13,-0.5767073937745617,21/11/2003,Shipped,4,11,2003,Vintage Cars,-1.0133087898070066,S18_2248,"Australian Collectables, Ltd",61-9-3844-6555,7 Allen Street,,Glen Waverly,Victoria,3150,Australia,APAC,Connery,Sean,Small,-0.8553624847122306,0.27865509093766894
10204,-1.2415975539305957,-0.6057569780289681,3,-1.03759367865963,02/12/2003,Shipped,4,12,2003,Vintage Cars,-1.0133087898070066,S18_2248,Muscle Machine Inc,2125557413,4092 Furth Circle,Suite 400,NYC,NY,10022,USA,EMEA,Young,Jeff,Small,0.7521063821971564,-1.7897000608567866
10214,-1.4469423248454747,-1.026168700636474,6,-1.2118826976721797,26/01/2004,Shipped,1,1,2004,Vintage Cars,-1.0133087898070066,S18_2248,"Corrida Auto Replicas, Ltd",(91) 555 22 82,"C/ Araquil, 67",,Madrid,CA,28023,Spain,EMEA,Sommer,Mart¡n,Small,1.4848069253825995,-2.6966896230547794
10227,-0.7282356266433977,-1.6265444035582781,9,-1.1566897269205734,02/03/2004,Shipped,1,3,2004,Vintage Cars,-1.0133087898070066,S18_2248,"Saveley & Henriot, Co.",78.32.5555,"2, rue du Commerce",,Lyon,CA,69004,France,EMEA,Saveley,Mary,Small,1.1845075829885743,-2.3411973099091474
10241,-0.21487369935619982,-0.5457689845908683,1,-0.6279743001958443,13/04/2004,Shipped,2,4,2004,Vintage Cars,-1.0133087898070066,S18_2248,Mini Caravy,88.60.1555,"24, place Kluber",,Strasbourg,CA,67000,France,EMEA,Citeaux,Frederique,Small,0.1172714007129167,-0.745245700908761
10280,-1.0362527830157164,-1.026168700636474,15,-1.0751275052864602,17/08/2004,Shipped,3,8,2004,Vintage Cars,-1.0133087898070066,S18_2248,Amica Models & Co.,011-4988555,Via Monte Bianco 34,,Torino,CA,10100,Italy,EMEA,Accorti,Paolo,Small,1.0633701718781676,-2.1384976771646276
10288,-0.7282356266433977,-1.0861566940745733,4,-0.9909587679143727,01/09/2004,Shipped,3,9,2004,Vintage Cars,-1.0133087898070066,S18_2248,Handji Gifts& Co,+65 224 1555,Village Close - 106 Linden Road Sandown,2nd Floor,Singapore,CA,69045,Singapore,APAC,Victorino,Wendy,Small,0.790978000742318,-1.7819367686566907
10303,1.1198673115905147,-1.7162785094450217,2,-0.7048719447072075,06/10/2004,Shipped,4,10,2004,Vintage Cars,-1.0133087898070066,S18_2248,"Iberia Gift Imports, Corp.",(95) 555 82 82,"C/ Romero, 33",,Sevilla,CA,41101,Spain,EMEA,Roel,Jose Pedro,Small,-1.9220042003127722,1.2171322556055646
10312,-0.5228908557285186,-1.1159028065232177,16,-0.9336697240901454,21/10/2004,Shipped,4,10,2004,Vintage Cars,-1.0133087898070066,S18_2248,Mini Gifts Distributors Ltd.,4155551450,5677 Strong St.,,San Rafael,CA,97562,USA,EMEA,Nelson,Valarie,Small,0.5834953734127808,-1.517165097502926
10332,0.29848822793099805,0.029322522749587816,9,-0.1913557628795412,17/11/2004,Shipped,4,11,2004,Vintage Cars,-1.0133087898070066,S18_2248,"AV Stores, Co.",(171) 555-1555,Fauntleroy Circus,,Manchester,CA,EC2 5NT,UK,EMEA,Ashworth,Victoria,Medium,0.008752427853990843,-0.20010819073353203
10344,0.5038329988458772,-1.326108667826971,2,-0.6937073689628842,25/11/2004,Shipped,4,11,2004,Vintage Cars,-1.0133087898070066,S18_2248,Marseille Mini Autos,91.24.4555,"12, rue des Bouchers",,Marseille,CA,13008,France,EMEA,Lebihan,Laurence,Small,-0.668137306906774,-0.025570062056110232
10367,1.017194926133075,0.8101579745265006,4,2.8948131732932647,12/01/2005,Resolved,1,1,2005,Vintage Cars,-1.0133087898070066,S18_2248,Toys4GrownUps.com,6265557265,78934 Hillside Dr.,,Pasadena,CA,90003,USA,EMEA,Young,Julie,Large,0.8240885810546055,2.0707245922386592
10379,-0.8309080121008373,-1.7033885273839426,1,-1.2070280621102025,10/02/2005,Shipped,1,2,2005,Vintage Cars,-1.0133087898070066,S18_2248,Euro Shopping Channel,(91) 555 94 44,"C/ Moralzarzal, 86",,Madrid,CA,28034,Spain,EMEA,Freyre,Diego,Small,1.4153591751239645,-2.6223872372341672
10407,0.7091777697607564,-0.5457689845908683,1,-0.2729179845136543,22/04/2005,On Hold,2,4,2005,Vintage Cars,-1.0133087898070066,S18_2248,The Sharp Gifts Warehouse,4085553659,3086 Ingle Ln.,,San Jose,CA,94217,USA,EMEA,Frick,Sue,Medium,-0.3870472312967446,0.11412924678309033
10420,0.09314345701611891,-0.995926819647019,4,-0.6871259167244991,29/05/2005,In Process,2,5,2005,Vintage Cars,-1.0133087898070066,S18_2248,Souveniers And Things Co.,+61 2 9495 8555,"Monitor Money Building, 815 Pacific Hwy",Level 6,Chatswood,NSW,2067,Australia,APAC,Huxley,Adrian,Small,-0.09276406691699213,-0.594361849807507
10104,-0.6255632411859581,0.8101579745265006,12,0.11877073776931632,31/01/2003,Shipped,1,1,2003,Trucks and Buses,0.5297169996897844,S18_2319,Euro Shopping Channel,(91) 555 94 44,"C/ Moralzarzal, 86",,Madrid,CA,28034,Spain,EMEA,Freyre,Diego,Medium,-0.5068050484174486,0.6255757861867649
10114,0.40116061338843767,0.8101579745265006,3,0.3315330151225912,01/04/2003,Shipped,2,4,2003,Trucks and Buses,0.5297169996897844,S18_2319,"La Corne D'abondance, Co.",(1) 42.34.2555,"265, boulevard Charonne",,Paris,CA,75012,France,EMEA,Bertrand,Marie,Medium,0.3250034700025852,0.006529545120005975
10127,1.017194926133075,0.8101579745265006,14,1.4890052007401764,03/06/2003,Shipped,2,6,2003,Trucks and Buses,0.5297169996897844,S18_2319,Muscle Machine Inc,2125557413,4092 Furth Circle,Suite 400,NYC,NY,10022,USA,EMEA,Young,Jeff,Medium,0.8240885810546055,0.6649166196855709
10141,1.2225396970479543,0.8101579745265006,8,1.48450353085105,01/08/2003,Shipped,3,8,2003,Trucks and Buses,0.5297169996897844,S18_2319,Suominen Souveniers,+358 9 8045 555,"Software Engineering Center, SEC Oy",,Espoo,CA,FIN-02271,Finland,EMEA,Suominen,Kalle,Medium,0.9904502847386123,0.4940532461124376
10151,1.4278844679628335,0.8101579745265006,6,1.0092922698893645,21/09/2003,Shipped,3,9,2003,Trucks and Buses,0.5297169996897844,S18_2319,"Oulu Toy Supplies, Inc.",981-443655,Torikatu 38,,Oulu,CA,90110,Finland,EMEA,Koskitalo,Pirkko,Medium,1.1568119884226191,-0.14751971853325463
10165,1.1198673115905147,0.8101579745265006,15,1.3196848523531404,22/10/2003,Shipped,4,10,2003,Trucks and Buses,0.5297169996897844,S18_2319,"Dragon Souveniers, Ltd.",+65 221 7555,"Bronz Sok., Bronz Apt. 3/6 Tesvikiye",,Singapore,CA,79903,Singapore,Japan,Natividad,Eric,Medium,0.9072694328966089,0.4124154194565315
10175,1.325212082505394,0.8101579745265006,4,1.2691293075186798,06/11/2003,Shipped,4,11,2003,Trucks and Buses,0.5297169996897844,S18_2319,"Stylish Desk Decors, Co.",(171) 555-0297,35 King George,,London,CA,WX3 6FW,UK,EMEA,Brown,Ann,Medium,1.0736311365806157,0.1954981709380641
10184,1.1198673115905147,0.8101579745265006,9,1.3196848523531404,14/11/2003,Shipped,4,11,2003,Trucks and Buses,0.5297169996897844,S18_2319,"Iberia Gift Imports, Corp.",(95) 555 82 82,"C/ Romero, 33",,Sevilla,CA,41101,Spain,EMEA,Roel,Jose Pedro,Medium,0.9072694328966089,0.4124154194565315
10195,-0.009528928441320661,0.8101579745265006,9,0.029464992296971044,25/11/2003,Shipped,4,11,2003,Trucks and Buses,0.5297169996897844,S18_2319,Mini Classics,9145554562,3758 North Pendale Street,,White Plains,NY,24067,USA,EMEA,Frick,Steve,Medium,-0.007719937365428311,0.037184929662399356
10207,0.8118501552181959,0.8101579745265006,10,1.193920467995879,09/12/2003,Shipped,4,12,2003,Trucks and Buses,0.5297169996897844,S18_2319,Diecast Collectables,6175552555,6251 Ingle Ln.,,Boston,MA,51003,USA,EMEA,Franco,Valarie,Medium,0.6577268773705988,0.5361935906252803
10229,-0.9335803975582768,0.8101579745265006,4,0.11481209199226783,11/03/2004,Shipped,1,3,2004,Trucks and Buses,0.5297169996897844,S18_2319,Mini Gifts Distributors Ltd.,4155551450,5677 Strong St.,,San Rafael,CA,97562,USA,EMEA,Nelson,Valarie,Medium,-0.7563476039434588,0.8711596959357266
10246,-1.344269939388035,0.7199281000989466,8,-0.7569370965732446,05/05/2004,Shipped,2,5,2004,Trucks and Buses,0.5297169996897844,S18_2319,Euro Shopping Channel,(91) 555 94 44,"C/ Moralzarzal, 86",,Madrid,CA,28034,Spain,EMEA,Freyre,Diego,Small,-0.9677777034837541,0.21084060691050954
10259,-0.11220131389876024,0.780907630618667,7,-0.0944585403203457,15/06/2004,Shipped,2,6,2004,Trucks and Buses,0.5297169996897844,S18_2319,Handji Gifts& Co,+65 224 1555,Village Close - 106 Linden Road Sandown,2nd Floor,Singapore,CA,69045,Singapore,APAC,Victorino,Wendy,Medium,-0.08761886218898217,-0.006839678131363533
10271,1.530556853420273,0.8101579745265006,8,0.8360458571720045,20/07/2004,Shipped,3,7,2004,Trucks and Buses,0.5297169996897844,S18_2319,Mini Gifts Distributors Ltd.,4155551450,5677 Strong St.,,San Rafael,CA,97562,USA,EMEA,Nelson,Valarie,Medium,1.2399928402646223,-0.4039469830926178
10281,1.325212082505394,0.8101579745265006,4,1.2052696719383087,19/08/2004,Shipped,3,8,2004,Trucks and Buses,0.5297169996897844,S18_2319,Diecast Classics Inc.,2155551555,7586 Pompton St.,,Allentown,PA,70267,USA,EMEA,Yu,Kyung,Medium,1.0736311365806157,0.131638535357693
10292,0.6065053843033168,0.8101579745265006,11,0.5294327225282914,08/09/2004,Shipped,3,9,2004,Trucks and Buses,0.5297169996897844,S18_2319,Land of Toys Inc.,2125557818,897 Long Airport Avenue,,NYC,NY,10022,USA,EMEA,Yu,Kwai,Medium,0.491365173686592,0.03806754884169944
10305,0.09314345701611891,0.8101579745265006,8,0.6854001079993302,13/10/2004,Shipped,4,10,2004,Trucks and Buses,0.5297169996897844,S18_2319,Marta's Replicas Co.,6175558555,39323 Spinnaker Dr.,,Cambridge,MA,51247,USA,EMEA,Hernandez,Marta,Medium,0.07546091447657508,0.609939193522755
10313,-0.6255632411859581,0.8101579745265006,2,-0.0744535320313927,22/10/2004,Shipped,4,10,2004,Trucks and Buses,0.5297169996897844,S18_2319,Canadian Gift Exchange Network,(604) 555-3392,1900 Oak St.,,Vancouver,BC,V3F 2K1,Canada,EMEA,Tannamuri,Yoshi,Medium,-0.5068050484174486,0.43235151638605585
10324,-0.21487369935619982,-2.2893869426222353,10,-1.2582135149146731,05/11/2004,Shipped,4,11,2004,Trucks and Buses,0.5297169996897844,S18_2319,Vitachrome Inc.,2125551500,2678 Kingston Rd.,Suite 101,NYC,NY,10022,USA,EMEA,Frick,Michael,Small,0.4919290416190197,-1.7501425565336928
10334,1.1198673115905147,0.8101579745265006,6,1.2277617306605788,19/11/2004,On Hold,4,11,2004,Trucks and Buses,0.5297169996897844,S18_2319,"Volvo Model Replicas, Co",0921-12 3555,Berguvsvgen  8,,Lule,CA,S-958 22,Sweden,EMEA,Berglund,Christina,Medium,0.9072694328966089,0.3204922977639699
10349,0.29848822793099805,0.8101579745265006,7,0.9066281312599007,01/12/2004,Shipped,4,12,2004,Trucks and Buses,0.5297169996897844,S18_2319,Muscle Machine Inc,2125557413,4092 Furth Circle,Suite 400,NYC,NY,10022,USA,EMEA,Young,Jeff,Medium,0.24182261816058184,0.6648055130993189
10358,-1.5496147103029143,-2.3419384079481733,11,-1.5343086944596034,10/12/2004,Shipped,4,12,2004,Trucks and Buses,0.5297169996897844,S18_2319,Euro Shopping Channel,(91) 555 94 44,"C/ Moralzarzal, 86",,Madrid,CA,28034,Spain,EMEA,Freyre,Diego,Small,3.629102207579877,-5.16341090203948
10370,-1.344269939388035,0.8101579745265006,5,0.21455476089875183,20/01/2005,Shipped,1,1,2005,Trucks and Buses,0.5297169996897844,S18_2319,"Anna's Decorations, Ltd",02 9936 8555,201 Miller Street,Level 15,North Sydney,NSW,2060,Australia,APAC,O'Hara,Anna,Medium,-1.0890710113114723,1.3036257722102242
10383,-0.8309080121008373,0.8101579745265006,11,0.15753179888944263,22/02/2005,Shipped,1,2,2005,Trucks and Buses,0.5297169996897844,S18_2319,Euro Shopping Channel,(91) 555 94 44,"C/ Moralzarzal, 86",,Madrid,CA,28034,Spain,EMEA,Freyre,Diego,Medium,-0.6731667521014554,0.830698550990898
10412,2.1465911661649106,0.7199281000989466,8,1.0557425524365152,03/05/2005,Shipped,2,5,2005,Trucks and Buses,0.5297169996897844,S18_2319,Euro Shopping Channel,(91) 555 94 44,"C/ Moralzarzal, 86",,Madrid,CA,28034,Spain,EMEA,Freyre,Diego,Medium,1.5453912999462862,-0.48964874750977105
10425,0.29848822793099805,0.780907630618667,7,0.12146956760634378,31/05/2005,In Process,2,5,2005,Trucks and Buses,0.5297169996897844,S18_2319,La Rochelle Gifts,40.67.8555,"67, rue des Cinquante Otages",,Nantes,CA,44000,France,EMEA,Labrune,Janine,Medium,0.2330917348411603,-0.11162216723481652
10101,-1.0362527830157164,0.8101579745265006,4,0.12386973418172852,09/01/2003,Shipped,1,1,2003,Vintage Cars,0.6541545633588803,S18_2325,"Blauer See Auto, Co.",+49 69 66 90 2555,Lyonerstr. 34,,Frankfurt,CA,60528,Germany,EMEA,Keitel,Roland,Medium,-0.8395284557854622,0.9633981899671907
10110,-0.21487369935619982,0.8101579745265006,4,0.16605184720794622,18/03/2003,Shipped,1,3,2003,Vintage Cars,0.6541545633588803,S18_2325,"AV Stores, Co.",(171) 555-1555,Fauntleroy Circus,,Manchester,CA,EC2 5NT,UK,EMEA,Ashworth,Victoria,Medium,-0.17408164104943508,0.3401334882573813
10124,0.7091777697607564,0.8101579745265006,3,0.47674852317448574,21/05/2003,Shipped,2,5,2003,Vintage Cars,0.6541545633588803,S18_2325,Signal Gift Stores,7025551838,8489 Strong St.,,Las Vegas,NV,83030,USA,EMEA,King,Sue,Medium,0.5745460255285955,-0.09779750235410972
10149,-0.21487369935619982,0.8101579745265006,8,0.7583010950457996,12/09/2003,Shipped,3,9,2003,Vintage Cars,0.6541545633588803,S18_2325,Signal Collectibles Ltd.,4155554312,2793 Furth Circle,,Brisbane,CA,94217,USA,EMEA,Taylor,Sue,Medium,-0.17408164104943508,0.9323827360952346
10162,0.29848822793099805,0.8101579745265006,6,0.40499331700450075,18/10/2003,Shipped,4,10,2003,Vintage Cars,0.6541545633588803,S18_2325,Corporate Gift Ideas Co.,6505551386,7734 Strong St.,,San Francisco,CA,,USA,EMEA,Brown,Julie,Medium,0.24182261816058184,0.1631706988439189
10173,-0.42021847027107895,0.8101579745265006,10,0.5098675637701219,05/11/2003,Shipped,4,11,2003,Vintage Cars,0.6541545633588803,S18_2325,Rovelli Gifts,035-640555,Via Ludovico il Moro 22,,Bergamo,CA,24100,Italy,EMEA,Rovelli,Giovanni,Medium,-0.34044334473344184,0.8503109085035637
10182,-1.5496147103029143,0.8101579745265006,7,-0.7286781217807063,12/11/2003,Shipped,4,11,2003,Vintage Cars,0.6541545633588803,S18_2325,Mini Gifts Distributors Ltd.,4155551450,5677 Strong St.,,San Rafael,CA,97562,USA,EMEA,Nelson,Valarie,Small,-1.2554327149954791,0.5267545932147728
10193,0.9145225406756355,0.8101579745265006,11,0.5913483317874234,21/11/2003,Shipped,4,11,2003,Vintage Cars,0.6541545633588803,S18_2325,"Australian Collectables, Ltd",61-9-3844-6555,7 Allen Street,,Glen Waverly,Victoria,3150,Australia,APAC,Connery,Sean,Medium,0.7409077292126022,-0.14955939742517876
10204,-0.9335803975582768,0.8101579745265006,1,-0.18873838665932524,02/12/2003,Shipped,4,12,2003,Vintage Cars,0.6541545633588803,S18_2325,Muscle Machine Inc,2125557413,4092 Furth Circle,Suite 400,NYC,NY,10022,USA,EMEA,Young,Jeff,Medium,-0.7563476039434588,0.5676092172841336
10214,-0.8309080121008373,0.8101579745265006,4,0.027336337777625307,26/01/2004,Shipped,1,1,2004,Vintage Cars,0.6541545633588803,S18_2325,"Corrida Auto Replicas, Ltd",(91) 555 22 82,"C/ Araquil, 67",,Madrid,CA,28023,Spain,EMEA,Sommer,Mart¡n,Medium,-0.6731667521014554,0.7005030898790807
10227,1.1198673115905147,0.8101579745265006,7,1.8809654350791862,02/03/2004,Shipped,1,3,2004,Vintage Cars,0.6541545633588803,S18_2325,"Saveley & Henriot, Co.",78.32.5555,"2, rue du Commerce",,Lyon,CA,69004,France,EMEA,Saveley,Mary,Large,0.9072694328966089,0.9736960021825773
10243,1.2225396970479543,0.8101579745265006,2,1.4120206723708808,26/04/2004,Shipped,2,4,2004,Vintage Cars,0.6541545633588803,S18_2325,Diecast Collectables,6175552555,6251 Ingle Ln.,,Boston,MA,51003,USA,EMEA,Franco,Valarie,Medium,0.9904502847386123,0.4215703876322685
10280,0.1958158424735585,0.8101579745265006,13,0.6499514939628795,17/08/2004,Shipped,3,8,2004,Vintage Cars,0.6541545633588803,S18_2325,Amica Models & Co.,011-4988555,Via Monte Bianco 34,,Torino,CA,10100,Italy,EMEA,Accorti,Paolo,Medium,0.15864176631857846,0.4913097276443011
10288,-0.42021847027107895,0.8101579745265006,2,0.14609028084795966,01/09/2004,Shipped,3,9,2004,Vintage Cars,0.6541545633588803,S18_2325,Handji Gifts& Co,+65 224 1555,Village Close - 106 Linden Road Sandown,2nd Floor,Singapore,CA,69045,Singapore,APAC,Victorino,Wendy,Medium,-0.34044334473344184,0.4865336255814015
10304,-1.138925168473156,0.8101579745265006,17,-0.6044342049372635,11/10/2004,Shipped,4,10,2004,Vintage Cars,0.6541545633588803,S18_2325,Auto Assoc. & Cie.,30.59.8555,"67, avenue de l'Europe",,Versailles,CA,78000,France,EMEA,Tonini,Daniel,Small,-0.9227093076274656,0.3182751026902021
10312,-0.42021847027107895,0.8101579745265006,14,0.6383090569999272,21/10/2004,Shipped,4,10,2004,Vintage Cars,0.6541545633588803,S18_2325,Mini Gifts Distributors Ltd.,4155551450,5677 Strong St.,,San Rafael,CA,97562,USA,EMEA,Nelson,Valarie,Medium,-0.34044334473344184,0.9787524017333691
10322,1.530556853420273,0.8101579745265006,6,4.877774323368439,04/11/2004,Shipped,4,11,2004,Vintage Cars,0.6541545633588803,S18_2325,Online Diecast Creations Co.,6035558647,2304 Long Airport Avenue,,Nashua,NH,62005,USA,EMEA,Young,Valarie,Large,1.2399928402646223,3.637781483103817
10332,-0.009528928441320661,-0.9404007430762165,8,-0.7003594143358395,17/11/2004,Shipped,4,11,2004,Vintage Cars,0.6541545633588803,S18_2325,"AV Stores, Co.",(171) 555-1555,Fauntleroy Circus,,Manchester,CA,EC2 5NT,UK,EMEA,Ashworth,Victoria,Small,0.008961011386938044,-0.7093204257227775
10344,-0.5228908557285186,0.8101579745265006,3,0.2032598593675297,25/11/2004,Shipped,4,11,2004,Vintage Cars,0.6541545633588803,S18_2325,Marseille Mini Autos,91.24.4555,"12, rue des Bouchers",,Marseille,CA,13008,France,EMEA,Lebihan,Laurence,Medium,-0.42362419657544526,0.6268840559429749
10356,-0.6255632411859581,0.8101579745265006,3,0.041449534450532,09/12/2004,Shipped,4,12,2004,Vintage Cars,0.6541545633588803,S18_2325,Lyon Souveniers,+33 1 46 62 7555,27 rue du Colonel Pierre Avia,,Paris,CA,75508,France,EMEA,Da Cunha,Daniel,Medium,-0.5068050484174486,0.5482545828679806
10367,-0.8309080121008373,0.8101579745265006,5,0.3487197282698592,12/01/2005,Resolved,1,1,2005,Vintage Cars,0.6541545633588803,S18_2325,Toys4GrownUps.com,6265557265,78934 Hillside Dr.,,Pasadena,CA,90003,USA,EMEA,Young,Julie,Medium,-0.6731667521014554,1.0218864803713146
10380,0.5038329988458772,0.8101579745265006,10,0.7481302534265791,16/02/2005,Shipped,1,2,2005,Vintage Cars,0.6541545633588803,S18_2325,Euro Shopping Channel,(91) 555 94 44,"C/ Moralzarzal, 86",,Madrid,CA,28034,Spain,EMEA,Freyre,Diego,Medium,0.4081843218445886,0.33994593158199055
10390,-0.42021847027107895,0.7600853519046158,16,-0.26347479520461825,04/03/2005,Shipped,1,3,2005,Vintage Cars,0.6541545633588803,S18_2325,Mini Gifts Distributors Ltd.,4155551450,5677 Strong St.,,San Rafael,CA,97562,USA,EMEA,Nelson,Valarie,Medium,-0.31940190385281236,0.05592710864819411
10409,-2.9870281067070685,0.8101579745265006,2,-1.5032259942842596,23/04/2005,Shipped,2,4,2005,Vintage Cars,0.6541545633588803,S18_2325,Handji Gifts& Co,+65 224 1555,Village Close - 106 Linden Road Sandown,2nd Floor,Singapore,CA,69045,Singapore,APAC,Victorino,Wendy,Small,-2.4199646407835265,0.9167386464992668
10420,1.017194926133075,0.8101579745265006,2,0.7727835481149194,29/05/2005,In Process,2,5,2005,Vintage Cars,0.6541545633588803,S18_2325,Souveniers And Things Co.,+61 2 9495 8555,"Monitor Money Building, 815 Pacific Hwy",Level 6,Chatswood,NSW,2067,Australia,APAC,Huxley,Adrian,Medium,0.8240885810546055,-0.051305032939686024
10103,-1.344269939388035,-1.4659153963355986,2,-1.2836596248066476,29/01/2003,Shipped,1,1,2003,Trucks and Buses,-1.0133087898070066,S18_2432,Baane Mini Imports,07-98 9555,Erling Skakkes gate 78,,Stavern,CA,4110,Norway,EMEA,Bergulfsen,Jonas,Small,1.9705860009800427,-3.25424562578669
10114,1.017194926133075,-0.7430848638335423,6,-0.2518214977594247,01/04/2003,Shipped,2,4,2003,Trucks and Buses,-1.0133087898070066,S18_2432,"La Corne D'abondance, Co.",(1) 42.34.2555,"265, boulevard Charonne",,Paris,CA,75012,France,EMEA,Bertrand,Marie,Medium,-0.7558621531777662,0.5040406554183414
10126,0.8118501552181959,-0.9240403812294622,2,-0.41162806370285454,28/05/2003,Shipped,2,5,2003,Trucks and Buses,-1.0133087898070066,S18_2432,"Corrida Auto Replicas, Ltd",(91) 555 22 82,"C/ Araquil, 67",,Madrid,CA,28023,Spain,EMEA,Sommer,Mart¡n,Small,-0.7501823269290199,0.33855426322616533
10140,1.1198673115905147,-1.0742582490951156,2,-0.3813924811423525,24/07/2003,Shipped,3,7,2003,Trucks and Buses,-1.0133087898070066,S18_2432,Technics Stores Inc.,6505556809,9408 Furth Circle,,Burlingame,CA,94217,USA,EMEA,Hirano,Juri,Small,-1.2030266973680805,0.821634216225728
10151,0.40116061338843767,-0.7128429828440874,9,-0.4626397487914604,21/09/2003,Shipped,3,9,2003,Trucks and Buses,-1.0133087898070066,S18_2432,"Oulu Toy Supplies, Inc.",981-443655,Torikatu 38,,Oulu,CA,90110,Finland,EMEA,Koskitalo,Pirkko,Small,-0.28596452824737767,-0.17667522054408275
10165,-0.42021847027107895,-0.6226131084165334,18,-0.7329680122661225,22/10/2003,Shipped,4,10,2003,Trucks and Buses,-1.0133087898070066,S18_2432,"Dragon Souveniers, Ltd.",+65 221 7555,"Bronz Sok., Bronz Apt. 3/6 Tesvikiye",,Singapore,CA,79903,Singapore,Japan,Natividad,Eric,Small,0.2616335279895171,-0.9946015402556396
10175,0.6065053843033168,-0.7128429828440874,7,-0.38739832782193495,06/11/2003,Shipped,4,11,2003,Trucks and Buses,-1.0133087898070066,S18_2432,"Stylish Desk Decors, Co.",(171) 555-0297,35 King George,,London,CA,WX3 6FW,UK,EMEA,Brown,Ann,Small,-0.4323431072577759,0.044944779435840965
10184,0.9145225406756355,-1.164983892063481,12,-0.49244091206230023,14/11/2003,Shipped,4,11,2003,Trucks and Buses,-1.0133087898070066,S18_2432,"Iberia Gift Imports, Corp.",(95) 555 82 82,"C/ Romero, 33",,Sevilla,CA,41101,Spain,EMEA,Roel,Jose Pedro,Small,-1.0654040288160849,0.5729631167537846
10194,1.017194926133075,-0.6528549894059883,2,-0.20734782298023774,25/11/2003,Shipped,4,11,2003,Trucks and Buses,-1.0133087898070066,S18_2432,"Saveley & Henriot, Co.",78.32.5555,"2, rue du Commerce",,Lyon,CA,69004,France,EMEA,Saveley,Mary,Medium,-0.6640807827244337,0.456732959744196
10207,0.1958158424735585,-0.6826011018546324,13,-0.5256251155513859,09/12/2003,Shipped,4,12,2003,Trucks and Buses,-1.0133087898070066,S18_2432,Diecast Collectables,6175552555,6251 Ingle Ln.,,Boston,MA,51003,USA,EMEA,Franco,Valarie,Small,-0.13366410983304416,-0.39196100571834175
10217,-0.009528928441320661,-1.1045001300845705,2,-0.7632687577200739,04/02/2004,Shipped,1,2,2004,Trucks and Buses,-1.0133087898070066,S18_2432,Handji Gifts& Co,+65 224 1555,Village Close - 106 Linden Road Sandown,2nd Floor,Singapore,CA,69045,Singapore,APAC,Victorino,Wendy,Small,0.010524702703005234,-0.7737934604230791
10229,-0.7282356266433977,-1.1952257730529359,7,-1.0244090532183765,11/03/2004,Shipped,1,3,2004,Trucks and Buses,-1.0133087898070066,S18_2432,Mini Gifts Distributors Ltd.,4155551450,5677 Strong St.,,San Rafael,CA,97562,USA,EMEA,Nelson,Valarie,Small,0.8704059898195442,-1.8948150430379207
10246,-0.5228908557285186,-1.0742582490951156,11,-0.9199855164657801,05/05/2004,Shipped,2,5,2004,Trucks and Buses,-1.0133087898070066,S18_2432,Euro Shopping Channel,(91) 555 94 44,"C/ Moralzarzal, 86",,Madrid,CA,28034,Spain,EMEA,Freyre,Diego,Small,0.561719815142765,-1.4817053316085451
10259,-0.5228908557285186,-1.7073546757104285,10,-1.128018053802856,15/06/2004,Shipped,2,6,2004,Trucks and Buses,-1.0133087898070066,S18_2432,Handji Gifts& Co,+65 224 1555,Village Close - 106 Linden Road Sandown,2nd Floor,Singapore,CA,69045,Singapore,APAC,Victorino,Wendy,Small,0.8927601474143133,-2.020778201217169
10271,-1.0362527830157164,-0.7128429828440874,11,-0.9893296955781387,20/07/2004,Shipped,3,7,2004,Trucks and Buses,-1.0133087898070066,S18_2432,Mini Gifts Distributors Ltd.,4155551450,5677 Strong St.,,San Rafael,CA,97562,USA,EMEA,Nelson,Valarie,Small,0.7386855248254102,-1.7280152204035488
10281,-0.6255632411859581,-1.2854556474804903,7,-1.0207327799796084,19/08/2004,Shipped,3,8,2004,Trucks and Buses,-1.0133087898070066,S18_2432,Diecast Classics Inc.,2155551555,7586 Pompton St.,,Allentown,PA,70267,USA,EMEA,Yu,Kyung,Small,0.8041338012386899,-1.8248665812182985
10291,-0.9335803975582768,-1.2854556474804903,2,-1.1147791259503945,08/09/2004,Shipped,3,9,2004,Trucks and Buses,-1.0133087898070066,S18_2432,Scandinavian Gift Ideas,0695-34 6555,?kergatan 24,,Boras,CA,S-844 67,Sweden,EMEA,Larsson,Maria,Small,1.2000761944183682,-2.3148553203687627
10305,0.6065053843033168,-1.496157277325054,11,-0.7391693476260531,13/10/2004,Shipped,4,10,2004,Trucks and Buses,-1.0133087898070066,S18_2432,Marta's Replicas Co.,6175558555,39323 Spinnaker Dr.,,Cambridge,MA,51247,USA,EMEA,Hernandez,Marta,Small,-0.907427444462236,0.16825809683618287
10313,-0.11220131389876024,-1.5263991583145091,5,-0.9537181743080645,22/10/2004,Shipped,4,10,2004,Trucks and Buses,-1.0133087898070066,S18_2432,Canadian Gift Exchange Network,(604) 555-3392,1900 Oak St.,,Vancouver,BC,V3F 2K1,Canada,EMEA,Tannamuri,Yoshi,Small,0.17126399109684967,-1.1249821654049141
10322,-0.009528928441320661,-1.1129281952783532,11,-0.766499751186938,04/11/2004,Shipped,4,11,2004,Trucks and Buses,-1.0133087898070066,S18_2432,Online Diecast Creations Co.,6035558647,2304 Long Airport Avenue,,Nashua,NH,62005,USA,EMEA,Young,Valarie,Small,0.010605013133135575,-0.7771047643200736
10334,-0.11220131389876024,-1.1045001300845705,1,-0.7965995777194206,19/11/2004,On Hold,4,11,2004,Trucks and Buses,-1.0133087898070066,S18_2432,"Volvo Model Replicas, Co",0921-12 3555,Berguvsvgen  8,,Lule,CA,S-958 22,Sweden,EMEA,Berglund,Christina,Small,0.12392636579684041,-0.9205259435162609
10347,1.530556853420273,0.8101579745265006,8,1.7814508362997747,29/11/2004,Shipped,4,11,2004,Trucks and Buses,-1.0133087898070066,S18_2432,"Australian Collectors, Co.",03 9520 4555,636 St Kilda Road,Level 3,Melbourne,Victoria,3004,Australia,APAC,Ferguson,Peter,Medium,1.2399928402646223,0.5414579960351524
10357,0.6065053843033168,-1.0742582490951156,7,-0.5497028046809236,10/12/2004,Shipped,4,12,2004,Trucks and Buses,-1.0133087898070066,S18_2432,Mini Gifts Distributors Ltd.,4155551450,5677 Strong St.,,San Rafael,CA,97562,USA,EMEA,Nelson,Valarie,Small,-0.6515434122084413,0.10184060752751767
10370,-1.344269939388035,0.6544866527119287,7,-0.7727065167879893,20/01/2005,Shipped,1,1,2005,Trucks and Buses,-1.0133087898070066,S18_2432,"Anna's Decorations, Ltd",02 9936 8555,201 Miller Street,Level 15,North Sydney,NSW,2060,Australia,APAC,O'Hara,Anna,Small,-0.8798067329713424,0.10710021618335308
10381,-0.009528928441320661,-1.737100788159073,7,-1.0057833261741016,17/02/2005,Shipped,1,2,2005,Trucks and Buses,-1.0133087898070066,S18_2432,Corporate Gift Ideas Co.,6505551386,7734 Strong St.,,San Francisco,CA,,USA,EMEA,Brown,Julie,Small,0.016552709105729528,-1.0223360352798312
10391,0.9145225406756355,-2.23881855145954,5,-1.0099646118371022,09/03/2005,Shipped,1,3,2005,Trucks and Buses,-1.0133087898070066,S18_2432,"Anna's Decorations, Ltd",02 9936 8555,201 Miller Street,Level 15,North Sydney,NSW,2060,Australia,APAC,O'Hara,Anna,Small,-2.0474500297925244,1.0374854179554223
10412,1.2225396970479543,-1.0742582490951156,11,-0.34773041643463815,03/05/2005,Shipped,2,5,2005,Trucks and Buses,-1.0133087898070066,S18_2432,Euro Shopping Channel,(91) 555 94 44,"C/ Moralzarzal, 86",,Madrid,CA,28034,Spain,EMEA,Freyre,Diego,Small,-1.3133233544000085,0.9655929379653703
10425,-1.652287095760354,-1.7073546757104285,10,-1.422022168564118,31/05/2005,In Process,2,5,2005,Trucks and Buses,-1.0133087898070066,S18_2432,La Rochelle Gifts,40.67.8555,"67, rue des Cinquante Otages",,Nantes,CA,44000,France,EMEA,Labrune,Janine,Small,2.821040098562445,-4.243062267126563
10106,-0.11220131389876024,0.33372440680738114,2,-0.26099317501242175,17/02/2003,Shipped,1,2,2003,Planes,-0.41600848419534553,S18_2581,Rovelli Gifts,035-640555,Via Ludovico il Moro 22,,Bergamo,CA,24100,Italy,EMEA,Rovelli,Giovanni,Medium,-0.03744431692387253,-0.2235488580885492
10120,-0.6255632411859581,-0.5874135420189706,8,-0.7990051745359262,29/04/2003,Shipped,2,4,2003,Planes,-0.41600848419534553,S18_2581,"Australian Collectors, Co.",03 9520 4555,636 St Kilda Road,Level 3,Melbourne,Victoria,3004,Australia,APAC,Ferguson,Peter,Small,0.3674643192619112,-1.1664694937978375
10133,1.4278844679628335,-0.7133387513848983,3,-0.08669872575875133,27/06/2003,Shipped,2,6,2003,Planes,-0.41600848419534553,S18_2581,Euro Shopping Channel,(91) 555 94 44,"C/ Moralzarzal, 86",,Madrid,CA,28034,Spain,EMEA,Freyre,Diego,Medium,-1.0185653234984975,0.9318665977397461
10145,-0.5228908557285186,0.08236975661633647,14,-0.5399229404223992,25/08/2003,Shipped,3,8,2003,Planes,-0.41600848419534553,S18_2581,Toys4GrownUps.com,6265557265,78934 Hillside Dr.,,Pasadena,CA,90003,USA,EMEA,Young,Julie,Small,-0.04307039252326598,-0.4968525478991332
10168,-1.4469423248454747,-0.6295538679878837,9,-1.1206546468430785,28/10/2003,Shipped,4,10,2003,Planes,-0.41600848419534553,S18_2581,Technics Stores Inc.,6505556809,9408 Furth Circle,,Burlingame,CA,94217,USA,EMEA,Hirano,Juri,Small,0.9109281373618495,-2.031582784204928
10210,1.530556853420273,-0.33605889182792653,7,0.15753722913056353,12/01/2004,Shipped,1,1,2004,Planes,-0.41600848419534553,S18_2581,Osaka Souveniers Co.,+81 06 6342 5555,"Dojima Avanza 4F, 1-6-20 Dojima, Kita-ku",,Osaka,Osaka,530-0003,Japan,Japan,Kentary,Mory,Medium,-0.5143572400400551,0.6718944691706187
10223,1.2225396970479543,0.8101579745265006,9,0.6358925997011803,20/02/2004,Shipped,1,2,2004,Planes,-0.41600848419534553,S18_2581,"Australian Collectors, Co.",03 9520 4555,636 St Kilda Road,Level 3,Melbourne,Victoria,3004,Australia,APAC,Ferguson,Peter,Medium,0.9904502847386123,-0.354557685037432
10235,-1.138925168473156,-0.378199217796839,3,-0.938980499906268,02/04/2004,Shipped,2,4,2004,Planes,-0.41600848419534553,S18_2581,"Royal Canadian Collectables, Ltd.",(604) 555-4555,23 Tsawassen Blvd.,,Tsawassen,BC,T2F 8M4,Canada,EMEA,Lincoln,Elizabeth,Small,0.4307406078456807,-1.3697211077519487
10250,-0.8309080121008373,0.7526488237924551,4,-0.4806898702769327,11/05/2004,Shipped,2,5,2004,Planes,-0.41600848419534553,S18_2581,The Sharp Gifts Warehouse,4085553659,3086 Ingle Ln.,,San Jose,CA,94217,USA,EMEA,Frick,Sue,Small,-0.6253819379874223,0.14469206771048954
10263,-0.21487369935619982,0.12451008258524965,10,-0.3856986623511308,28/06/2004,Shipped,2,6,2004,Planes,-0.41600848419534553,S18_2581,Gift Depot Inc.,2035552570,25593 South Bay Ln.,,Bridgewater,CT,97562,USA,EMEA,King,Julie,Small,-0.026753942052238543,-0.3589447202988923
10275,-0.009528928441320661,0.33372440680738114,9,-0.21190922552169283,23/07/2004,Shipped,3,7,2004,Planes,-0.41600848419534553,S18_2581,La Rochelle Gifts,40.67.8555,"67, rue des Cinquante Otages",,Nantes,CA,44000,France,EMEA,Labrune,Janine,Medium,-0.003180035991589721,-0.2087291895301031
10284,-0.42021847027107895,-0.5874135420189706,1,-0.7210160515592859,21/08/2004,Shipped,3,8,2004,Planes,-0.41600848419534553,S18_2581,"Norway Gifts By Mail, Co.",+47 2212 1555,"Drammensveien 126 A, PB 744 Sentrum",,Oslo,CA,N 0106,Norway,EMEA,Klaeboe,Jan,Small,0.24684202004372796,-0.9678580716030138
10297,-1.0362527830157164,-0.04305968420877967,4,-0.8059233017237996,16/09/2004,Shipped,3,9,2004,Planes,-0.41600848419534553,S18_2581,"Clover Collections, Co.",+353 1862 1555,25 Maiden Lane,Floor No. 4,Dublin,CA,2,Ireland,EMEA,Cassidy,Dean,Small,0.04462071759712583,-0.8505440193209254
10308,-0.8309080121008373,-0.04305968420877967,7,-0.7160093692459271,15/10/2004,Shipped,4,10,2004,Planes,-0.41600848419534553,S18_2581,Mini Classics,9145554562,3758 North Pendale Street,,White Plains,NY,24067,USA,EMEA,Frick,Steve,Small,0.03577863660760693,-0.751788005853534
10318,-0.42021847027107895,0.8101579745265006,9,-0.2375508240940154,02/11/2004,Shipped,4,11,2004,Planes,-0.41600848419534553,S18_2581,Diecast Classics Inc.,2155551555,7586 Pompton St.,,Allentown,PA,70267,USA,EMEA,Yu,Kyung,Medium,-0.34044334473344184,0.10289252063942644
10327,1.017194926133075,0.8101579745265006,8,0.666730939026089,10/11/2004,Resolved,4,11,2004,Planes,-0.41600848419534553,S18_2581,Danish Wholesale Imports,31 12 3555,Vinb'ltet 34,,Kobenhavn,CA,1734,Denmark,EMEA,Petersen,Jytte,Medium,0.8240885810546055,-0.15735764202851643
10339,-0.8309080121008373,0.8101579745265006,2,-0.40356958587961744,23/11/2004,Shipped,4,11,2004,Planes,-0.41600848419534553,S18_2581,"Tokyo Collectables, Ltd",+81 3 3584 0555,2-2-8 Roppongi,,Minato-ku,Tokyo,106-0032,Japan,Japan,Shimamura,Akiko,Small,-0.6731667521014554,0.26959716622183794
10353,-0.8309080121008373,0.8101579745265006,1,-0.020753877588000926,04/12/2004,Shipped,4,12,2004,Planes,-0.41600848419534553,S18_2581,Gift Ideas Corp.,2035554407,2440 Pompton St.,,Glendale,CT,97561,USA,EMEA,Lewis,Dan,Medium,-0.6731667521014554,0.6524128745134544
10374,0.7091777697607564,-0.7133387513848983,2,-0.35000568746424493,02/02/2005,Shipped,1,2,2005,Planes,-0.41600848419534553,S18_2581,"Australian Gift Network, Co",61-7-3844-6555,31 Duncan St. West End,,South Brisbane,Queensland,4101,Australia,APAC,Calaghan,Tony,Small,-0.5058839847910649,0.15587829732681996
10386,-1.4469423248454747,-0.4406660539389923,18,-1.0772072876357188,01/03/2005,Resolved,1,3,2005,Planes,-0.41600848419534553,S18_2581,Euro Shopping Channel,(91) 555 94 44,"C/ Moralzarzal, 86",,Madrid,CA,28034,Spain,EMEA,Freyre,Diego,Small,0.6376183645669669,-1.7148256522026857
10398,-0.11220131389876024,-0.33605889182792653,15,-0.510425870654323,30/03/2005,Shipped,1,3,2005,Planes,-0.41600848419534553,S18_2581,Reims Collectables,26.47.1555,59 rue de l'Abbaye,,Reims,CA,51100,France,EMEA,Henriot,Paul,Small,0.0377062492104547,-0.5481321198647777
10401,0.7091777697607564,-0.378199217796839,3,-0.19583028156306367,03/04/2005,On Hold,2,4,2005,Planes,-0.41600848419534553,S18_2581,Tekni Collectables Inc.,2015559350,7476 Moss Rd.,,Newark,NJ,94019,USA,EMEA,Brown,William,Medium,-0.26821047780242485,0.07238019623936118
10416,-2.062976637590112,0.7526488237924551,4,-1.124759909130388,10/05/2005,Shipped,2,5,2005,Planes,-0.41600848419534553,S18_2581,L'ordine Souveniers,0522-556555,Strada Provinciale 124,,Reggio Emilia,CA,42100,Italy,EMEA,Moroni,Maurizio,Small,-1.552696939793512,0.42793703066312405
10107,-0.6255632411859581,-0.6340157848551798,6,-0.8138080118311719,24/02/2003,Shipped,1,2,2003,Motorcycles,-1.0133087898070066,S18_2625,Land of Toys Inc.,2125557818,897 Long Airport Avenue,,NYC,NY,10022,USA,EMEA,Yu,Kwai,Small,0.39661696933706536,-1.2104249811682373
10120,1.1198673115905147,-1.2646333687664393,4,-0.47731226029980756,29/04/2003,Shipped,2,4,2003,Motorcycles,-1.0133087898070066,S18_2625,"Australian Collectors, Co.",03 9520 4555,636 St Kilda Road,Level 3,Melbourne,Victoria,3004,Australia,APAC,Ferguson,Peter,Small,-1.4162215708281283,0.9389093105283207
10134,-0.5228908557285186,-1.084669388452141,6,-0.9234065683718714,01/07/2003,Shipped,3,7,2003,Motorcycles,-1.0133087898070066,S18_2625,Lyon Souveniers,+33 1 46 62 7555,27 rue du Colonel Pierre Avia,,Paris,CA,75508,France,EMEA,Da Cunha,Daniel,Small,0.5671637047102689,-1.4905702730821404
10145,-0.5228908557285186,-1.6850450913739452,10,-1.120687228289803,25/08/2003,Shipped,3,8,2003,Motorcycles,-1.0133087898070066,S18_2625,Toys4GrownUps.com,6265557265,78934 Hillside Dr.,,Pasadena,CA,90003,USA,EMEA,Young,Julie,Small,0.881094669769662,-2.0017818980594653
10159,0.7091777697607564,-1.5953109854872018,18,-0.7557424435266732,10/10/2003,Shipped,4,10,2003,Motorcycles,-1.0133087898070066,S18_2625,Corporate Gift Ideas Co.,6505551386,7734 Strong St.,,San Francisco,CA,,USA,EMEA,Brown,Julie,Small,-1.1313590867626482,0.375616643235975
10168,1.1198673115905147,-1.1144155009007854,5,-0.40162555955837803,28/10/2003,Shipped,4,10,2003,Motorcycles,-1.0133087898070066,S18_2625,Technics Stores Inc.,6505556809,9408 Furth Circle,,Burlingame,CA,94217,USA,EMEA,Hirano,Juri,Small,-1.2479974909885594,0.8463719314301814
10180,-1.0362527830157164,-0.9646934015759423,13,-1.0582937578120426,11/11/2003,Shipped,4,11,2003,Motorcycles,-1.0133087898070066,S18_2625,Daedalus Designs Imports,20.16.1555,"184, chausse de Tournai",,Lille,CA,59000,France,EMEA,Rance,Martine,Small,0.9996662221399684,-2.057959979952011
10188,-0.3175460848136394,-0.9042096395970324,5,-0.7930590605086721,18/11/2003,Shipped,4,11,2003,Motorcycles,-1.0133087898070066,S18_2625,Herkku Gifts,+47 2267 3215,"Drammen 121, PR 744 Sentrum",,Bergen,CA,N 5804,Norway,EMEA,Oeztan,Veysel,Small,0.28712823090478956,-1.0801872914134618
10201,-0.5228908557285186,-0.9344515205864873,6,-0.8740456765839827,01/12/2003,Shipped,4,12,2003,Motorcycles,-1.0133087898070066,S18_2625,Mini Wheels Co.,6505555787,5557 North Pendale Street,,San Francisco,CA,,USA,EMEA,Murphy,Julie,Small,0.4886161552362837,-1.3626618318202663
10210,0.5038329988458772,-1.6850450913739452,3,-0.8509671518206684,12/01/2004,Shipped,1,1,2004,Motorcycles,-1.0133087898070066,S18_2625,Osaka Souveniers Co.,+81 06 6342 5555,"Dojima Avanza 4F, 1-6-20 Dojima, Kita-ku",,Osaka,Osaka,530-0003,Japan,Japan,Kentary,Mory,Small,-0.84898132157746,-0.0019858302432084196
10223,-0.7282356266433977,-1.1446573818902406,5,-1.0089002845774293,20/02/2004,Shipped,1,2,2004,Motorcycles,-1.0133087898070066,S18_2625,"Australian Collectors, Co.",03 9520 4555,636 St Kilda Road,Level 3,Melbourne,Victoria,3004,Australia,APAC,Ferguson,Peter,Small,0.8335802857928303,-1.8424805703702596
10236,-1.2415975539305957,-1.3851051241834487,2,-1.233929476622546,03/04/2004,Shipped,2,4,2004,Motorcycles,-1.0133087898070066,S18_2625,Motor Mint Distributors Inc.,2155559857,11328 Douglas Av.,,Philadelphia,PA,71270,USA,EMEA,Hernandez,Rosa,Small,1.719743134122904,-2.95367261074545
10251,-0.6255632411859581,-1.1144155009007854,6,-0.9664032175662062,18/05/2004,Shipped,2,5,2004,Motorcycles,-1.0133087898070066,S18_2625,Tekni Collectables Inc.,2015559350,7476 Moss Rd.,,Newark,NJ,94019,USA,EMEA,Brown,William,Small,0.6971373727713683,-1.6635405903375746
10263,-0.11220131389876024,-1.2348872563177948,6,-0.8451567938214339,28/06/2004,Shipped,2,6,2004,Motorcycles,-1.0133087898070066,S18_2625,Gift Depot Inc.,2035552570,25593 South Bay Ln.,,Bridgewater,CT,97562,USA,EMEA,King,Julie,Small,0.1385559726756917,-0.9837127664971257
10275,0.1958158424735585,-0.9944395140245867,5,-0.6520031171552951,23/07/2004,Shipped,3,7,2004,Motorcycles,-1.0133087898070066,S18_2625,La Rochelle Gifts,40.67.8555,"67, rue des Cinquante Otages",,Nantes,CA,44000,France,EMEA,Labrune,Janine,Small,-0.19472701122772054,-0.4572761059275746
10285,-1.5496147103029143,-1.7152869723634,10,-1.3970321989262893,27/08/2004,Shipped,3,8,2004,Motorcycles,-1.0133087898070066,S18_2625,Marta's Replicas Co.,6175558555,39323 Spinnaker Dr.,,Cambridge,MA,51247,USA,EMEA,Hernandez,Marta,Small,2.6580339247652733,-4.055066123691563
10298,-0.3175460848136394,-1.7450330848120446,2,-1.0877691066156356,27/09/2004,Shipped,3,9,2004,Motorcycles,-1.0133087898070066,S18_2625,Atelier graphique,40.32.2555,"54, rue Royale",,Nantes,CA,44000,France,EMEA,Schmitt,Carine,Small,0.5541284239523323,-1.641897530567968
10308,-0.11220131389876024,-1.5650691044977465,3,-0.9681191737603727,15/10/2004,Shipped,4,10,2004,Motorcycles,-1.0133087898070066,S18_2625,Mini Classics,9145554562,3758 North Pendale Street,,White Plains,NY,24067,USA,EMEA,Frick,Steve,Small,0.17560280986700325,-1.143721983627376
10318,0.7091777697607564,-1.5348272235082914,5,-0.7279178880237972,02/11/2004,Shipped,4,11,2004,Motorcycles,-1.0133087898070066,S18_2625,Diecast Classics Inc.,2155551555,7586 Pompton St.,,Allentown,PA,70267,USA,EMEA,Yu,Kyung,Small,-1.088465347335704,0.3605474593119068
10329,0.29848822793099805,0.8101579745265006,12,0.9297392374699399,15/11/2004,Shipped,4,11,2004,Motorcycles,-1.0133087898070066,S18_2625,Land of Toys Inc.,2125557818,897 Long Airport Avenue,,NYC,NY,10022,USA,EMEA,Yu,Kwai,Medium,0.24182261816058184,0.6879166193093581
10339,-0.5228908557285186,-1.0658301839013333,1,-0.9172160934941824,23/11/2004,Shipped,4,11,2004,Motorcycles,-1.0133087898070066,S18_2625,"Tokyo Collectables, Ltd",+81 3 3584 0555,2-2-8 Roppongi,,Minato-ku,Tokyo,106-0032,Japan,Japan,Shimamura,Akiko,Small,0.5573128569214525,-1.474528950415635
10362,-1.2415975539305957,-1.6850450913739452,3,-1.3094912818181974,05/01/2005,Shipped,1,1,2005,Motorcycles,-1.0133087898070066,S18_2625,Technics Stores Inc.,6505556809,9408 Furth Circle,,Burlingame,CA,94217,USA,EMEA,Hirano,Juri,Small,2.0921478637126474,-3.4016391455308446
10374,-1.344269939388035,-1.5050811110596474,4,-1.293097383874563,02/02/2005,Shipped,1,2,2005,Motorcycles,-1.0133087898070066,S18_2625,"Australian Gift Network, Co",61-7-3844-6555,31 Duncan St. West End,,South Brisbane,Queensland,4101,Australia,APAC,Calaghan,Tony,Small,2.0232352939382285,-3.3163326778127917
10389,0.40116061338843767,0.8101579745265006,5,1.8610038687191994,03/03/2005,Shipped,1,3,2005,Motorcycles,-1.0133087898070066,S18_2625,Scandinavian Gift Ideas,0695-34 6555,?kergatan 24,,Boras,CA,S-844 67,Sweden,EMEA,Larsson,Maria,Medium,0.3250034700025852,1.5360003987166142
10402,2.043918780707471,-1.3851051241834487,2,-0.26569576382301724,07/04/2005,Shipped,2,4,2005,Motorcycles,-1.0133087898070066,S18_2625,Auto Canal Petit,(1) 47.55.6555,"25, rue Lauriston",,Paris,CA,75016,France,EMEA,Perrier,Dominique,Medium,-2.831042376572704,2.565346612749687
10417,0.09314345701611891,-1.1144155009007854,6,-0.7338477113276888,13/05/2005,Disputed,2,5,2005,Motorcycles,-1.0133087898070066,S18_2625,Euro Shopping Channel,(91) 555 94 44,"C/ Moralzarzal, 86",,Madrid,CA,28034,Spain,EMEA,Freyre,Diego,Small,-0.10380051230624894,-0.6300471990214398
10101,-0.9335803975582768,0.8101579745265006,1,0.11918886633561634,09/01/2003,Shipped,1,1,2003,Vintage Cars,1.6745425854454679,S18_2795,"Blauer See Auto, Co.",+49 69 66 90 2555,Lyonerstr. 34,,Frankfurt,CA,60528,Germany,EMEA,Keitel,Roland,Medium,-0.7563476039434588,0.8755364702790751
10110,-0.42021847027107895,0.8101579745265006,1,0.8256686663901944,18/03/2003,Shipped,1,3,2003,Vintage Cars,1.6745425854454679,S18_2795,"AV Stores, Co.",(171) 555-1555,Fauntleroy Circus,,Manchester,CA,EC2 5NT,UK,EMEA,Ashworth,Victoria,Medium,-0.34044334473344184,1.1661120111236363
10125,-0.11220131389876024,0.8101579745265006,2,1.5908276519959192,21/05/2003,Shipped,2,5,2003,Vintage Cars,1.6745425854454679,S18_2795,"Australian Collectors, Co.",03 9520 4555,636 St Kilda Road,Level 3,Melbourne,Victoria,3004,Australia,APAC,Ferguson,Peter,Medium,-0.0909007892074317,1.6817284412033509
10139,0.6065053843033168,0.8101579745265006,8,2.3907021690867896,16/07/2003,Shipped,3,7,2003,Vintage Cars,1.6745425854454679,S18_2795,Souveniers And Things Co.,+61 2 9495 8555,"Monitor Money Building, 815 Pacific Hwy",Level 6,Chatswood,NSW,2067,Australia,APAC,Huxley,Adrian,Large,0.491365173686592,1.8993369954001975
10149,-1.2415975539305957,0.8101579745265006,5,0.3674812113421536,12/09/2003,Shipped,3,9,2003,Vintage Cars,1.6745425854454679,S18_2795,Signal Collectibles Ltd.,4155554312,2793 Furth Circle,,Brisbane,CA,94217,USA,EMEA,Taylor,Sue,Medium,-1.005890159469469,1.3733713708116224
10162,1.325212082505394,0.8101579745265006,3,1.984878529166429,18/10/2003,Shipped,4,10,2003,Vintage Cars,1.6745425854454679,S18_2795,Corporate Gift Ideas Co.,6505551386,7734 Strong St.,,San Francisco,CA,,USA,EMEA,Brown,Julie,Large,1.0736311365806157,0.9112473925858133
10173,-1.344269939388035,0.8101579745265006,7,-0.05495896640779327,05/11/2003,Shipped,4,11,2003,Vintage Cars,1.6745425854454679,S18_2795,Rovelli Gifts,035-640555,Via Ludovico il Moro 22,,Bergamo,CA,24100,Italy,EMEA,Rovelli,Giovanni,Medium,-1.0890710113114723,1.0341120449036791
10182,-1.4469423248454747,0.8101579745265006,4,-0.27485658059377277,12/11/2003,Shipped,4,11,2003,Vintage Cars,1.6745425854454679,S18_2795,Mini Gifts Distributors Ltd.,4155551450,5677 Strong St.,,San Rafael,CA,97562,USA,EMEA,Nelson,Valarie,Medium,-1.1722518631534757,0.8973952825597029
10193,-1.344269939388035,0.8101579745265006,8,0.06593992190524926,21/11/2003,Shipped,4,11,2003,Vintage Cars,1.6745425854454679,S18_2795,"Australian Collectables, Ltd",61-9-3844-6555,7 Allen Street,,Glen Waverly,Victoria,3150,Australia,APAC,Connery,Sean,Medium,-1.0890710113114723,1.1550109332167215
10205,0.5038329988458772,0.8101579745265006,3,2.1387063996358804,03/12/2003,Shipped,4,12,2003,Vintage Cars,1.6745425854454679,S18_2795,Euro Shopping Channel,(91) 555 94 44,"C/ Moralzarzal, 86",,Madrid,CA,28034,Spain,EMEA,Freyre,Diego,Large,0.4081843218445886,1.7305220777912917
10214,1.530556853420273,0.8101579745265006,1,3.2476159389103314,26/01/2004,Shipped,1,1,2004,Vintage Cars,1.6745425854454679,S18_2795,"Corrida Auto Replicas, Ltd",(91) 555 22 82,"C/ Araquil, 67",,Madrid,CA,28023,Spain,EMEA,Sommer,Mart¡n,Large,1.2399928402646223,2.007623098645709
10227,-0.6255632411859581,0.8101579745265006,4,1.0996949240681075,02/03/2004,Shipped,1,3,2004,Vintage Cars,1.6745425854454679,S18_2795,"Saveley & Henriot, Co.",78.32.5555,"2, rue du Commerce",,Lyon,CA,69004,France,EMEA,Saveley,Mary,Medium,-0.5068050484174486,1.606499972485556
10244,0.8118501552181959,0.8101579745265006,8,1.3013306373649045,29/04/2004,Shipped,2,4,2004,Vintage Cars,1.6745425854454679,S18_2795,Euro Shopping Channel,(91) 555 94 44,"C/ Moralzarzal, 86",,Madrid,CA,28034,Spain,EMEA,Freyre,Diego,Medium,0.6577268773705988,0.6436037599943057
10255,-1.138925168473156,0.8101579745265006,1,0.0934603839053614,04/06/2004,Shipped,2,6,2004,Vintage Cars,1.6745425854454679,S18_2795,Mini Caravy,88.60.1555,"24, place Kluber",,Strasbourg,CA,67000,France,EMEA,Citeaux,Frederique,Medium,-0.9227093076274656,1.016169691532827
10280,-1.344269939388035,0.8101579745265006,10,0.4893249616102118,17/08/2004,Shipped,3,8,2004,Vintage Cars,1.6745425854454679,S18_2795,Amica Models & Co.,011-4988555,Via Monte Bianco 34,,Torino,CA,10100,Italy,EMEA,Accorti,Paolo,Medium,-1.0890710113114723,1.578395972921684
10289,0.8118501552181959,0.8101579745265006,3,2.562232625609983,03/09/2004,Shipped,3,9,2004,Vintage Cars,1.6745425854454679,S18_2795,Herkku Gifts,+47 2267 3215,"Drammen 121, PR 744 Sentrum",,Bergen,CA,N 5804,Norway,EMEA,Oeztan,Veysel,Large,0.6577268773705988,1.9045057482393846
10304,-1.5496147103029143,0.8101579745265006,14,0.012875605672988535,11/10/2004,Shipped,4,10,2004,Vintage Cars,1.6745425854454679,S18_2795,Auto Assoc. & Cie.,30.59.8555,"67, avenue de l'Europe",,Versailles,CA,78000,France,EMEA,Tonini,Daniel,Medium,-1.2554327149954791,1.2683083206684678
10312,-1.0362527830157164,0.8101579745265006,11,0.17776487730546842,21/10/2004,Shipped,4,10,2004,Vintage Cars,1.6745425854454679,S18_2795,Mini Gifts Distributors Ltd.,4155551450,5677 Strong St.,,San Rafael,CA,97562,USA,EMEA,Nelson,Valarie,Medium,-0.8395284557854622,1.0172933330909306
10322,0.09314345701611891,0.8101579745265006,2,1.2183022506281804,04/11/2004,Shipped,4,11,2004,Vintage Cars,1.6745425854454679,S18_2795,Online Diecast Creations Co.,6035558647,2304 Long Airport Avenue,,Nashua,NH,62005,USA,EMEA,Young,Valarie,Medium,0.07546091447657508,1.1428413361516054
10332,-1.138925168473156,-1.5363145291307236,1,-1.243421538101669,17/11/2004,Shipped,4,11,2004,Vintage Cars,1.6745425854454679,S18_2795,"AV Stores, Co.",(171) 555-1555,Fauntleroy Circus,,Manchester,CA,EC2 5NT,UK,EMEA,Ashworth,Victoria,Small,1.7497472839179669,-2.993168822019636
10347,-1.4469423248454747,0.8101579745265006,6,0.6849765491919095,29/11/2004,Shipped,4,11,2004,Vintage Cars,1.6745425854454679,S18_2795,"Australian Collectors, Co.",03 9520 4555,636 St Kilda Road,Level 3,Melbourne,Victoria,3004,Australia,APAC,Ferguson,Peter,Medium,-1.1722518631534757,1.8572284123453853
10356,-0.5228908557285186,0.8101579745265006,1,0.49323473521717315,09/12/2004,Shipped,4,12,2004,Vintage Cars,1.6745425854454679,S18_2795,Lyon Souveniers,+33 1 46 62 7555,27 rue du Colonel Pierre Avia,,Paris,CA,75508,France,EMEA,Da Cunha,Daniel,Medium,-0.42362419657544526,0.9168589317926183
10367,-0.3175460848136394,0.5518625647641063,7,-0.28270327901329956,12/01/2005,Resolved,1,1,2005,Vintage Cars,1.6745425854454679,S18_2795,Toys4GrownUps.com,6265557265,78934 Hillside Dr.,,Pasadena,CA,90003,USA,EMEA,Young,Julie,Medium,-0.17524179679605548,-0.10746148221724408
10380,-1.4469423248454747,-1.8084914580358191,8,-1.3918300279325821,16/02/2005,Shipped,1,2,2005,Vintage Cars,1.6745425854454679,S18_2795,Euro Shopping Channel,(91) 555 94 44,"C/ Moralzarzal, 86",,Madrid,CA,28034,Spain,EMEA,Freyre,Diego,Small,2.6167828347535305,-4.008612862686112
10390,-0.9335803975582768,-0.27507936130820554,7,-0.8270415094425124,04/03/2005,Shipped,1,3,2005,Vintage Cars,1.6745425854454679,S18_2795,Mini Gifts Distributors Ltd.,4155551450,5677 Strong St.,,San Rafael,CA,97562,USA,EMEA,Nelson,Valarie,Small,0.2568086994901914,-1.0838502089327038
10421,-0.009528928441320661,0.8101579745265006,1,1.0208098113065387,29/05/2005,In Process,2,5,2005,Vintage Cars,1.6745425854454679,S18_2795,Mini Gifts Distributors Ltd.,4155551450,5677 Strong St.,,San Rafael,CA,97562,USA,EMEA,Nelson,Valarie,Medium,-0.007719937365428311,1.0285297486719671
10109,-0.9335803975582768,0.8101579745265006,1,-0.21528140525769715,10/03/2003,Shipped,1,3,2003,Classic Cars,0.7785921270279764,S18_2870,Motor Mint Distributors Inc.,2155559857,11328 Douglas Av.,,Philadelphia,PA,71270,USA,EMEA,Hernandez,Rosa,Medium,-0.7563476039434588,0.5410661986857617
10123,1.1198673115905147,0.8101579745265006,3,0.872808589559684,20/05/2003,Shipped,2,5,2003,Classic Cars,0.7785921270279764,S18_2870,Atelier graphique,40.32.2555,"54, rue Royale",,Nantes,CA,44000,France,EMEA,Schmitt,Carine,Medium,0.9072694328966089,-0.034460843336924896
10137,0.1958158424735585,0.8101579745265006,3,0.4305480317188909,10/07/2003,Shipped,3,7,2003,Classic Cars,0.7785921270279764,S18_2870,Reims Collectables,26.47.1555,59 rue de l'Abbaye,,Reims,CA,51100,France,EMEA,Henriot,Paul,Medium,0.15864176631857846,0.27190626540031243
10148,-0.8309080121008373,0.8101579745265006,10,-0.01386290160573128,11/09/2003,Shipped,3,9,2003,Classic Cars,0.7785921270279764,S18_2870,"Anna's Decorations, Ltd",02 9936 8555,201 Miller Street,Level 15,North Sydney,NSW,2060,Australia,APAC,O'Hara,Anna,Medium,-0.6731667521014554,0.6593038504957242
10161,-1.2415975539305957,0.8101579745265006,9,-0.1987951932150095,17/10/2003,Shipped,4,10,2003,Classic Cars,0.7785921270279764,S18_2870,Heintze Collectables,86 21 3555,Smagsloget 45,,Aaarhus,CA,8200,Denmark,EMEA,Ibsen,Palle,Medium,-1.005890159469469,0.8070949662544594
10172,0.40116061338843767,0.8101579745265006,7,1.3408736532064232,05/11/2003,Shipped,4,11,2003,Classic Cars,0.7785921270279764,S18_2870,Gift Depot Inc.,2035552570,25593 South Bay Ln.,,Bridgewater,CT,97562,USA,EMEA,King,Julie,Medium,0.3250034700025852,1.015870183203838
10181,-0.8309080121008373,0.8101579745265006,3,0.17967089193886226,12/11/2003,Shipped,4,11,2003,Classic Cars,0.7785921270279764,S18_2870,Herkku Gifts,+47 2267 3215,"Drammen 121, PR 744 Sentrum",,Bergen,CA,N 5804,Norway,EMEA,Oeztan,Veysel,Medium,-0.6731667521014554,0.8528376440403176
10192,0.29848822793099805,0.8101579745265006,8,0.7667233990241292,20/11/2003,Shipped,4,11,2003,Classic Cars,0.7785921270279764,S18_2870,Online Diecast Creations Co.,6035558647,2304 Long Airport Avenue,,Nashua,NH,62005,USA,EMEA,Young,Valarie,Medium,0.24182261816058184,0.5249007808635474
10204,-0.8309080121008373,0.8101579745265006,14,0.334497926774537,02/12/2003,Shipped,4,12,2003,Classic Cars,0.7785921270279764,S18_2870,Muscle Machine Inc,2125557413,4092 Furth Circle,Suite 400,NYC,NY,10022,USA,EMEA,Young,Jeff,Medium,-0.6731667521014554,1.0076646788759924
10212,0.5038329988458772,0.8101579745265006,7,0.7366181422505255,16/01/2004,Shipped,1,1,2004,Classic Cars,0.7785921270279764,S18_2870,Euro Shopping Channel,(91) 555 94 44,"C/ Moralzarzal, 86",,Madrid,CA,28034,Spain,EMEA,Freyre,Diego,Medium,0.4081843218445886,0.3284338204059369
10226,-1.138925168473156,0.8101579745265006,5,-0.17514106289289252,26/02/2004,Shipped,1,2,2004,Classic Cars,0.7785921270279764,S18_2870,Collectable Mini Designs Co.,7605558146,361 Furth Circle,,San Diego,CA,91217,USA,EMEA,Thompson,Valarie,Medium,-0.9227093076274656,0.7475682447345731
10241,0.9145225406756355,0.8101579745265006,12,1.7917357129825315,13/04/2004,Shipped,2,4,2004,Classic Cars,0.7785921270279764,S18_2870,Mini Caravy,88.60.1555,"24, place Kluber",,Strasbourg,CA,67000,France,EMEA,Citeaux,Frederique,Medium,0.7409077292126022,1.0508279837699295
10253,0.1958158424735585,0.8101579745265006,2,0.8814100914949993,01/06/2004,Cancelled,2,6,2004,Classic Cars,0.7785921270279764,S18_2870,"UK Collectables, Ltd.",(171) 555-2282,Berkeley Gardens 12  Brewery,,Liverpool,CA,WX1 6LT,UK,EMEA,Devon,Elizabeth,Medium,0.15864176631857846,0.7227683251764208
10266,-1.5496147103029143,0.8101579745265006,3,-0.3959129458993177,06/07/2004,Shipped,3,7,2004,Classic Cars,0.7785921270279764,S18_2870,L'ordine Souveniers,0522-556555,Strada Provinciale 124,,Reggio Emilia,CA,42100,Italy,EMEA,Moroni,Maurizio,Small,-1.2554327149954791,0.8595197690961615
10278,0.40116061338843767,0.8101579745265006,3,0.4183625706438606,06/08/2004,Shipped,3,8,2004,Classic Cars,0.7785921270279764,S18_2870,Signal Gift Stores,7025551838,8489 Strong St.,,Las Vegas,NV,83030,USA,EMEA,King,Sue,Medium,0.3250034700025852,0.0933591006412754
10287,0.9145225406756355,0.8101579745265006,1,0.8140316596683631,30/08/2004,Shipped,3,8,2004,Classic Cars,0.7785921270279764,S18_2870,"Vida Sport, Ltd",0897-034555,Grenzacherweg 237,,Gensve,CA,1203,Switzerland,EMEA,Holz,Michael,Medium,0.7409077292126022,0.07312393045576093
10301,-1.344269939388035,0.8101579745265006,5,-0.1794418138605502,05/10/2003,Shipped,4,10,2003,Classic Cars,0.7785921270279764,S18_2870,"Norway Gifts By Mail, Co.",+47 2212 1555,"Drammensveien 126 A, PB 744 Sentrum",,Oslo,CA,N 0106,Norway,EMEA,Klaeboe,Jan,Medium,-1.0890710113114723,0.9096291974509221
10311,0.8118501552181959,0.8101579745265006,10,0.9366030622466057,16/10/2004,Shipped,4,10,2004,Classic Cars,0.7785921270279764,S18_2870,Euro Shopping Channel,(91) 555 94 44,"C/ Moralzarzal, 86",,Madrid,CA,28034,Spain,EMEA,Freyre,Diego,Medium,0.6577268773705988,0.27887618487600696
10321,-0.8309080121008373,0.8101579745265006,7,-0.3815771093404591,04/11/2004,Shipped,4,11,2004,Classic Cars,0.7785921270279764,S18_2870,FunGiftIdeas.com,5085552555,1785 First Street,,New Bedford,MA,50553,USA,EMEA,Benitez,Violeta,Small,-0.6731667521014554,0.2915896427609963
10331,-0.9335803975582768,-0.9299896037191905,10,-1.0135485709768168,17/11/2004,Shipped,4,11,2004,Classic Cars,0.7785921270279764,S18_2870,Motor Mint Distributors Inc.,2155559857,11328 Douglas Av.,,Philadelphia,PA,71270,USA,EMEA,Hernandez,Rosa,Small,0.8682200639652262,-1.881768634942043
10343,-1.0362527830157164,-1.5536664280590995,3,-1.2195719190992038,24/11/2004,Shipped,4,11,2004,Classic Cars,0.7785921270279764,S18_2870,Reims Collectables,26.47.1555,59 rue de l'Abbaye,,Reims,CA,51100,France,EMEA,Henriot,Paul,Small,1.6099911599543293,-2.829563079053533
10366,1.4278844679628335,0.8101579745265006,2,1.4068185013771737,10/01/2005,Shipped,1,1,2005,Classic Cars,0.7785921270279764,S18_2870,Royale Belge,(071) 23 67 2555,"Boulevard Tirou, 255",,Charleroi,CA,B-6000,Belgium,EMEA,Cartrain,Pascale,Medium,1.1568119884226191,0.25000651295455456
10379,-0.6255632411859581,0.8101579745265006,5,0.8543457697490325,10/02/2005,Shipped,1,2,2005,Classic Cars,0.7785921270279764,S18_2870,Euro Shopping Channel,(91) 555 94 44,"C/ Moralzarzal, 86",,Madrid,CA,28034,Spain,EMEA,Freyre,Diego,Medium,-0.5068050484174486,1.361150818166481
10407,0.6065053843033168,0.8101579745265006,12,1.5379914058907314,22/04/2005,On Hold,2,4,2005,Classic Cars,0.7785921270279764,S18_2870,The Sharp Gifts Warehouse,4085553659,3086 Ingle Ln.,,San Jose,CA,94217,USA,EMEA,Frick,Sue,Medium,0.491365173686592,1.0466262322041393
10419,2.043918780707471,0.8101579745265006,2,2.249048899210127,17/05/2005,Shipped,2,5,2005,Classic Cars,0.7785921270279764,S18_2870,Salzburg Collectables,6562-9555,Geislweg 14,,Salzburg,CA,5020,Austria,EMEA,Pipps,Georg,Large,1.6558970994746394,0.5931517997354876
10103,-0.8309080121008373,-0.029178165066079644,12,-0.7119041069586175,29/01/2003,Shipped,1,1,2003,Vintage Cars,0.007079232279580979,S18_2949,Baane Mini Imports,07-98 9555,Erling Skakkes gate 78,,Stavern,CA,4110,Norway,EMEA,Bergulfsen,Jonas,Small,0.024244371131806334,-0.7361484780904238
10112,-1.2415975539305957,0.8101579745265006,2,-0.5506259456714563,24/03/2003,Shipped,1,3,2003,Vintage Cars,0.007079232279580979,S18_2949,"Volvo Model Replicas, Co",0921-12 3555,Berguvsvgen  8,,Lule,CA,S-958 22,Sweden,EMEA,Berglund,Christina,Small,-1.005890159469469,0.45526421379801263
10126,-0.42021847027107895,0.322817498909545,12,-0.41194844792898067,28/05/2003,Shipped,2,5,2003,Vintage Cars,0.007079232279580979,S18_2949,"Corrida Auto Replicas, Ltd",(91) 555 22 82,"C/ Araquil, 67",,Madrid,CA,28023,Spain,EMEA,Sommer,Mart¡n,Small,-0.1356538755685047,-0.27629457236047594
10139,1.1198673115905147,0.8101579745265006,1,1.0816339421003938,16/07/2003,Shipped,3,7,2003,Vintage Cars,0.007079232279580979,S18_2949,Souveniers And Things Co.,+61 2 9495 8555,"Monitor Money Building, 815 Pacific Hwy",Level 6,Chatswood,NSW,2067,Australia,APAC,Huxley,Adrian,Medium,0.9072694328966089,0.17436450920378488
10150,1.2225396970479543,0.3728901215314298,9,0.3972606536485104,19/09/2003,Shipped,3,9,2003,Vintage Cars,0.007079232279580979,S18_2949,"Dragon Souveniers, Ltd.",+65 221 7555,"Bronz Sok., Bronz Apt. 3/6 Tesvikiye",,Singapore,CA,79903,Singapore,Japan,Natividad,Eric,Medium,0.4558729762092091,-0.058612322560698704
10163,-0.42021847027107895,0.8101579745265006,2,-0.12207131641951115,20/10/2003,Shipped,4,10,2003,Vintage Cars,0.007079232279580979,S18_2949,Classic Legends Inc.,2125558493,5905 Pompton St.,Suite 750,NYC,NY,10022,USA,EMEA,Hernandez,Maria,Medium,-0.34044334473344184,0.2183720283139307
10174,1.1198673115905147,0.8101579745265006,5,1.1068628423475368,06/11/2003,Shipped,4,11,2003,Vintage Cars,0.007079232279580979,S18_2949,"Australian Gift Network, Co",61-7-3844-6555,31 Duncan St. West End,,South Brisbane,Queensland,4101,Australia,APAC,Calaghan,Tony,Medium,0.9072694328966089,0.19959340945092796
10183,0.1958158424735585,0.27224910774684985,9,-0.13865527280237275,13/11/2003,Shipped,4,11,2003,Vintage Cars,0.007079232279580979,S18_2949,"Classic Gift Ideas, Inc",2155554695,782 First Street,,Philadelphia,PA,71270,USA,EMEA,Cervantes,Francisca,Medium,0.053310688396124004,-0.19196596119849674
10193,-0.7282356266433977,0.47353113531600904,1,-0.512619688067118,21/11/2003,Shipped,4,11,2003,Vintage Cars,0.007079232279580979,S18_2949,"Australian Collectables, Ltd",61-9-3844-6555,7 Allen Street,,Glen Waverly,Victoria,3150,Australia,APAC,Connery,Sean,Small,-0.3448422430620134,-0.1677774450051046
10206,0.1958158424735585,0.322817498909545,7,-0.11816154281254976,05/12/2003,Shipped,4,12,2003,Vintage Cars,0.007079232279580979,S18_2949,Canadian Gift Exchange Network,(604) 555-3392,1900 Oak St.,,Vancouver,BC,V3F 2K1,Canada,EMEA,Tannamuri,Yoshi,Medium,0.0632127805141796,-0.18137432332672937
10215,1.4278844679628335,0.8101579745265006,4,1.0622425510580888,29/01/2004,Shipped,1,1,2004,Vintage Cars,0.007079232279580979,S18_2949,West Coast Collectables Co.,3105553722,3675 Furth Circle,,Burbank,CA,94019,USA,EMEA,Thompson,Steve,Medium,1.1568119884226191,-0.09456943736453027
10228,-1.138925168473156,0.8101579745265006,3,-0.5698978714091038,10/03/2004,Shipped,1,3,2004,Vintage Cars,0.007079232279580979,S18_2949,Cambridge Collectables Co.,6175555555,4658 Baden Av.,,Cambridge,MA,51247,USA,EMEA,Tseng,Kyung,Small,-0.9227093076274656,0.35281143621836186
10244,-0.5228908557285186,0.8101579745265006,1,-0.015361648155066633,29/04/2004,Shipped,2,4,2004,Vintage Cars,0.007079232279580979,S18_2949,Euro Shopping Channel,(91) 555 94 44,"C/ Moralzarzal, 86",,Madrid,CA,28034,Spain,EMEA,Freyre,Diego,Medium,-0.42362419657544526,0.4082625484203786
10257,1.530556853420273,0.22217648512496505,1,0.46325980423046853,14/06/2004,Shipped,2,6,2004,Vintage Cars,0.007079232279580979,S18_2949,The Sharp Gifts Warehouse,4085553659,3086 Ingle Ln.,,San Jose,CA,94217,USA,EMEA,Frick,Sue,Medium,0.34005374197684257,0.12320606225362596
10270,-0.42021847027107895,0.6237490031816628,10,-0.30976760075926635,19/07/2004,Shipped,3,7,2004,Vintage Cars,0.007079232279580979,S18_2949,Souveniers And Things Co.,+61 2 9495 8555,"Monitor Money Building, 815 Pacific Hwy",Level 6,Chatswood,NSW,2067,Australia,APAC,Huxley,Adrian,Small,-0.2621108519501087,-0.047656748809157656
10280,1.1198673115905147,0.8101579745265006,3,0.8538244666014376,17/08/2004,Shipped,3,8,2004,Vintage Cars,0.007079232279580979,S18_2949,Amica Models & Co.,011-4988555,Via Monte Bianco 34,,Torino,CA,10100,Italy,EMEA,Accorti,Paolo,Medium,0.9072694328966089,-0.05344496629517126
10291,1.2225396970479543,0.8101579745265006,12,1.1728782836528573,08/09/2004,Shipped,3,9,2004,Vintage Cars,0.007079232279580979,S18_2949,Scandinavian Gift Ideas,0695-34 6555,?kergatan 24,,Boras,CA,S-844 67,Sweden,EMEA,Larsson,Maria,Medium,0.9904502847386123,0.182427998914245
10304,1.1198673115905147,0.8101579745265006,7,0.5755571906081957,11/10/2004,Shipped,4,10,2004,Vintage Cars,0.007079232279580979,S18_2949,Auto Assoc. & Cie.,30.59.8555,"67, avenue de l'Europe",,Versailles,CA,78000,France,EMEA,Tonini,Daniel,Medium,0.9072694328966089,-0.33171224228841323
10312,0.1958158424735585,0.8101579745265006,4,0.0853693246353994,21/10/2004,Shipped,4,10,2004,Vintage Cars,0.007079232279580979,S18_2949,Mini Gifts Distributors Ltd.,4155551450,5677 Strong St.,,San Rafael,CA,97562,USA,EMEA,Nelson,Valarie,Medium,0.15864176631857846,-0.07327244168317906
10322,-0.21487369935619982,0.8101579745265006,12,-0.01583407913257442,04/11/2004,Shipped,4,11,2004,Vintage Cars,0.007079232279580979,S18_2949,Online Diecast Creations Co.,6035558647,2304 Long Airport Avenue,,Nashua,NH,62005,USA,EMEA,Young,Valarie,Medium,-0.17408164104943508,0.15824756191686065
10333,-0.42021847027107895,0.322817498909545,5,-0.41194844792898067,18/11/2004,Shipped,4,11,2004,Vintage Cars,0.007079232279580979,S18_2949,Mini Wheels Co.,6505555787,5557 North Pendale Street,,San Francisco,CA,,USA,EMEA,Murphy,Julie,Small,-0.1356538755685047,-0.27629457236047594
10347,1.325212082505394,0.8101579745265006,9,0.684487827491039,29/11/2004,Shipped,4,11,2004,Vintage Cars,0.007079232279580979,S18_2949,"Australian Collectors, Co.",03 9520 4555,636 St Kilda Road,Level 3,Melbourne,Victoria,3004,Australia,APAC,Ferguson,Peter,Medium,1.0736311365806157,-0.3891433090895767
10357,0.6065053843033168,0.1721038625030802,6,0.01001386860233757,10/12/2004,Shipped,4,12,2004,Vintage Cars,0.007079232279580979,S18_2949,Mini Gifts Distributors Ltd.,4155551450,5677 Strong St.,,San Rafael,CA,97562,USA,EMEA,Nelson,Valarie,Medium,0.10438191926751586,-0.0943680506651783
10369,0.7091777697607564,0.8101579745265006,1,0.5579414884123857,20/01/2005,Shipped,1,1,2005,Vintage Cars,0.007079232279580979,S18_2949,Collectables For Less Inc.,6175558555,7825 Douglas Av.,,Brickhaven,MA,58339,USA,EMEA,Nelson,Allen,Medium,0.5745460255285955,-0.016604537116209794
10381,0.6065053843033168,0.8101579745265006,8,0.41588638069278533,17/02/2005,Shipped,1,2,2005,Vintage Cars,0.007079232279580979,S18_2949,Corporate Gift Ideas Co.,6505551386,7734 Strong St.,,San Francisco,CA,,USA,EMEA,Brown,Julie,Medium,0.491365173686592,-0.07547879299380666
10391,-0.3175460848136394,-1.9041747864122915,6,-1.1435485434082862,09/03/2005,Shipped,1,3,2005,Vintage Cars,0.007079232279580979,S18_2949,"Anna's Decorations, Ltd",02 9936 8555,201 Miller Street,Level 15,North Sydney,NSW,2060,Australia,APAC,O'Hara,Anna,Small,0.6046632482260712,-1.7482117916343574
10423,-2.57633856487731,0.22217648512496505,1,-1.451226005311672,30/05/2005,In Process,2,5,2005,Vintage Cars,0.007079232279580979,S18_2949,Petit Auto,(02) 5554 67,Rue Joseph-Bens 532,,Bruxelles,CA,B-1180,Belgium,EMEA,Dewey,Catherine,Small,-0.5724018468363374,-0.8788241584753345
10103,-0.009528928441320661,-1.29884139808238,14,-0.8377716658971734,29/01/2003,Shipped,1,1,2003,Vintage Cars,-0.9635337643393681,S18_2957,Baane Mini Imports,07-98 9555,Erling Skakkes gate 78,,Stavern,CA,4110,Norway,EMEA,Bergulfsen,Jonas,Small,0.012376566738951883,-0.8501482326361254
10111,-0.7282356266433977,-0.958248410545403,2,-0.951730706057859,25/03/2003,Shipped,1,3,2003,Vintage Cars,-0.9635337643393681,S18_2957,Mini Wheels Co.,6505555787,5557 North Pendale Street,,San Francisco,CA,,USA,EMEA,Murphy,Julie,Small,0.6978306317335714,-1.6495613377914304
10126,1.1198673115905147,-0.493713287805741,14,-0.08888711293042571,28/05/2003,Shipped,2,5,2003,Vintage Cars,-0.9635337643393681,S18_2957,"Corrida Auto Replicas, Ltd",(91) 555 22 82,"C/ Araquil, 67",,Madrid,CA,28023,Spain,EMEA,Sommer,Mart¡n,Medium,-0.5528933723115291,0.4640062593811034
10139,-1.5496147103029143,-0.6176554230084256,3,-1.1565811220981577,16/07/2003,Shipped,3,7,2003,Vintage Cars,-0.9635337643393681,S18_2957,Souveniers And Things Co.,+61 2 9495 8555,"Monitor Money Building, 815 Pacific Hwy",Level 6,Chatswood,NSW,2067,Australia,APAC,Huxley,Adrian,Small,0.9571279293922254,-2.113709051490383
10150,-0.5228908557285186,-1.6701720351496232,11,-1.1158000112811013,19/09/2003,Shipped,3,9,2003,Vintage Cars,-0.9635337643393681,S18_2957,"Dragon Souveniers, Ltd.",+65 221 7555,"Bronz Sok., Bronz Apt. 3/6 Tesvikiye",,Singapore,CA,79903,Singapore,Japan,Natividad,Eric,Small,0.8733176846732279,-1.989117695954329
10163,1.325212082505394,-0.6791307220689575,4,-0.10632904741037051,20/10/2003,Shipped,4,10,2003,Vintage Cars,-0.9635337643393681,S18_2957,Classic Legends Inc.,2125558493,5905 Pompton St.,Suite 750,NYC,NY,10022,USA,EMEA,Hernandez,Maria,Medium,-0.8999922384863951,0.7936631910760246
10173,-0.7282356266433977,-1.4842588323455963,2,-1.1130523092739866,05/11/2003,Shipped,4,11,2003,Vintage Cars,-0.9635337643393681,S18_2957,Rovelli Gifts,035-640555,Via Ludovico il Moro 22,,Bergamo,CA,24100,Italy,EMEA,Rovelli,Giovanni,Small,1.080890160874193,-2.19394247014818
10183,0.40116061338843767,-0.7723352077413761,11,-0.48805327723671016,13/11/2003,Shipped,4,11,2003,Vintage Cars,-0.9635337643393681,S18_2957,"Classic Gift Ideas, Inc",2155554695,782 First Street,,Philadelphia,PA,71270,USA,EMEA,Cervantes,Francisca,Small,-0.30983046567901684,-0.17822281155769332
10193,-1.138925168473156,-1.5774633180180149,3,-1.2542385784142625,21/11/2003,Shipped,4,11,2003,Vintage Cars,-0.9635337643393681,S18_2957,"Australian Collectables, Ltd",61-9-3844-6555,7 Allen Street,,Glen Waverly,Victoria,3150,Australia,APAC,Connery,Sean,Small,1.7966126752338913,-3.050851253648154
10206,-0.7282356266433977,-0.8030728572716421,9,-0.9041400728753445,05/12/2003,Shipped,4,12,2003,Vintage Cars,-0.9635337643393681,S18_2957,Canadian Gift Exchange Network,(604) 555-3392,1900 Oak St.,,Vancouver,BC,V3F 2K1,Canada,EMEA,Tannamuri,Yoshi,Small,0.5848262654555182,-1.4889663383308627
10215,-0.42021847027107895,-1.2368703304810378,6,-0.9415381434741553,29/01/2004,Shipped,1,1,2004,Vintage Cars,-0.9635337643393681,S18_2957,West Coast Collectables Co.,3105553722,3675 Furth Circle,,Burbank,CA,94019,USA,EMEA,Thompson,Steve,Small,0.5197557581984256,-1.461293901672581
10228,1.017194926133075,-0.9889860600756686,5,-0.3730244795752308,10/03/2004,Shipped,1,3,2004,Vintage Cars,-0.9635337643393681,S18_2957,Cambridge Collectables Co.,6175555555,4658 Baden Av.,,Cambridge,MA,51247,USA,EMEA,Tseng,Kyung,Small,-1.0059916023253106,0.6329671227500797
10244,-1.138925168473156,-1.2676079800113034,3,-1.172784961602565,29/04/2004,Shipped,2,4,2004,Vintage Cars,-0.9635337643393681,S18_2957,Euro Shopping Channel,(91) 555 94 44,"C/ Moralzarzal, 86",,Madrid,CA,28034,Spain,EMEA,Freyre,Diego,Small,1.4437106321922908,-2.6164955937948555
10257,1.4278844679628335,-1.4842588323455963,3,-0.5004559479565711,14/06/2004,Shipped,2,6,2004,Vintage Cars,-0.9635337643393681,S18_2957,The Sharp Gifts Warehouse,4085553659,3086 Ingle Ln.,,San Jose,CA,94217,USA,EMEA,Frick,Sue,Small,-2.119350133142928,1.618894185186357
10269,-0.3175460848136394,-1.0202194781467453,1,-0.8337207060210716,16/07/2004,Shipped,3,7,2004,Vintage Cars,-0.9635337643393681,S18_2957,Salzburg Collectables,6562-9555,Geislweg 14,,Salzburg,CA,5020,Austria,EMEA,Pipps,Georg,Small,0.3239667009361133,-1.157687406957185
10280,0.8118501552181959,-0.7411017896702998,5,-0.3254664278394408,17/08/2004,Shipped,3,8,2004,Vintage Cars,-0.9635337643393681,S18_2957,Amica Models & Co.,011-4988555,Via Monte Bianco 34,,Torino,CA,10100,Italy,EMEA,Accorti,Paolo,Small,-0.6016636029763157,0.2761971751368749
10291,0.1958158424735585,-1.6394343856193572,14,-0.9133986339862742,08/09/2004,Shipped,3,9,2004,Vintage Cars,-0.9635337643393681,S18_2957,Scandinavian Gift Ideas,0695-34 6555,?kergatan 24,,Boras,CA,S-844 67,Sweden,EMEA,Larsson,Maria,Small,-0.3210272254001752,-0.5923714085860989
10304,-1.138925168473156,-0.9270149924743267,9,-1.0832511460031469,11/10/2004,Shipped,4,10,2004,Vintage Cars,-0.9635337643393681,S18_2957,Auto Assoc. & Cie.,30.59.8555,"67, avenue de l'Europe",,Versailles,CA,78000,France,EMEA,Tonini,Daniel,Small,1.055800706480964,-2.139051852484111
10312,-0.009528928441320661,-1.4842588323455963,6,-0.9088535221681815,21/10/2004,Shipped,4,10,2004,Vintage Cars,-0.9635337643393681,S18_2957,Mini Gifts Distributors Ltd.,4155551450,5677 Strong St.,,San Rafael,CA,97562,USA,EMEA,Nelson,Valarie,Small,0.014143396201819348,-0.9229969183700009
10322,0.6065053843033168,-2.666666802179207,13,-1.2648221183586623,04/11/2004,Shipped,4,11,2004,Vintage Cars,-0.9635337643393681,S18_2957,Online Diecast Creations Co.,6035558647,2304 Long Airport Avenue,,Nashua,NH,62005,USA,EMEA,Young,Valarie,Small,-1.6173477736645967,0.3525256553059344
10332,-0.9335803975582768,0.8101579745265006,17,-0.31213518588792644,17/11/2004,Shipped,4,11,2004,Vintage Cars,-0.9635337643393681,S18_2957,"AV Stores, Co.",(171) 555-1555,Fauntleroy Circus,,Manchester,CA,EC2 5NT,UK,EMEA,Ashworth,Victoria,Small,-0.7563476039434588,0.44421241805553235
10347,-0.11220131389876024,-0.9270149924743267,10,-0.7305026827972885,29/11/2004,Shipped,4,11,2004,Vintage Cars,-0.9635337643393681,S18_2957,"Australian Collectors, Co.",03 9520 4555,636 St Kilda Road,Level 3,Melbourne,Victoria,3004,Australia,APAC,Ferguson,Peter,Small,0.1040123001594688,-0.8345149829567573
10357,1.4278844679628335,-0.6483930725386915,5,-0.05184200800446551,10/12/2004,Shipped,4,12,2004,Vintage Cars,-0.9635337643393681,S18_2957,Mini Gifts Distributors Ltd.,4155551450,5677 Strong St.,,San Rafael,CA,97562,USA,EMEA,Nelson,Valarie,Medium,-0.9258303974126965,0.873988389408231
10369,-0.7282356266433977,-1.9557347146566084,6,-1.257648769838112,20/01/2005,Shipped,1,1,2005,Vintage Cars,-0.9635337643393681,S18_2957,Collectables For Less Inc.,6175558555,7825 Douglas Av.,,Brickhaven,MA,58339,USA,EMEA,Nelson,Allen,Small,1.4242356954762019,-2.681884465314314
10381,0.5038329988458772,-0.7723352077413761,4,-0.45108419568644104,17/02/2005,Shipped,1,2,2005,Vintage Cars,-0.9635337643393681,S18_2957,Corporate Gift Ideas Co.,6505551386,7734 Strong St.,,San Francisco,CA,,USA,EMEA,Brown,Julie,Small,-0.38912796383059106,-0.061956231855849975
10392,0.1958158424735585,-1.1748992628796955,3,-0.7251376045699579,10/03/2005,Shipped,1,3,2005,Vintage Cars,-0.9635337643393681,S18_2957,Mini Auto Werke,7675-3555,Kirchgasse 6,,Graz,CA,8010,Austria,EMEA,Mendel,Roland,Small,-0.23006388898235045,-0.4950737155876075
10423,-0.42021847027107895,-1.4842588323455963,3,-1.0255385433714987,30/05/2005,In Process,2,5,2005,Vintage Cars,-0.9635337643393681,S18_2957,Petit Auto,(02) 5554 67,Rue Joseph-Bens 532,,Bruxelles,CA,B-1180,Belgium,EMEA,Dewey,Catherine,Small,0.6237129760146043,-1.649251519386103
10106,0.6065053843033168,-0.0108347290560821,18,-0.07214024931394061,17/02/2003,Shipped,1,2,2003,Ships,-0.36623345872770713,S18_3029,Rovelli Gifts,035-640555,Via Ludovico il Moro 22,,Bergamo,CA,24100,Italy,EMEA,Rovelli,Giovanni,Medium,-0.006571321509981387,-0.06556892780395923
10119,-1.4469423248454747,0.28761793251198214,9,-0.9096897793007815,28/04/2003,Shipped,2,4,2003,Ships,-0.36623345872770713,S18_3029,Salzburg Collectables,6562-9555,Geislweg 14,,Salzburg,CA,5020,Austria,EMEA,Pipps,Georg,Small,-0.41616655993613627,-0.49352321936464527
10130,0.5038329988458772,0.6287066885897706,2,0.16275026060651213,16/06/2003,Shipped,2,6,2003,Ships,-0.36623345872770713,S18_3029,Auto-Moto Classics Inc.,6175558428,16780 Pompton St.,,Brickhaven,MA,58339,USA,EMEA,Taylor,Leslie,Medium,0.3167631763066452,-0.15401291570013306
10143,1.1198673115905147,-0.4371956741533168,13,-0.06041092849305621,10/08/2003,Shipped,3,8,2003,Ships,-0.36623345872770713,S18_3029,Mini Creations Ltd.,5085559555,4575 Hillside Dr.,,New Bedford,MA,50553,USA,EMEA,Tam,Wing C,Medium,-0.48960114425307755,0.42919021576002137
10155,0.9145225406756355,-0.22401520160469943,11,-0.03895061558373429,06/10/2003,Shipped,4,10,2003,Ships,-0.36623345872770713,S18_3029,"Toys of Finland, Co.",90-224 8555,Keskuskatu 45,,Helsinki,CA,21240,Finland,EMEA,Karttunen,Matti,Medium,-0.20486695132149443,0.16591633573776016
10167,1.1198673115905147,-0.5224678631727637,7,-0.10337499624066625,23/10/2003,Cancelled,4,10,2003,Ships,-0.36623345872770713,S18_3029,Scandinavian Gift Ideas,0695-34 6555,?kergatan 24,,Boras,CA,S-844 67,Sweden,EMEA,Larsson,Maria,Medium,-0.5850946813237238,0.4817196850830575
10178,0.6065053843033168,-0.09610691807552903,10,-0.11043430969768003,08/11/2003,Shipped,4,11,2003,Ships,-0.36623345872770713,S18_3029,Alpha Cognac,61.77.6555,1 rue Alsace-Lorraine,,Toulouse,CA,31000,France,EMEA,Roulet,Annette,Medium,-0.05828936328160612,-0.052144946416073916
10186,-0.3175460848136394,0.28761793251198214,7,-0.3753214715693207,14/11/2003,Shipped,4,11,2003,Ships,-0.36623345872770713,S18_3029,"Double Decker Gift Stores, Ltd",(171) 555-7555,120 Hanover Sq.,,London,CA,WA1 1DP,UK,EMEA,Hardy,Thomas,Small,-0.09133194839137349,-0.28398952317794723
10197,1.1198673115905147,0.20234574349253523,4,0.2618195796140195,26/11/2003,Shipped,4,11,2003,Ships,-0.36623345872770713,S18_3029,Enaco Distributors,(93) 203 4555,"Rambla de Catalu¤a, 23",,Barcelona,CA,8022,Spain,EMEA,Saavedra,Eduardo,Medium,0.2266003837767693,0.03521919583725022
10209,-0.7282356266433977,0.8101579745265006,6,-0.39964895179041426,09/01/2004,Shipped,1,1,2004,Ships,-0.36623345872770713,S18_3029,"Men 'R' US Retailers, Ltd.",2155554369,6047 Douglas Av.,,Los Angeles,CA,,USA,EMEA,Chandler,Michael,Small,-0.589985900259452,0.1903369484690377
10222,1.4278844679628335,0.5434344995703236,10,0.5878186750589165,19/02/2004,Shipped,1,2,2004,Ships,-0.36623345872770713,S18_3029,Collectable Mini Designs Co.,7605558146,361 Furth Circle,,San Diego,CA,91217,USA,EMEA,Thompson,Valarie,Medium,0.7759616812916202,-0.18814300623270375
10248,-1.4469423248454747,-0.4798317686630402,1,-1.0862160576550925,07/05/2004,Cancelled,2,5,2004,Ships,-0.36623345872770713,S18_3029,Land of Toys Inc.,2125557818,897 Long Airport Avenue,,NYC,NY,10022,USA,EMEA,Yu,Kwai,Small,0.6942888948840155,-1.7805049525391081
10262,-0.3175460848136394,0.031801365453641366,15,-0.4649856129556374,24/06/2004,Cancelled,2,6,2004,Ships,-0.36623345872770713,S18_3029,Euro Shopping Channel,(91) 555 94 44,"C/ Moralzarzal, 86",,Madrid,CA,28034,Spain,EMEA,Freyre,Diego,Small,-0.010098399091531542,-0.45488721386410585
10273,-0.11220131389876024,0.7139788776092175,2,-0.11938334706472523,21/07/2004,Shipped,3,7,2004,Ships,-0.36623345872770713,S18_3029,Petit Auto,(02) 5554 67,Rue Joseph-Bens 532,,Bruxelles,CA,B-1180,Belgium,EMEA,Dewey,Catherine,Medium,-0.08010936816371633,-0.039273978901008894
10283,-1.4469423248454747,0.7139788776092175,4,-0.8116196246594976,20/08/2004,Shipped,3,8,2004,Ships,-0.36623345872770713,S18_3029,"Royal Canadian Collectables, Ltd.",(604) 555-4555,23 Tsawassen Blvd.,,Tsawassen,BC,T2F 8M4,Canada,EMEA,Lincoln,Elizabeth,Small,-1.0330862570584438,0.22146663239894626
10296,-1.4469423248454747,0.6287066885897706,13,-0.8312336555877544,15/09/2004,Shipped,3,9,2004,Ships,-0.36623345872770713,S18_3029,"Bavarian Collectables Imports, Co.",+49 89 61 08 9555,Hansastr. 15,,Munich,CA,80686,Germany,EMEA,Donnermeyer,Michael,Small,-0.9097023176339826,0.07846866204622815
10307,-0.42021847027107895,-0.0108347290560821,7,-0.5252395684318105,14/10/2004,Shipped,4,10,2004,Ships,-0.36623345872770713,S18_3029,"Classic Gift Ideas, Inc",2155554695,782 First Street,,Philadelphia,PA,71270,USA,EMEA,Cervantes,Francisca,Small,0.004552953269748431,-0.529792521701559
10316,-1.4469423248454747,0.5434344995703236,15,-0.8508476865160112,01/11/2004,Shipped,4,11,2004,Ships,-0.36623345872770713,S18_3029,giftsbymail.co.uk,(198) 555-8888,Garden House Crowther Way,,Cowes,Isle of Wight,PO31 7PJ,UK,EMEA,Bennett,Helen,Small,-0.7863183782095212,-0.06452930830648995
10327,-1.0362527830157164,-1.8739329054228366,5,-1.3072703131997983,10/11/2004,Resolved,4,11,2004,Ships,-0.36623345872770713,S18_3029,Danish Wholesale Imports,31 12 3555,Vinb'ltet 34,,Kobenhavn,CA,1734,Denmark,EMEA,Petersen,Jytte,Small,1.9418681884291418,-3.24913850162894
10338,-0.7282356266433977,-0.05347082356580556,3,-0.6742453847860094,22/11/2004,Shipped,4,11,2004,Ships,-0.36623345872770713,S18_3029,Royale Belge,(071) 23 67 2555,"Boulevard Tirou, 255",,Charleroi,CA,B-6000,Belgium,EMEA,Cartrain,Pascale,Small,0.03893935870658297,-0.7131847434925923
10350,0.8118501552181959,-0.9265192239335157,6,-0.4127955655438223,02/12/2004,Shipped,4,12,2004,Ships,-0.36623345872770713,S18_3029,Euro Shopping Channel,(91) 555 94 44,"C/ Moralzarzal, 86",,Madrid,CA,28034,Spain,EMEA,Freyre,Diego,Small,-0.7521947757630671,0.33939921021924485
10373,-1.344269939388035,0.1527688894114614,5,-0.8936054051010317,31/01/2005,Shipped,1,1,2005,Ships,-0.36623345872770713,S18_3029,"Oulu Toy Supplies, Inc.",981-443655,Torikatu 38,,Oulu,CA,90110,Finland,EMEA,Koskitalo,Pirkko,Small,-0.20536262570952266,-0.688242779391509
10386,0.1958158424735585,0.4636157644997948,5,-0.061100569115395235,01/03/2005,Resolved,1,3,2005,Ships,-0.36623345872770713,S18_3029,Euro Shopping Channel,(91) 555 94 44,"C/ Moralzarzal, 86",,Madrid,CA,28034,Spain,EMEA,Freyre,Diego,Medium,0.09078331150955021,-0.15188388062494546
10398,-0.7282356266433977,-0.5651039576824871,18,-0.8311576322120635,30/03/2005,Shipped,1,3,2005,Ships,-0.36623345872770713,S18_3029,Reims Collectables,26.47.1555,59 rue de l'Abbaye,,Reims,CA,51100,France,EMEA,Henriot,Paul,Small,0.4115288347415701,-1.2426864669536335
10400,-0.5228908557285186,-0.4371956741533168,7,-0.7106497212597174,01/04/2005,Shipped,2,4,2005,Ships,-0.36623345872770713,S18_3029,The Sharp Gifts Warehouse,4085553659,3086 Ingle Ln.,,San Jose,CA,94217,USA,EMEA,Frick,Sue,Small,0.22860562017883437,-0.9392553414385517
10414,0.9145225406756355,-0.4798317686630402,1,-0.16223880998991977,06/05/2005,On Hold,2,5,2005,Ships,-0.36623345872770713,S18_3029,Gifts4AllAges.com,6175559555,8616 Spinnaker Dr.,,Boston,MA,51003,USA,EMEA,Yoshido,Juri,Medium,-0.43881696817460736,0.27657815818468756
10103,-1.0362527830157164,0.8101579745265006,13,-0.5508377250751666,29/01/2003,Shipped,1,1,2003,Vintage Cars,0.0817417704810386,S18_3136,Baane Mini Imports,07-98 9555,Erling Skakkes gate 78,,Stavern,CA,4110,Norway,EMEA,Bergulfsen,Jonas,Small,-0.8395284557854622,0.2886907307102956
10111,0.8118501552181959,0.8101579745265006,1,0.6865241679113314,25/03/2003,Shipped,1,3,2003,Vintage Cars,0.0817417704810386,S18_3136,Mini Wheels Co.,6505555787,5557 North Pendale Street,,San Francisco,CA,,USA,EMEA,Murphy,Julie,Medium,0.6577268773705988,0.028797290540732656
10126,-0.5228908557285186,0.680762385374898,13,-0.3432939094389612,28/05/2003,Shipped,2,5,2003,Vintage Cars,0.0817417704810386,S18_3136,"Corrida Auto Replicas, Ltd",(91) 555 22 82,"C/ Araquil, 67",,Madrid,CA,28023,Spain,EMEA,Sommer,Mart¡n,Small,-0.35596442623646796,0.012670516797506748
10139,-1.5496147103029143,0.31736404496062687,2,-0.9517524270223422,16/07/2003,Shipped,3,7,2003,Vintage Cars,0.0817417704810386,S18_3136,Souveniers And Things Co.,+61 2 9495 8555,"Monitor Money Building, 815 Pacific Hwy",Level 6,Chatswood,NSW,2067,Australia,APAC,Huxley,Adrian,Small,-0.4917919925922229,-0.4599604344301193
10150,-0.9335803975582768,0.8101579745265006,10,-0.4070123587501917,19/09/2003,Shipped,3,9,2003,Vintage Cars,0.0817417704810386,S18_3136,"Dragon Souveniers, Ltd.",+65 221 7555,"Bronz Sok., Bronz Apt. 3/6 Tesvikiye",,Singapore,CA,79903,Singapore,Japan,Natividad,Eric,Small,-0.7563476039434588,0.3493352451932671
10163,0.5038329988458772,0.8101579745265006,3,0.7314051107745771,20/10/2003,Shipped,4,10,2003,Vintage Cars,0.0817417704810386,S18_3136,Classic Legends Inc.,2125558493,5905 Pompton St.,Suite 750,NYC,NY,10022,USA,EMEA,Hernandez,Maria,Medium,0.4081843218445886,0.32322078892998857
10173,-0.42021847027107895,0.2653083481754995,1,-0.431475594999305,05/11/2003,Shipped,4,11,2003,Vintage Cars,0.0817417704810386,S18_3136,Rovelli Gifts,035-640555,Via Ludovico il Moro 22,,Bergamo,CA,24100,Italy,EMEA,Rovelli,Giovanni,Small,-0.11148746822045519,-0.3199881267788498
10183,-1.344269939388035,0.8101579745265006,10,-0.5786948620247673,13/11/2003,Shipped,4,11,2003,Vintage Cars,0.0817417704810386,S18_3136,"Classic Gift Ideas, Inc",2155554695,782 First Street,,Philadelphia,PA,71270,USA,EMEA,Cervantes,Francisca,Small,-1.0890710113114723,0.510376149286705
10193,-1.2415975539305957,0.8101579745265006,2,-0.42573039989351996,21/11/2003,Shipped,4,11,2003,Vintage Cars,0.0817417704810386,S18_3136,"Australian Collectables, Ltd",61-9-3844-6555,7 Allen Street,,Glen Waverly,Victoria,3150,Australia,APAC,Connery,Sean,Small,-1.005890159469469,0.5801597595759489
10206,-0.5228908557285186,0.8101579745265006,8,0.014939097298884972,05/12/2003,Shipped,4,12,2003,Vintage Cars,0.0817417704810386,S18_3136,Canadian Gift Exchange Network,(604) 555-3392,1900 Oak St.,,Vancouver,BC,V3F 2K1,Canada,EMEA,Tannamuri,Yoshi,Medium,-0.42362419657544526,0.43856329387433024
10215,1.4278844679628335,0.8101579745265006,5,0.9401109980106296,29/01/2004,Shipped,1,1,2004,Vintage Cars,0.0817417704810386,S18_3136,West Coast Collectables Co.,3105553722,3675 Furth Circle,,Burbank,CA,94019,USA,EMEA,Thompson,Steve,Medium,1.1568119884226191,-0.21670099041198954
10228,-0.42021847027107895,0.8101579745265006,4,-0.20219995439773844,10/03/2004,Shipped,1,3,2004,Vintage Cars,0.0817417704810386,S18_3136,Cambridge Collectables Co.,6175555555,4658 Baden Av.,,Cambridge,MA,51247,USA,EMEA,Tseng,Kyung,Medium,-0.34044334473344184,0.1382433903357034
10244,-0.6255632411859581,0.8101579745265006,2,-0.11586998105958053,29/04/2004,Shipped,2,4,2004,Vintage Cars,0.0817417704810386,S18_3136,Euro Shopping Channel,(91) 555 94 44,"C/ Moralzarzal, 86",,Madrid,CA,28034,Spain,EMEA,Freyre,Diego,Medium,-0.5068050484174486,0.39093506735786804
10257,0.1958158424735585,0.05758132957579956,2,-0.2256531657983866,14/06/2004,Shipped,2,6,2004,Vintage Cars,0.0817417704810386,S18_3136,The Sharp Gifts Warehouse,4085553659,3086 Ingle Ln.,,San Jose,CA,94217,USA,EMEA,Frick,Sue,Medium,0.01127533656163282,-0.23692850236001942
10270,0.29848822793099805,0.8101579745265006,11,0.6631361194041329,19/07/2004,Shipped,3,7,2004,Vintage Cars,0.0817417704810386,S18_3136,Souveniers And Things Co.,+61 2 9495 8555,"Monitor Money Building, 815 Pacific Hwy",Level 6,Chatswood,NSW,2067,Australia,APAC,Huxley,Adrian,Medium,0.24182261816058184,0.42131350124355105
10280,-0.6255632411859581,0.8101579745265006,4,-0.2972834764225936,17/08/2004,Shipped,3,8,2004,Vintage Cars,0.0817417704810386,S18_3136,Amica Models & Co.,011-4988555,Via Monte Bianco 34,,Torino,CA,10100,Italy,EMEA,Accorti,Paolo,Medium,-0.5068050484174486,0.20952157199485494
10291,-1.2415975539305957,0.8101579745265006,13,-0.3733991662125644,08/09/2004,Shipped,3,9,2004,Vintage Cars,0.0817417704810386,S18_3136,Scandinavian Gift Ideas,0695-34 6555,?kergatan 24,,Boras,CA,S-844 67,Sweden,EMEA,Larsson,Maria,Small,-1.005890159469469,0.6324909932569045
10304,-0.9335803975582768,0.10963702636092765,8,-0.7174809645896584,11/10/2004,Shipped,4,10,2004,Vintage Cars,0.0817417704810386,S18_3136,Auto Assoc. & Cie.,30.59.8555,"67, avenue de l'Europe",,Versailles,CA,78000,France,EMEA,Tonini,Daniel,Small,-0.1023549786571421,-0.6151259859325162
10312,0.29848822793099805,0.8101579745265006,5,0.4904218703166095,21/10/2004,Shipped,4,10,2004,Vintage Cars,0.0817417704810386,S18_3136,Mini Gifts Distributors Ltd.,4155551450,5677 Strong St.,,San Rafael,CA,97562,USA,EMEA,Nelson,Valarie,Medium,0.24182261816058184,0.24859925215602766
10322,1.325212082505394,-1.8154322176071696,7,-0.7037424545540854,04/11/2004,Shipped,4,11,2004,Vintage Cars,0.0817417704810386,S18_3136,Online Diecast Creations Co.,6035558647,2304 Long Airport Avenue,,Nashua,NH,62005,USA,EMEA,Young,Valarie,Small,-2.4058327097425827,1.7020902551884973
10332,0.5038329988458772,-2.1743686411541443,18,-1.0653530712690564,17/11/2004,Shipped,4,11,2004,Vintage Cars,0.0817417704810386,S18_3136,"AV Stores, Co.",(171) 555-1555,Fauntleroy Circus,,Manchester,CA,EC2 5NT,UK,EMEA,Ashworth,Victoria,Small,-1.0955186730691275,0.030165601800071107
10347,1.017194926133075,0.8101579745265006,11,0.7571444536870734,29/11/2004,Shipped,4,11,2004,Vintage Cars,0.0817417704810386,S18_3136,"Australian Collectors, Co.",03 9520 4555,636 St Kilda Road,Level 3,Melbourne,Victoria,3004,Australia,APAC,Ferguson,Peter,Medium,0.8240885810546055,-0.06694412736753208
10357,0.9145225406756355,0.8101579745265006,4,0.8725696589503699,10/12/2004,Shipped,4,12,2004,Vintage Cars,0.0817417704810386,S18_3136,Mini Gifts Distributors Ltd.,4155551450,5677 Strong St.,,San Rafael,CA,97562,USA,EMEA,Nelson,Valarie,Medium,0.7409077292126022,0.1316619297377677
10369,-1.4469423248454747,0.5236037579378938,5,-0.8554090890574664,20/01/2005,Shipped,1,1,2005,Vintage Cars,0.0817417704810386,S18_3136,Collectables For Less Inc.,6175558555,7825 Douglas Av.,,Brickhaven,MA,58339,USA,EMEA,Nelson,Allen,Small,-0.7576244388084833,-0.09778465024898308
10381,-0.009528928441320661,0.8101579745265006,5,0.3987485397156039,17/02/2005,Shipped,1,2,2005,Vintage Cars,0.0817417704810386,S18_3136,Corporate Gift Ideas Co.,6505551386,7734 Strong St.,,San Francisco,CA,,USA,EMEA,Brown,Julie,Medium,-0.007719937365428311,0.40646847708103223
10392,-0.6255632411859581,0.16169272314605504,2,-0.5610574388644743,10/03/2005,Shipped,1,3,2005,Vintage Cars,0.0817417704810386,S18_3136,Mini Auto Werke,7675-3555,Kirchgasse 6,,Graz,CA,8010,Austria,EMEA,Mendel,Roland,Small,-0.10114902396742997,-0.45990841489704437
10423,-1.4469423248454747,0.05758132957579956,2,-0.9626020487816603,30/05/2005,In Process,2,5,2005,Vintage Cars,0.0817417704810386,S18_3136,Petit Auto,(02) 5554 67,Rue Joseph-Bens 532,,Bruxelles,CA,B-1180,Belgium,EMEA,Dewey,Catherine,Small,-0.08331686288410091,-0.8792851858975594
10105,-1.344269939388035,0.8101579745265006,11,-0.2654568332137029,11/02/2003,Shipped,1,2,2003,Vintage Cars,0.8781421779632532,S18_3140,Danish Wholesale Imports,31 12 3555,Vinb'ltet 34,,Kobenhavn,CA,1734,Denmark,EMEA,Petersen,Jytte,Medium,-1.0890710113114723,0.8236141780977695
10117,-0.9335803975582768,0.8101579745265006,5,-0.0013842075101791972,16/04/2003,Shipped,2,4,2003,Vintage Cars,0.8781421779632532,S18_3140,"Dragon Souveniers, Ltd.",+65 221 7555,"Bronz Sok., Bronz Apt. 3/6 Tesvikiye",,Singapore,CA,79903,Singapore,Japan,Natividad,Eric,Medium,-0.7563476039434588,0.7549633964332796
10128,0.6065053843033168,0.8101579745265006,2,1.0806890801453781,06/06/2003,Shipped,2,6,2003,Vintage Cars,0.8781421779632532,S18_3140,Euro Shopping Channel,(91) 555 94 44,"C/ Moralzarzal, 86",,Madrid,CA,28034,Spain,EMEA,Freyre,Diego,Medium,0.491365173686592,0.5893239064587861
10142,1.2225396970479543,0.8101579745265006,8,1.3469392325383343,08/08/2003,Shipped,3,8,2003,Vintage Cars,0.8781421779632532,S18_3140,Mini Gifts Distributors Ltd.,4155551450,5677 Strong St.,,San Rafael,CA,97562,USA,EMEA,Nelson,Valarie,Medium,0.9904502847386123,0.35648894779972196
10153,-0.42021847027107895,0.8101579745265006,7,0.047612858122617306,28/09/2003,Shipped,3,9,2003,Vintage Cars,0.8781421779632532,S18_3140,Euro Shopping Channel,(91) 555 94 44,"C/ Moralzarzal, 86",,Madrid,CA,28034,Spain,EMEA,Freyre,Diego,Medium,-0.34044334473344184,0.38805620285605913
10166,0.8118501552181959,0.8101579745265006,2,1.8337114768461598,21/10/2003,Shipped,4,10,2003,Vintage Cars,0.8781421779632532,S18_3140,FunGiftIdeas.com,5085552555,1785 First Street,,New Bedford,MA,50553,USA,EMEA,Benitez,Violeta,Medium,0.6577268773705988,1.1759845994755609
10177,-1.2415975539305957,0.8101579745265006,9,0.06610825937999341,07/11/2003,Shipped,4,11,2003,Vintage Cars,0.8781421779632532,S18_3140,CAF Imports,+34 913 728 555,"Merchants House, 27-30 Merchant's Quay",,Madrid,CA,28023,Spain,EMEA,Fernandez,Jesus,Medium,-1.005890159469469,1.0719984188494622
10185,-0.7282356266433977,0.8101579745265006,9,-0.060736742960302945,14/11/2003,Shipped,4,11,2003,Vintage Cars,0.8781421779632532,S18_3140,Mini Creations Ltd.,5085559555,4575 Hillside Dr.,,New Bedford,MA,50553,USA,EMEA,Tam,Wing C,Medium,-0.589985900259452,0.529249157299149
10196,1.4278844679628335,0.8101579745265006,1,1.8136575963871202,26/11/2003,Shipped,4,11,2003,Vintage Cars,0.8781421779632532,S18_3140,Super Scale Inc.,2035559545,567 North Pendale Street,,New Haven,CT,97823,USA,EMEA,Murphy,Leslie,Medium,1.1568119884226191,0.6568456079645011
10208,-1.138925168473156,0.8101579745265006,9,-0.5057775842549355,02/01/2004,Shipped,1,1,2004,Vintage Cars,0.8781421779632532,S18_3140,"Saveley & Henriot, Co.",78.32.5555,"2, rue du Commerce",,Lyon,CA,69004,France,EMEA,Saveley,Mary,Small,-0.9227093076274656,0.41693172337253015
10221,-0.21487369935619982,0.8101579745265006,3,0.4688963945138381,18/02/2004,Shipped,1,2,2004,Vintage Cars,0.8781421779632532,S18_3140,Petit Auto,(02) 5554 67,Rue Joseph-Bens 532,,Bruxelles,CA,B-1180,Belgium,EMEA,Dewey,Catherine,Medium,-0.17408164104943508,0.6429780355632732
10232,-1.344269939388035,0.8101579745265006,6,0.02830835093824488,20/03/2004,Shipped,1,3,2004,Vintage Cars,0.8781421779632532,S18_3140,giftsbymail.co.uk,(198) 555-8888,Garden House Crowther Way,,Cowes,Isle of Wight,PO31 7PJ,UK,EMEA,Bennett,Helen,Medium,-1.0890710113114723,1.1173793622497172
10248,-0.3175460848136394,0.8101579745265006,12,0.13503430992605184,07/05/2004,Cancelled,2,5,2004,Vintage Cars,0.8781421779632532,S18_3140,Land of Toys Inc.,2125557818,897 Long Airport Avenue,,NYC,NY,10022,USA,EMEA,Yu,Kwai,Medium,-0.2572624928914385,0.39229680281749035
10273,0.5038329988458772,0.8101579745265006,13,0.7996089392515716,21/07/2004,Shipped,3,7,2004,Vintage Cars,0.8781421779632532,S18_3140,Petit Auto,(02) 5554 67,Rue Joseph-Bens 532,,Bruxelles,CA,B-1180,Belgium,EMEA,Dewey,Catherine,Medium,0.4081843218445886,0.39142461740698303
10282,0.8118501552181959,0.8101579745265006,1,1.7059867754442972,20/08/2004,Shipped,3,8,2004,Vintage Cars,0.8781421779632532,S18_3140,Mini Gifts Distributors Ltd.,4155551450,5677 Strong St.,,San Rafael,CA,97562,USA,EMEA,Nelson,Valarie,Medium,0.6577268773705988,1.0482598980736983
10293,-1.138925168473156,0.8101579745265006,4,-0.3989104389979881,09/09/2004,Shipped,3,9,2004,Vintage Cars,0.8781421779632532,S18_3140,Amica Models & Co.,011-4988555,Via Monte Bianco 34,,Torino,CA,10100,Italy,EMEA,Accorti,Paolo,Small,-0.9227093076274656,0.5237988686294774
10306,-0.3175460848136394,0.8101579745265006,9,0.11140190056841798,14/10/2004,Shipped,4,10,2004,Vintage Cars,0.8781421779632532,S18_3140,"AV Stores, Co.",(171) 555-1555,Fauntleroy Circus,,Manchester,CA,EC2 5NT,UK,EMEA,Ashworth,Victoria,Medium,-0.2572624928914385,0.36866439345985647
10314,-1.5496147103029143,0.8101579745265006,1,-0.4464141883225702,22/10/2004,Shipped,4,10,2004,Vintage Cars,0.8781421779632532,S18_3140,Heintze Collectables,86 21 3555,Smagsloget 45,,Aaarhus,CA,8200,Denmark,EMEA,Ibsen,Palle,Small,-1.2554327149954791,0.809018526672909
10325,-1.138925168473156,-0.720775279497059,9,-1.0290356186532807,05/11/2004,Shipped,4,11,2004,Vintage Cars,0.8781421779632532,S18_3140,Baane Mini Imports,07-98 9555,Erling Skakkes gate 78,,Stavern,CA,4110,Norway,EMEA,Bergulfsen,Jonas,Small,0.8209091066324741,-1.8499447252857548
10336,1.325212082505394,0.8101579745265006,12,1.2078761876762831,20/11/2004,Shipped,4,11,2004,Vintage Cars,0.8781421779632532,S18_3140,"La Corne D'abondance, Co.",(1) 42.34.2555,"265, boulevard Charonne",,Paris,CA,75012,France,EMEA,Bertrand,Marie,Medium,1.0736311365806157,0.13424505109566742
10350,0.9145225406756355,0.8101579745265006,1,0.8890558709930573,02/12/2004,Shipped,4,12,2004,Vintage Cars,0.8781421779632532,S18_3140,Euro Shopping Channel,(91) 555 94 44,"C/ Moralzarzal, 86",,Madrid,CA,28034,Spain,EMEA,Freyre,Diego,Medium,0.7409077292126022,0.1481481417804551
10372,-0.7282356266433977,0.8101579745265006,3,0.16778952436659592,26/01/2005,Shipped,1,1,2005,Vintage Cars,0.8781421779632532,S18_3140,"Tokyo Collectables, Ltd",+81 3 3584 0555,2-2-8 Roppongi,,Minato-ku,Tokyo,106-0032,Japan,Japan,Shimamura,Akiko,Medium,-0.589985900259452,0.7577754246260479
10383,-1.138925168473156,-1.0975593705132203,9,-1.128083216696305,22/02/2005,Shipped,1,2,2005,Vintage Cars,0.8781421779632532,S18_3140,Euro Shopping Channel,(91) 555 94 44,"C/ Moralzarzal, 86",,Madrid,CA,28034,Spain,EMEA,Freyre,Diego,Small,1.2500379909710606,-2.3781212076673657
10396,-0.21487369935619982,0.8101579745265006,2,0.9339150928918194,23/03/2005,Shipped,1,3,2005,Vintage Cars,0.8781421779632532,S18_3140,Mini Gifts Distributors Ltd.,4155551450,5677 Strong St.,,San Rafael,CA,97562,USA,EMEA,Nelson,Valarie,Medium,-0.17408164104943508,1.1079967339412544
10414,0.6065053843033168,0.8101579745265006,12,0.7157823070700933,06/05/2005,On Hold,2,5,2005,Vintage Cars,0.8781421779632532,S18_3140,Gifts4AllAges.com,6175559555,8616 Spinnaker Dr.,,Boston,MA,51003,USA,EMEA,Yoshido,Juri,Medium,0.491365173686592,0.22441713338350128
10104,-1.2415975539305957,0.8101579745265006,13,0.5447079908010453,31/01/2003,Shipped,1,1,2003,Classic Cars,1.699430098179287,S18_3232,Euro Shopping Channel,(91) 555 94 44,"C/ Moralzarzal, 86",,Madrid,CA,28034,Spain,EMEA,Freyre,Diego,Medium,-1.005890159469469,1.5505981502705142
10109,1.1198673115905147,0.8101579745265006,5,2.553902635730707,10/03/2003,Shipped,1,3,2003,Classic Cars,1.699430098179287,S18_3232,Motor Mint Distributors Inc.,2155559857,11328 Douglas Av.,,Philadelphia,PA,71270,USA,EMEA,Hernandez,Rosa,Large,0.9072694328966089,1.6466332028340982
10114,1.325212082505394,0.8101579745265006,4,2.528076408960278,01/04/2003,Shipped,2,4,2003,Classic Cars,1.699430098179287,S18_3232,"La Corne D'abondance, Co.",(1) 42.34.2555,"265, boulevard Charonne",,Paris,CA,75012,France,EMEA,Bertrand,Marie,Large,1.0736311365806157,1.4544452723796624
10122,-1.0362527830157164,0.8101579745265006,3,0.02422480961541845,08/05/2003,Shipped,2,5,2003,Classic Cars,1.699430098179287,S18_3232,Marseille Mini Autos,91.24.4555,"12, rue des Bouchers",,Marseille,CA,13008,France,EMEA,Lebihan,Laurence,Medium,-0.8395284557854622,0.8637532654008806
10127,-1.344269939388035,0.8101579745265006,15,0.15386638613291623,03/06/2003,Shipped,2,6,2003,Classic Cars,1.699430098179287,S18_3232,Muscle Machine Inc,2125557413,4092 Furth Circle,Suite 400,NYC,NY,10022,USA,EMEA,Young,Jeff,Medium,-1.0890710113114723,1.2429373974443885
10136,0.6065053843033168,0.8101579745265006,3,2.5944176647328456,04/07/2003,Shipped,3,7,2003,Classic Cars,1.699430098179287,S18_3232,Alpha Cognac,61.77.6555,1 rue Alsace-Lorraine,,Toulouse,CA,31000,France,EMEA,Roulet,Annette,Large,0.491365173686592,2.103052491046254
10141,-0.11220131389876024,0.8101579745265006,9,0.6964886603679626,01/08/2003,Shipped,3,8,2003,Classic Cars,1.699430098179287,S18_3232,Suominen Souveniers,+358 9 8045 555,"Software Engineering Center, SEC Oy",,Espoo,CA,FIN-02271,Finland,EMEA,Suominen,Kalle,Medium,-0.0909007892074317,0.7873894495753944
10148,-0.3175460848136394,0.8101579745265006,14,1.012735042759939,11/09/2003,Shipped,3,9,2003,Classic Cars,1.699430098179287,S18_3232,"Anna's Decorations, Ltd",02 9936 8555,201 Miller Street,Level 15,North Sydney,NSW,2060,Australia,APAC,O'Hara,Anna,Medium,-0.2572624928914385,1.2699975356513775
10151,-1.4469423248454747,0.8101579745265006,7,0.09781000704310618,21/09/2003,Shipped,3,9,2003,Classic Cars,1.699430098179287,S18_3232,"Oulu Toy Supplies, Inc.",981-443655,Torikatu 38,,Oulu,CA,90110,Finland,EMEA,Koskitalo,Pirkko,Medium,-1.1722518631534757,1.270061870196582
10160,-1.5496147103029143,0.8101579745265006,1,0.24029410381124833,11/10/2003,Shipped,4,10,2003,Classic Cars,1.699430098179287,S18_3232,"Men 'R' US Retailers, Ltd.",2155554369,6047 Douglas Av.,,Los Angeles,CA,,USA,EMEA,Chandler,Michael,Medium,-1.2554327149954791,1.4957268188067274
10165,1.2225396970479543,0.8101579745265006,16,2.824160306070799,22/10/2003,Shipped,4,10,2003,Classic Cars,1.699430098179287,S18_3232,"Dragon Souveniers, Ltd.",+65 221 7555,"Bronz Sok., Bronz Apt. 3/6 Tesvikiye",,Singapore,CA,79903,Singapore,Japan,Natividad,Eric,Large,0.9904502847386123,1.8337100213321866
10171,0.40116061338843767,0.8101579745265006,3,1.0467120614526584,05/11/2003,Shipped,4,11,2003,Classic Cars,1.699430098179287,S18_3232,Quebec Home Shopping Network,(514) 555-8054,43 rue St. Laurent,,Montreal,Quebec,H1J 1C3,Canada,EMEA,Fresnisre,Jean,Medium,0.3250034700025852,0.7217085914500732
10175,-0.6255632411859581,0.8101579745265006,5,0.4702593850351539,06/11/2003,Shipped,4,11,2003,Classic Cars,1.699430098179287,S18_3232,"Stylish Desk Decors, Co.",(171) 555-0297,35 King George,,London,CA,WX3 6FW,UK,EMEA,Brown,Ann,Medium,-0.5068050484174486,0.9770644334526024
10181,1.017194926133075,0.8101579745265006,7,1.5046442951680223,12/11/2003,Shipped,4,11,2003,Classic Cars,1.699430098179287,S18_3232,Herkku Gifts,+47 2267 3215,"Drammen 121, PR 744 Sentrum",,Bergen,CA,N 5804,Norway,EMEA,Oeztan,Veysel,Medium,0.8240885810546055,0.6805557141134169
10184,-0.7282356266433977,0.8101579745265006,10,0.4647368298153208,14/11/2003,Shipped,4,11,2003,Classic Cars,1.699430098179287,S18_3232,"Iberia Gift Imports, Corp.",(95) 555 82 82,"C/ Romero, 33",,Sevilla,CA,41101,Spain,EMEA,Roel,Jose Pedro,Medium,-0.589985900259452,1.0547227300747728
10192,-0.9335803975582768,0.8101579745265006,12,0.19797080451589022,20/11/2003,Shipped,4,11,2003,Classic Cars,1.699430098179287,S18_3232,Online Diecast Creations Co.,6035558647,2304 Long Airport Avenue,,Nashua,NH,62005,USA,EMEA,Young,Valarie,Medium,-0.7563476039434588,0.954318408459349
10195,1.530556853420273,0.8101579745265006,10,2.20826778839307,25/11/2003,Shipped,4,11,2003,Classic Cars,1.699430098179287,S18_3232,Mini Classics,9145554562,3758 North Pendale Street,,White Plains,NY,24067,USA,EMEA,Frick,Steve,Large,1.2399928402646223,0.9682749481284478
10203,1.325212082505394,0.8101579745265006,1,2.572387176505842,02/12/2003,Shipped,4,12,2003,Classic Cars,1.699430098179287,S18_3232,Euro Shopping Channel,(91) 555 94 44,"C/ Moralzarzal, 86",,Madrid,CA,28034,Spain,EMEA,Freyre,Diego,Large,1.0736311365806157,1.4987560399252262
10207,-1.0362527830157164,0.8101579745265006,11,0.20817422758183554,09/12/2003,Shipped,4,12,2003,Classic Cars,1.699430098179287,S18_3232,Diecast Collectables,6175552555,6251 Ingle Ln.,,Boston,MA,51003,USA,EMEA,Franco,Valarie,Medium,-0.8395284557854622,1.0477026833672978
10212,0.5038329988458772,0.8101579745265006,11,1.0863256704287472,16/01/2004,Shipped,1,1,2004,Classic Cars,1.699430098179287,S18_3232,Euro Shopping Channel,(91) 555 94 44,"C/ Moralzarzal, 86",,Madrid,CA,28034,Spain,EMEA,Freyre,Diego,Medium,0.4081843218445886,0.6781413485841585
10225,0.8118501552181959,0.8101579745265006,2,1.5497750291228234,22/02/2004,Shipped,1,2,2004,Classic Cars,1.699430098179287,S18_3232,"Vida Sport, Ltd",0897-034555,Grenzacherweg 237,,Gensve,CA,1203,Switzerland,EMEA,Holz,Michael,Medium,0.6577268773705988,0.8920481517522246
10229,-1.344269939388035,0.8101579745265006,5,0.3359315104304231,11/03/2004,Shipped,1,3,2004,Classic Cars,1.699430098179287,S18_3232,Mini Gifts Distributors Ltd.,4155551450,5677 Strong St.,,San Rafael,CA,97562,USA,EMEA,Nelson,Valarie,Medium,-1.0890710113114723,1.4250025217418953
10239,1.2225396970479543,0.8101579745265006,1,1.9165932470726226,12/04/2004,Shipped,2,4,2004,Classic Cars,1.699430098179287,S18_3232,"Oulu Toy Supplies, Inc.",981-443655,Torikatu 38,,Oulu,CA,90110,Finland,EMEA,Koskitalo,Pirkko,Large,0.9904502847386123,0.9261429623340103
10246,0.09314345701611891,0.8101579745265006,9,1.9433697660391882,05/05/2004,Shipped,2,5,2004,Classic Cars,1.699430098179287,S18_3232,Euro Shopping Channel,(91) 555 94 44,"C/ Moralzarzal, 86",,Madrid,CA,28034,Spain,EMEA,Freyre,Diego,Large,0.07546091447657508,1.8679088515626132
10253,0.5038329988458772,0.8101579745265006,6,1.7483806678742257,01/06/2004,Cancelled,2,6,2004,Classic Cars,1.699430098179287,S18_3232,"UK Collectables, Ltd.",(171) 555-2282,Berkeley Gardens 12  Brewery,,Liverpool,CA,WX1 6LT,UK,EMEA,Devon,Elizabeth,Medium,0.4081843218445886,1.340196346029637
10259,-0.8309080121008373,0.8101579745265006,8,0.05636640680931435,15/06/2004,Shipped,2,6,2004,Classic Cars,1.699430098179287,S18_3232,Handji Gifts& Co,+65 224 1555,Village Close - 106 Linden Road Sandown,2nd Floor,Singapore,CA,69045,Singapore,APAC,Victorino,Wendy,Medium,-0.6731667521014554,0.7295331589107698
10266,-0.6255632411859581,0.8101579745265006,7,0.6834832328836951,06/07/2004,Shipped,3,7,2004,Classic Cars,1.699430098179287,S18_3232,L'ordine Souveniers,0522-556555,Strada Provinciale 124,,Reggio Emilia,CA,42100,Italy,EMEA,Moroni,Maurizio,Medium,-0.5068050484174486,1.1902882813011435
10271,-1.5496147103029143,0.8101579745265006,9,0.20347706901236093,20/07/2004,Shipped,3,7,2004,Classic Cars,1.699430098179287,S18_3232,Mini Gifts Distributors Ltd.,4155551450,5677 Strong St.,,San Rafael,CA,97562,USA,EMEA,Nelson,Valarie,Medium,-1.2554327149954791,1.45890978400784
10278,0.7091777697607564,0.8101579745265006,7,1.546169349018626,06/08/2004,Shipped,3,8,2004,Classic Cars,1.699430098179287,S18_3232,Signal Gift Stores,7025551838,8489 Strong St.,,Las Vegas,NV,83030,USA,EMEA,King,Sue,Medium,0.5745460255285955,0.9716233234900304
10281,-1.0362527830157164,0.8101579745265006,5,0.34610235204964346,19/08/2004,Shipped,3,8,2004,Classic Cars,1.699430098179287,S18_3232,Diecast Classics Inc.,2155551555,7586 Pompton St.,,Allentown,PA,70267,USA,EMEA,Yu,Kyung,Medium,-0.8395284557854622,1.1856308078351057
10287,0.09314345701611891,0.8101579745265006,5,1.2482120187214363,30/08/2004,Shipped,3,8,2004,Classic Cars,1.699430098179287,S18_3232,"Vida Sport, Ltd",0897-034555,Grenzacherweg 237,,Gensve,CA,1203,Switzerland,EMEA,Holz,Michael,Medium,0.07546091447657508,1.1727511042448613
10292,-1.4469423248454747,0.8101579745265006,12,-0.3850144519699127,08/09/2004,Shipped,3,9,2004,Classic Cars,1.699430098179287,S18_3232,Land of Toys Inc.,2125557818,897 Long Airport Avenue,,NYC,NY,10022,USA,EMEA,Yu,Kwai,Small,-1.1722518631534757,0.787237411183563
10301,-1.2415975539305957,0.8101579745265006,9,0.24858065176155825,05/10/2003,Shipped,4,10,2003,Classic Cars,1.699430098179287,S18_3232,"Norway Gifts By Mail, Co.",+47 2212 1555,"Drammensveien 126 A, PB 744 Sentrum",,Oslo,CA,N 0106,Norway,EMEA,Klaeboe,Jan,Medium,-1.005890159469469,1.2544708112310272
10305,0.1958158424735585,0.8101579745265006,9,2.1188697288216716,13/10/2004,Shipped,4,10,2004,Classic Cars,1.699430098179287,S18_3232,Marta's Replicas Co.,6175558555,39323 Spinnaker Dr.,,Cambridge,MA,51247,USA,EMEA,Hernandez,Marta,Large,0.15864176631857846,1.9602279625030932
10310,1.325212082505394,0.8101579745265006,3,2.9253094074275645,16/10/2004,Shipped,4,10,2004,Classic Cars,1.699430098179287,S18_3232,"Toms Spezialitten, Ltd",0221-5554327,Mehrheimerstr. 369,,Koln,CA,50739,Germany,EMEA,Pfalzheim,Henriette,Large,1.0736311365806157,1.8516782708469488
10313,-1.0362527830157164,0.8101579745265006,3,0.5529945387513554,22/10/2004,Shipped,4,10,2004,Classic Cars,1.699430098179287,S18_3232,Canadian Gift Exchange Network,(604) 555-3392,1900 Oak St.,,Vancouver,BC,V3F 2K1,Canada,EMEA,Tannamuri,Yoshi,Medium,-0.8395284557854622,1.3925229945368176
10321,-0.21487369935619982,0.8101579745265006,11,1.165438853317389,04/11/2004,Shipped,4,11,2004,Classic Cars,1.699430098179287,S18_3232,FunGiftIdeas.com,5085552555,1785 First Street,,New Bedford,MA,50553,USA,EMEA,Benitez,Violeta,Medium,-0.17408164104943508,1.339520494366824
10324,-0.8309080121008373,0.8101579745265006,12,-0.21634030227624937,05/11/2004,Shipped,4,11,2004,Classic Cars,1.699430098179287,S18_3232,Vitachrome Inc.,2125551500,2678 Kingston Rd.,Suite 101,NYC,NY,10022,USA,EMEA,Frick,Michael,Medium,-0.6731667521014554,0.45682644982520604
10331,-0.8309080121008373,0.8101579745265006,11,0.3349377763053199,17/11/2004,Shipped,4,11,2004,Classic Cars,1.699430098179287,S18_3232,Motor Mint Distributors Inc.,2155559857,11328 Douglas Av.,,Philadelphia,PA,71270,USA,EMEA,Hernandez,Rosa,Medium,-0.6731667521014554,1.0081045284067753
10334,-1.5496147103029143,0.8101579745265006,3,-0.3665896438471065,19/11/2004,On Hold,4,11,2004,Classic Cars,1.699430098179287,S18_3232,"Volvo Model Replicas, Co",0921-12 3555,Berguvsvgen  8,,Lule,CA,S-958 22,Sweden,EMEA,Berglund,Christina,Small,-1.2554327149954791,0.8888430711483726
10342,-0.5228908557285186,0.8101579745265006,4,0.8012923139990136,24/11/2004,Shipped,4,11,2004,Classic Cars,1.699430098179287,S18_3232,"Australian Collectors, Co.",03 9520 4555,636 St Kilda Road,Level 3,Melbourne,Victoria,3004,Australia,APAC,Ferguson,Peter,Medium,-0.42362419657544526,1.2249165105744588
10349,1.325212082505394,0.8101579745265006,6,2.0867932945212253,01/12/2004,Shipped,4,12,2004,Classic Cars,1.699430098179287,S18_3232,Muscle Machine Inc,2125557413,4092 Furth Circle,Suite 400,NYC,NY,10022,USA,EMEA,Young,Jeff,Large,1.0736311365806157,1.0131621579406096
10358,-0.3175460848136394,0.48741265445870974,12,-0.3052930820757439,10/12/2004,Shipped,4,12,2004,Classic Cars,1.699430098179287,S18_3232,Euro Shopping Channel,(91) 555 94 44,"C/ Moralzarzal, 86",,Madrid,CA,28034,Spain,EMEA,Freyre,Diego,Small,-0.15477598011198654,-0.15051710196375737
10366,-0.11220131389876024,0.8101579745265006,1,1.478019822952839,10/01/2005,Shipped,1,1,2005,Classic Cars,1.699430098179287,S18_3232,Royale Belge,(071) 23 67 2555,"Boulevard Tirou, 255",,Charleroi,CA,B-6000,Belgium,EMEA,Cartrain,Pascale,Medium,-0.0909007892074317,1.5689206121602706
10370,-0.8309080121008373,-1.329083279071835,9,-1.0963325968631055,20/01/2005,Shipped,1,1,2005,Classic Cars,1.699430098179287,S18_3232,"Anna's Decorations, Ltd",02 9936 8555,201 Miller Street,Level 15,North Sydney,NSW,2060,Australia,APAC,O'Hara,Anna,Small,1.1043459453300408,-2.2006785421931463
10377,0.40116061338843767,0.8101579745265006,3,2.01496749521667,09/02/2005,Shipped,1,2,2005,Classic Cars,1.699430098179287,S18_3232,"Toys of Finland, Co.",90-224 8555,Keskuskatu 45,,Helsinki,CA,21240,Finland,EMEA,Karttunen,Matti,Large,0.3250034700025852,1.6899640252140846
10383,1.2225396970479543,0.8101579745265006,6,1.8002123193720692,22/02/2005,Shipped,1,2,2005,Classic Cars,1.699430098179287,S18_3232,Euro Shopping Channel,(91) 555 94 44,"C/ Moralzarzal, 86",,Madrid,CA,28034,Spain,EMEA,Freyre,Diego,Medium,0.9904502847386123,0.8097620346334569
10394,-1.344269939388035,0.8101579745265006,5,-0.10907674941748507,15/03/2005,Shipped,1,3,2005,Classic Cars,1.699430098179287,S18_3232,Euro Shopping Channel,(91) 555 94 44,"C/ Moralzarzal, 86",,Madrid,CA,28034,Spain,EMEA,Freyre,Diego,Medium,-1.0890710113114723,0.9799942618939872
10405,2.043918780707471,0.8101579745265006,1,2.571306558522806,14/04/2005,Shipped,2,4,2005,Classic Cars,1.699430098179287,S18_3232,Mini Caravy,88.60.1555,"24, place Kluber",,Strasbourg,CA,67000,France,EMEA,Citeaux,Frederique,Large,1.6558970994746394,0.9154094590481667
10412,2.5572807079946687,0.8101579745265006,9,4.525514581863451,03/05/2005,Shipped,2,5,2005,Classic Cars,1.699430098179287,S18_3232,Euro Shopping Channel,(91) 555 94 44,"C/ Moralzarzal, 86",,Madrid,CA,28034,Spain,EMEA,Freyre,Diego,Large,2.0718013586846564,2.4537132231787946
10419,-0.009528928441320661,0.8101579745265006,6,1.2886021521777962,17/05/2005,Shipped,2,5,2005,Classic Cars,1.699430098179287,S18_3232,Salzburg Collectables,6562-9555,Geislweg 14,,Salzburg,CA,5020,Austria,EMEA,Pipps,Georg,Medium,-0.007719937365428311,1.2963220895432246
10425,-0.7282356266433977,0.8101579745265006,8,0.12992988327251873,31/05/2005,In Process,2,5,2005,Classic Cars,1.699430098179287,S18_3232,La Rochelle Gifts,40.67.8555,"67, rue des Cinquante Otages",,Nantes,CA,44000,France,EMEA,Labrune,Janine,Medium,-0.589985900259452,0.7199157835319707
10105,0.29848822793099805,0.8101579745265006,13,0.42150125001167177,11/02/2003,Shipped,1,2,2003,Trains,-0.01780828045423823,S18_3259,Danish Wholesale Imports,31 12 3555,Vinb'ltet 34,,Kobenhavn,CA,1734,Denmark,EMEA,Petersen,Jytte,Medium,0.24182261816058184,0.17967863185108993
10117,-1.4469423248454747,0.6019351873859904,7,-0.8373915490187188,16/04/2003,Shipped,2,4,2003,Trains,-0.01780828045423823,S18_3259,"Dragon Souveniers, Ltd.",+65 221 7555,"Bronz Sok., Bronz Apt. 3/6 Tesvikiye",,Singapore,CA,79903,Singapore,Japan,Natividad,Eric,Small,-0.8709654994425814,0.033573950423862575
10128,0.6065053843033168,0.8101579745265006,4,0.6968579167641759,06/06/2003,Shipped,2,6,2003,Trains,-0.01780828045423823,S18_3259,Euro Shopping Channel,(91) 555 94 44,"C/ Moralzarzal, 86",,Madrid,CA,28034,Spain,EMEA,Freyre,Diego,Medium,0.491365173686592,0.20549274307758386
10142,-1.344269939388035,0.701584664088949,10,-0.7613573128455594,08/08/2003,Shipped,3,8,2003,Trains,-0.01780828045423823,S18_3259,Mini Gifts Distributors Ltd.,4155551450,5677 Strong St.,,San Rafael,CA,97562,USA,EMEA,Nelson,Valarie,Small,-0.9431191738704264,0.18176186102486702
10153,-0.6255632411859581,0.2519225975736091,9,-0.5323966262289983,28/09/2003,Shipped,3,9,2003,Trains,-0.01780828045423823,S18_3259,Euro Shopping Channel,(91) 555 94 44,"C/ Moralzarzal, 86",,Madrid,CA,28034,Spain,EMEA,Freyre,Diego,Small,-0.15759351666613267,-0.37480310956286567
10165,1.530556853420273,0.8101579745265006,1,0.9723449093035785,22/10/2003,Shipped,4,10,2003,Trains,-0.01780828045423823,S18_3259,"Dragon Souveniers, Ltd.",+65 221 7555,"Bronz Sok., Bronz Apt. 3/6 Tesvikiye",,Singapore,CA,79903,Singapore,Japan,Natividad,Eric,Medium,1.2399928402646223,-0.2676479309610438
10177,-0.6255632411859581,0.8101579745265006,11,-0.2624810610795156,07/11/2003,Shipped,4,11,2003,Trains,-0.01780828045423823,S18_3259,CAF Imports,+34 913 728 555,"Merchants House, 27-30 Merchant's Quay",,Madrid,CA,28023,Spain,EMEA,Fernandez,Jesus,Medium,-0.5068050484174486,0.24432398733793298
10185,1.4278844679628335,-0.1481626148606564,11,0.21663454324801049,14/11/2003,Shipped,4,11,2003,Trains,-0.01780828045423823,S18_3259,Mini Creations Ltd.,5085559555,4575 Hillside Dr.,,New Bedford,MA,50553,USA,EMEA,Tam,Wing C,Medium,-0.21155909649229057,0.42819363974030106
10196,-0.009528928441320661,0.8101579745265006,3,0.005897745832786489,26/11/2003,Shipped,4,11,2003,Trains,-0.01780828045423823,S18_3259,Super Scale Inc.,2035559545,567 North Pendale Street,,New Haven,CT,97823,USA,EMEA,Murphy,Leslie,Medium,-0.007719937365428311,0.0136176831982148
10208,1.325212082505394,0.8101579745265006,11,1.118994001011359,02/01/2004,Shipped,1,1,2004,Trains,-0.01780828045423823,S18_3259,"Saveley & Henriot, Co.",78.32.5555,"2, rue du Commerce",,Lyon,CA,69004,France,EMEA,Saveley,Mary,Medium,1.0736311365806157,0.04536286443074333
10221,-1.2415975539305957,-0.1481626148606564,5,-0.9223150899065946,18/02/2004,Shipped,1,2,2004,Trains,-0.01780828045423823,S18_3259,Petit Auto,(02) 5554 67,Rue Joseph-Bens 532,,Bruxelles,CA,B-1180,Belgium,EMEA,Dewey,Catherine,Small,0.1839583401949519,-1.1062734301015464
10232,1.325212082505394,0.6019351873859904,8,0.5671946192821945,20/03/2004,Shipped,1,3,2004,Trains,-0.01780828045423823,S18_3259,giftsbymail.co.uk,(198) 555-8888,Garden House Crowther Way,,Cowes,Isle of Wight,PO31 7PJ,UK,EMEA,Bennett,Helen,Medium,0.7976917832090629,-0.23049716392686836
10248,0.7091777697607564,0.8101579745265006,14,0.8300291500101805,07/05/2004,Cancelled,2,5,2004,Trains,-0.01780828045423823,S18_3259,Land of Toys Inc.,2125557818,897 Long Airport Avenue,,NYC,NY,10022,USA,EMEA,Yu,Kwai,Medium,0.5745460255285955,0.25548312448158506
10273,1.2225396970479543,0.8101579745265006,15,1.029954337353932,21/07/2004,Shipped,3,7,2004,Trains,-0.01780828045423823,S18_3259,Petit Auto,(02) 5554 67,Rue Joseph-Bens 532,,Bruxelles,CA,B-1180,Belgium,EMEA,Dewey,Catherine,Medium,0.9904502847386123,0.03950405261531964
10282,0.09314345701611891,0.8101579745265006,3,0.33723476829941,20/08/2004,Shipped,3,8,2004,Trains,-0.01780828045423823,S18_3259,Mini Gifts Distributors Ltd.,4155551450,5677 Strong St.,,San Rafael,CA,97562,USA,EMEA,Nelson,Valarie,Medium,0.07546091447657508,0.2617738538228349
10293,-1.344269939388035,0.8101579745265006,6,-0.616684828905743,09/09/2004,Shipped,3,9,2004,Trains,-0.01780828045423823,S18_3259,Amica Models & Co.,011-4988555,Via Monte Bianco 34,,Torino,CA,10100,Italy,EMEA,Accorti,Paolo,Small,-1.0890710113114723,0.47238618240572927
10306,0.5038329988458772,0.40164469689845256,11,0.06326824327382555,14/10/2004,Shipped,4,10,2004,Trains,-0.01780828045423823,S18_3259,"AV Stores, Co.",(171) 555-1555,Fauntleroy Circus,,Manchester,CA,EC2 5NT,UK,EMEA,Ashworth,Victoria,Medium,0.20236185210889074,-0.1390936088350652
10314,-1.2415975539305957,0.8101579745265006,3,-0.5822245187532742,22/10/2004,Shipped,4,10,2004,Trains,-0.01780828045423823,S18_3259,Heintze Collectables,86 21 3555,Smagsloget 45,,Aaarhus,CA,8200,Denmark,EMEA,Ibsen,Palle,Small,-1.005890159469469,0.4236656407161947
10326,-0.3175460848136394,0.8101579745265006,6,0.13781459337989105,09/11/2004,Shipped,4,11,2004,Trains,-0.01780828045423823,S18_3259,"Volvo Model Replicas, Co",0921-12 3555,Berguvsvgen  8,,Lule,CA,S-958 22,Sweden,EMEA,Berglund,Christina,Medium,-0.2572624928914385,0.39507708627132954
10336,-1.4469423248454747,0.8101579745265006,7,-0.7186810478773508,20/11/2004,Shipped,4,11,2004,Trains,-0.01780828045423823,S18_3259,"La Corne D'abondance, Co.",(1) 42.34.2555,"265, boulevard Charonne",,Paris,CA,75012,France,EMEA,Bertrand,Marie,Small,-1.1722518631534757,0.453570815276125
10350,0.6065053843033168,0.46510307012222707,2,0.14159404119995384,02/12/2004,Shipped,4,12,2004,Trains,-0.01780828045423823,S18_3259,Euro Shopping Channel,(91) 555 94 44,"C/ Moralzarzal, 86",,Madrid,CA,28034,Spain,EMEA,Freyre,Diego,Medium,0.28208751628513384,-0.14049347508518
10372,-1.0362527830157164,0.05212787562688147,5,-0.7798581443440563,26/01/2005,Shipped,1,1,2005,Trains,-0.01780828045423823,S18_3259,"Tokyo Collectables, Ltd",+81 3 3584 0555,2-2-8 Roppongi,,Minato-ku,Tokyo,106-0032,Japan,Japan,Shimamura,Akiko,Small,-0.05401765619105305,-0.7258404881530033
10383,-0.9335803975582768,0.8101579745265006,12,-0.11588627178294297,22/02/2005,Shipped,1,2,2005,Trains,-0.01780828045423823,S18_3259,Euro Shopping Channel,(91) 555 94 44,"C/ Moralzarzal, 86",,Madrid,CA,28034,Spain,EMEA,Freyre,Diego,Medium,-0.7563476039434588,0.6404613321605158
10396,-1.138925168473156,0.3019952201954939,4,-0.7601735202812294,23/03/2005,Shipped,1,3,2005,Trains,-0.01780828045423823,S18_3259,Mini Gifts Distributors Ltd.,4155551450,5677 Strong St.,,San Rafael,CA,97562,USA,EMEA,Nelson,Valarie,Small,-0.34394995703924075,-0.41622356324198867
10414,1.325212082505394,0.8101579745265006,14,1.2242972368255214,06/05/2005,On Hold,2,5,2005,Trains,-0.01780828045423823,S18_3259,Gifts4AllAges.com,6175559555,8616 Spinnaker Dr.,,Boston,MA,51003,USA,EMEA,Yoshido,Juri,Medium,1.0736311365806157,0.15066610024490568
10108,-0.9335803975582768,-0.7589494571394864,9,-0.9648393081234217,03/03/2003,Shipped,1,3,2003,Classic Cars,-0.5155585351306223,S18_3278,Cruz & Sons Co.,+63 2 555 3587,15 McCallum Street - NatWest Center #13-03,,Makati City,CA,1227 MM,Philippines,Japan,Cruz,Arnold,Small,0.7085403359229201,-1.6733796440463418
10122,-1.4469423248454747,-0.5199890204687101,13,-1.0954528978015392,08/05/2003,Shipped,2,5,2003,Classic Cars,-0.5155585351306223,S18_3278,Marseille Mini Autos,91.24.4555,"12, rue des Bouchers",,Marseille,CA,13008,France,EMEA,Lebihan,Laurence,Small,0.7523941221711166,-1.8478470199726558
10135,1.017194926133075,-0.28053281525712365,10,-0.023832824303483133,02/07/2003,Shipped,3,7,2003,Classic Cars,-0.5155585351306223,S18_3278,Mini Gifts Distributors Ltd.,4155551450,5677 Strong St.,,San Rafael,CA,97562,USA,EMEA,Nelson,Valarie,Medium,-0.2853565562933735,0.2615237319898903
10147,0.09314345701611891,0.11806509155471027,10,-0.24786285198237618,05/09/2003,Shipped,3,9,2003,Classic Cars,-0.5155585351306223,S18_3278,Collectables For Less Inc.,6175558555,7825 Douglas Av.,,Brickhaven,MA,58339,USA,EMEA,Nelson,Allen,Medium,0.0109969907803303,-0.25885984276270646
10159,-1.4469423248454747,-0.12139111365687694,5,-1.0037687067182923,10/10/2003,Shipped,4,10,2003,Classic Cars,-0.5155585351306223,S18_3278,Corporate Gift Ideas Co.,6505551386,7734 Strong St.,,San Francisco,CA,,USA,EMEA,Brown,Julie,Small,0.17564594021026278,-1.1794146469285551
10169,-0.3175460848136394,-0.6394692388040979,5,-0.7002671002367862,04/11/2003,Shipped,4,11,2003,Classic Cars,-0.5155585351306223,S18_3278,"Anna's Decorations, Ltd",02 9936 8555,201 Miller Street,Level 15,North Sydney,NSW,2060,Australia,APAC,O'Hara,Anna,Small,0.20306095314099948,-0.9033280533777857
10181,-0.5228908557285186,-0.0415723785863481,17,-0.5806497488282479,12/11/2003,Shipped,4,11,2003,Classic Cars,-0.5155585351306223,S18_3278,Herkku Gifts,+47 2267 3215,"Drammen 121, PR 744 Sentrum",,Bergen,CA,N 5804,Norway,EMEA,Oeztan,Veysel,Small,0.021737816613685502,-0.6023875654419334
10191,0.09314345701611891,0.5563244816314024,6,-0.07505085855467868,20/11/2003,Shipped,4,11,2003,Classic Cars,-0.5155585351306223,S18_3278,"Toms Spezialitten, Ltd",0221-5554327,Mehrheimerstr. 369,,Koln,CA,50739,Germany,EMEA,Pfalzheim,Henriette,Medium,0.05181798544184916,-0.12686884399652784
10203,-0.21487369935619982,0.11806509155471027,11,-0.38802823579194534,02/12/2003,Shipped,4,12,2003,Classic Cars,-0.5155585351306223,S18_3278,Euro Shopping Channel,(91) 555 94 44,"C/ Moralzarzal, 86",,Madrid,CA,28034,Spain,EMEA,Freyre,Diego,Small,-0.025369082987189023,-0.3626591528047563
10211,-0.009528928441320661,-0.28053281525712365,5,-0.4473916317243107,15/01/2004,Shipped,1,1,2004,Classic Cars,-0.5155585351306223,S18_3278,Auto Canal Petit,(1) 47.55.6555,"25, rue Lauriston",,Paris,CA,75016,France,EMEA,Perrier,Dominique,Small,0.00267317712202736,-0.45006480884633804
10225,0.1958158424735585,0.5964817334370723,12,-0.0072542981617421745,22/02/2004,Shipped,1,2,2004,Classic Cars,-0.5155585351306223,S18_3278,"Vida Sport, Ltd",0897-034555,Grenzacherweg 237,,Gensve,CA,1203,Switzerland,EMEA,Holz,Michael,Medium,0.11680057315306887,-0.12405487131481105
10238,0.6065053843033168,-0.5199890204687101,6,-0.3007914121866174,09/04/2004,Shipped,2,4,2004,Classic Cars,-0.5155585351306223,S18_3278,Danish Wholesale Imports,31 12 3555,Vinb'ltet 34,,Kobenhavn,CA,1734,Denmark,EMEA,Petersen,Jytte,Small,-0.3153761406928803,0.014584728506262856
10252,-1.5496147103029143,-0.3603515503276525,2,-1.100215219264463,26/05/2004,Shipped,2,5,2004,Classic Cars,-0.5155585351306223,S18_3278,Auto Canal Petit,(1) 47.55.6555,"25, rue Lauriston",,Paris,CA,75016,France,EMEA,Perrier,Dominique,Small,0.5584060632681912,-1.6586212825326543
10265,1.017194926133075,0.1577265748195692,2,0.192182167481139,02/07/2004,Shipped,3,7,2004,Classic Cars,-0.5155585351306223,S18_3278,"Australian Collectables, Ltd",61-9-3844-6555,7 Allen Street,,Glen Waverly,Victoria,3150,Australia,APAC,Connery,Sean,Medium,0.16043867162281464,0.031743495858324366
10276,0.29848822793099805,-0.6791307220689575,6,-0.4862287162201281,02/08/2004,Shipped,3,8,2004,Classic Cars,-0.5155585351306223,S18_3278,Online Mini Collectables,6175557555,7635 Spinnaker Dr.,,Brickhaven,MA,58339,USA,EMEA,Barajas,Miguel,Small,-0.20271252576386228,-0.2835161904562658
10287,0.8118501552181959,-0.6394692388040979,15,-0.2775988523597667,30/08/2004,Shipped,3,8,2004,Classic Cars,-0.5155585351306223,S18_3278,"Vida Sport, Ltd",0897-034555,Grenzacherweg 237,,Gensve,CA,1203,Switzerland,EMEA,Holz,Michael,Medium,-0.5191532007803684,0.2415543484206017
10300,1.4278844679628335,-0.2408713319922647,8,0.16687724385830474,04/10/2003,Shipped,4,10,2003,Classic Cars,-0.5155585351306223,S18_3278,"Blauer See Auto, Co.",+49 69 66 90 2555,Lyonerstr. 34,,Frankfurt,CA,60528,Germany,EMEA,Keitel,Roland,Medium,-0.34393643372927396,0.5108136775875787
10310,-0.8309080121008373,-0.16105259692173587,13,-0.7509040986880582,16/10/2004,Shipped,4,10,2004,Classic Cars,-0.5155585351306223,S18_3278,"Toms Spezialitten, Ltd",0221-5554327,Mehrheimerstr. 369,,Koln,CA,50739,Germany,EMEA,Pfalzheim,Henriette,Small,0.13381989315191697,-0.8847239918399752
10319,1.1198673115905147,-0.4798317686630402,1,-0.08189296236686122,03/11/2004,Shipped,4,11,2004,Classic Cars,-0.5155585351306223,S18_3278,Microscale Inc.,2125551957,5290 North Pendale Street,Suite 200,NYC,NY,10022,USA,EMEA,Kuo,Kee,Medium,-0.5373479127884007,0.45545495042153944
10329,0.29848822793099805,-1.217535357389419,10,-0.7103239067924704,15/11/2004,Shipped,4,11,2004,Classic Cars,-0.5155585351306223,S18_3278,Land of Toys Inc.,2125557818,897 Long Airport Avenue,,NYC,NY,10022,USA,EMEA,Yu,Kwai,Small,-0.3634199712705021,-0.3469039355219683
10342,-1.0362527830157164,-0.8387681922100152,5,-1.0238117266950906,24/11/2004,Shipped,4,11,2004,Classic Cars,-0.5155585351306223,S18_3278,"Australian Collectors, Co.",03 9520 4555,636 St Kilda Road,Level 3,Melbourne,Victoria,3004,Australia,APAC,Ferguson,Peter,Small,0.8691758734826897,-1.8929876001777801
10363,1.1198673115905147,-1.1580431324921305,10,-0.4236071756152949,06/01/2005,Shipped,1,1,2005,Classic Cars,-0.5155585351306223,S18_3278,Suominen Souveniers,+358 9 8045 555,"Software Engineering Center, SEC Oy",,Espoo,CA,FIN-02271,Finland,EMEA,Suominen,Kalle,Small,-1.2968546494898203,0.8732474738745255
10378,-1.344269939388035,0.8101579745265006,4,-0.5918360455370544,10/02/2005,Shipped,1,2,2005,Classic Cars,-0.5155585351306223,S18_3278,Euro Shopping Channel,(91) 555 94 44,"C/ Moralzarzal, 86",,Madrid,CA,28034,Spain,EMEA,Freyre,Diego,Small,-1.0890710113114723,0.49723496577441795
10390,0.5038329988458772,0.8101579745265006,9,1.05222375619025,04/03/2005,Shipped,1,3,2005,Classic Cars,-0.5155585351306223,S18_3278,Mini Gifts Distributors Ltd.,4155551450,5677 Strong St.,,San Rafael,CA,97562,USA,EMEA,Nelson,Valarie,Medium,0.4081843218445886,0.6440394343456615
10103,1.1198673115905147,0.8101579745265006,16,0.6722263430403181,29/01/2003,Shipped,1,1,2003,Vintage Cars,-0.04269579318805743,S18_3320,Baane Mini Imports,07-98 9555,Erling Skakkes gate 78,,Stavern,CA,4110,Norway,EMEA,Bergulfsen,Jonas,Medium,0.9072694328966089,-0.23504308985629074
10111,0.40116061338843767,0.8101579745265006,4,0.3393688530598767,25/03/2003,Shipped,1,3,2003,Vintage Cars,-0.04269579318805743,S18_3320,Mini Wheels Co.,6505555787,5557 North Pendale Street,,San Francisco,CA,,USA,EMEA,Murphy,Julie,Medium,0.3250034700025852,0.014365383057291459
10126,0.29848822793099805,-0.06536926854526304,16,-0.23076845293416123,28/05/2003,Shipped,2,5,2003,Vintage Cars,-0.04269579318805743,S18_3320,"Corrida Auto Replicas, Ltd",(91) 555 22 82,"C/ Araquil, 67",,Madrid,CA,28023,Spain,EMEA,Sommer,Mart¡n,Medium,-0.019511957129221096,-0.21125649580494013
10139,-0.5228908557285186,0.8101579745265006,5,-0.24897062117101526,16/07/2003,Shipped,3,7,2003,Vintage Cars,-0.04269579318805743,S18_3320,Souveniers And Things Co.,+61 2 9495 8555,"Monitor Money Building, 815 Pacific Hwy",Level 6,Chatswood,NSW,2067,Australia,APAC,Huxley,Adrian,Medium,-0.42362419657544526,0.17465357540443
10149,0.7091777697607564,0.5250910635603261,2,0.2197134899634927,12/09/2003,Shipped,3,9,2003,Vintage Cars,-0.04269579318805743,S18_3320,Signal Collectibles Ltd.,4155554312,2793 Furth Circle,,Brisbane,CA,94217,USA,EMEA,Taylor,Sue,Medium,0.3723829093770156,-0.15266941941352294
10163,0.8118501552181959,0.8101579745265006,6,0.7806248162933253,20/10/2003,Shipped,4,10,2003,Vintage Cars,-0.04269579318805743,S18_3320,Classic Legends Inc.,2125558493,5905 Pompton St.,Suite 750,NYC,NY,10022,USA,EMEA,Hernandez,Maria,Medium,0.6577268773705988,0.12289793892272649
10173,-0.6255632411859581,0.574172149100589,4,-0.43003658110229825,05/11/2003,Shipped,4,11,2003,Vintage Cars,-0.04269579318805743,S18_3320,Rovelli Gifts,035-640555,Via Ludovico il Moro 22,,Bergamo,CA,24100,Italy,EMEA,Rovelli,Giovanni,Small,-0.35918099059007164,-0.07085559051222662
10182,-0.21487369935619982,0.13145084215660002,1,-0.3831898909533306,12/11/2003,Shipped,4,11,2003,Vintage Cars,-0.04269579318805743,S18_3320,Mini Gifts Distributors Ltd.,4155551450,5677 Strong St.,,San Rafael,CA,97562,USA,EMEA,Nelson,Valarie,Small,-0.028245328737676552,-0.35494456221565407
10193,-0.3175460848136394,-0.21261252516605225,5,-0.55065309687706,21/11/2003,Shipped,4,11,2003,Vintage Cars,-0.04269579318805743,S18_3320,"Australian Collectables, Ltd",61-9-3844-6555,7 Allen Street,,Glen Waverly,Victoria,3150,Australia,APAC,Connery,Sean,Small,0.06751427494882127,-0.6181673718258812
10206,-0.7282356266433977,0.18053192769686285,11,-0.6024793181337829,05/12/2003,Shipped,4,12,2003,Vintage Cars,-0.04269579318805743,S18_3320,Canadian Gift Exchange Network,(604) 555-3392,1900 Oak St.,,Vancouver,BC,V3F 2K1,Canada,EMEA,Tannamuri,Yoshi,Small,-0.13146978149546548,-0.47100953663831735
10215,0.6065053843033168,0.8101579745265006,8,0.544126955001122,29/01/2004,Shipped,1,1,2004,Vintage Cars,-0.04269579318805743,S18_3320,West Coast Collectables Co.,3105553722,3675 Furth Circle,,Burbank,CA,94019,USA,EMEA,Thompson,Steve,Medium,0.491365173686592,0.052761781314529965
10227,-0.21487369935619982,0.8101579745265006,1,0.061400240328277254,02/03/2004,Shipped,1,3,2004,Vintage Cars,-0.04269579318805743,S18_3320,"Saveley & Henriot, Co.",78.32.5555,"2, rue du Commerce",,Lyon,CA,69004,France,EMEA,Saveley,Mary,Medium,-0.17408164104943508,0.23548188137771234
10244,0.09314345701611891,0.03328867107607364,5,-0.28129141632189686,29/04/2004,Shipped,2,4,2004,Vintage Cars,-0.04269579318805743,S18_3320,Euro Shopping Channel,(91) 555 94 44,"C/ Moralzarzal, 86",,Madrid,CA,28034,Spain,EMEA,Freyre,Diego,Medium,0.003100621903497986,-0.2843920382253948
10257,-0.9335803975582768,0.2791898673182002,5,-0.6691952605436841,14/06/2004,Shipped,2,6,2004,Vintage Cars,-0.04269579318805743,S18_3320,The Sharp Gifts Warehouse,4085553659,3086 Ingle Ln.,,San Jose,CA,94217,USA,EMEA,Frick,Sue,Small,-0.2606461873251679,-0.40854907321851613
10280,-0.11220131389876024,0.8101579745265006,7,-0.04313190124673467,17/08/2004,Shipped,3,8,2004,Vintage Cars,-0.04269579318805743,S18_3320,Amica Models & Co.,011-4988555,Via Monte Bianco 34,,Torino,CA,10100,Italy,EMEA,Accorti,Paolo,Medium,-0.0909007892074317,0.04776888796069704
10290,-0.9335803975582768,0.6232532346408525,2,-0.5712119897603326,07/09/2004,Shipped,3,9,2004,Vintage Cars,-0.04269579318805743,S18_3320,Auto-Moto Classics Inc.,6175558428,16780 Pompton St.,,Brickhaven,MA,58339,USA,EMEA,Taylor,Leslie,Small,-0.581857002575489,0.010645012815156396
10304,0.29848822793099805,0.8101579745265006,11,0.21969176899900958,11/10/2004,Shipped,4,10,2004,Vintage Cars,-0.04269579318805743,S18_3320,Auto Assoc. & Cie.,30.59.8555,"67, avenue de l'Europe",,Versailles,CA,78000,France,EMEA,Tonini,Daniel,Medium,0.24182261816058184,-0.022130849161572264
10312,-0.21487369935619982,0.8101579745265006,8,-0.009741348595059549,21/10/2004,Shipped,4,10,2004,Vintage Cars,-0.04269579318805743,S18_3320,Mini Gifts Distributors Ltd.,4155551450,5677 Strong St.,,San Rafael,CA,97562,USA,EMEA,Nelson,Valarie,Medium,-0.17408164104943508,0.16434029245437554
10323,-0.21487369935619982,0.3773520383987259,2,-0.29430770428840625,05/11/2004,Shipped,4,11,2004,Vintage Cars,-0.04269579318805743,S18_3320,"Blauer See Auto, Co.",+49 69 66 90 2555,Lyonerstr. 34,,Frankfurt,CA,60528,Germany,EMEA,Keitel,Roland,Medium,-0.08108302845033699,-0.21322467583806926
10333,1.1198673115905147,0.8101579745265006,2,4.2262539936972745,18/11/2004,Shipped,4,11,2004,Vintage Cars,-0.04269579318805743,S18_3320,Mini Wheels Co.,6505555787,5557 North Pendale Street,,San Francisco,CA,,USA,EMEA,Murphy,Julie,Large,0.9072694328966089,3.318984560800666
10347,-0.9335803975582768,0.8101579745265006,12,-0.48706497335272814,29/11/2004,Shipped,4,11,2004,Vintage Cars,-0.04269579318805743,S18_3320,"Australian Collectors, Co.",03 9520 4555,636 St Kilda Road,Level 3,Melbourne,Victoria,3004,Australia,APAC,Ferguson,Peter,Small,-0.7563476039434588,0.26928263059073065
10357,-1.0362527830157164,0.8101579745265006,3,-0.5156769138181172,10/12/2004,Shipped,4,12,2004,Vintage Cars,-0.04269579318805743,S18_3320,Mini Gifts Distributors Ltd.,4155551450,5677 Strong St.,,San Rafael,CA,97562,USA,EMEA,Nelson,Valarie,Small,-0.8395284557854622,0.323851541967345
10369,1.017194926133075,-0.524450937336007,4,-0.14405836271754885,20/01/2005,Shipped,1,1,2005,Vintage Cars,-0.04269579318805743,S18_3320,Collectables For Less Inc.,6175558555,7825 Douglas Av.,,Brickhaven,MA,58339,USA,EMEA,Nelson,Allen,Medium,-0.5334688324639216,0.3894104697463728
10382,1.530556853420273,0.8101579745265006,7,2.922344495775619,17/02/2005,Shipped,1,2,2005,Vintage Cars,-0.04269579318805743,S18_3320,Mini Gifts Distributors Ltd.,4155551450,5677 Strong St.,,San Rafael,CA,97562,USA,EMEA,Nelson,Valarie,Large,1.2399928402646223,1.6823516555109967
10392,0.09314345701611891,0.8101579745265006,1,0.26177613768505337,10/03/2005,Shipped,1,3,2005,Vintage Cars,-0.04269579318805743,S18_3320,Mini Auto Werke,7675-3555,Kirchgasse 6,,Graz,CA,8010,Austria,EMEA,Mendel,Roland,Medium,0.07546091447657508,0.1863152232084783
10423,-1.4469423248454747,0.2791898673182002,5,-0.9116283753809,30/05/2005,In Process,2,5,2005,Vintage Cars,-0.04269579318805743,S18_3320,Petit Auto,(02) 5554 67,Rue Joseph-Bens 532,,Bruxelles,CA,B-1180,Belgium,EMEA,Dewey,Catherine,Small,-0.4039716356906963,-0.5076567396902038
10108,-0.6255632411859581,0.8101579745265006,8,0.26916126560931386,03/03/2003,Shipped,1,3,2003,Classic Cars,1.1270173053014452,S18_3482,Cruz & Sons Co.,+63 2 555 3587,15 McCallum Street - NatWest Center #13-03,,Makati City,CA,1227 MM,Philippines,Japan,Cruz,Arnold,Medium,-0.5068050484174486,0.7759663140267624
10122,-1.4469423248454747,0.8101579745265006,12,-0.5889091455729542,08/05/2003,Shipped,2,5,2003,Classic Cars,1.1270173053014452,S18_3482,Marseille Mini Autos,91.24.4555,"12, rue des Bouchers",,Marseille,CA,13008,France,EMEA,Lebihan,Laurence,Small,-1.1722518631534757,0.5833427175805216
10135,0.7091777697607564,0.8101579745265006,9,1.0202396359888566,02/07/2003,Shipped,3,7,2003,Classic Cars,1.1270173053014452,S18_3482,Mini Gifts Distributors Ltd.,4155551450,5677 Strong St.,,San Rafael,CA,97562,USA,EMEA,Nelson,Valarie,Medium,0.5745460255285955,0.4456936104602611
10147,0.1958158424735585,0.8101579745265006,9,0.46229322131096984,05/09/2003,Shipped,3,9,2003,Classic Cars,1.1270173053014452,S18_3482,Collectables For Less Inc.,6175558555,7825 Douglas Av.,,Brickhaven,MA,58339,USA,EMEA,Nelson,Allen,Medium,0.15864176631857846,0.3036514549923914
10159,-1.0362527830157164,0.8101579745265006,4,0.04567426204249882,10/10/2003,Shipped,4,10,2003,Classic Cars,1.1270173053014452,S18_3482,Corporate Gift Ideas Co.,6505551386,7734 Strong St.,,San Francisco,CA,,USA,EMEA,Brown,Julie,Medium,-0.8395284557854622,0.885202717827961
10169,0.09314345701611891,0.8101579745265006,4,0.4838512785604657,04/11/2003,Shipped,4,11,2003,Classic Cars,1.1270173053014452,S18_3482,"Anna's Decorations, Ltd",02 9936 8555,201 Miller Street,Level 15,North Sydney,NSW,2060,Australia,APAC,O'Hara,Anna,Medium,0.07546091447657508,0.4083903640838906
10181,-1.344269939388035,0.8101579745265006,16,-0.08601994561865385,12/11/2003,Shipped,4,11,2003,Classic Cars,1.1270173053014452,S18_3482,Herkku Gifts,+47 2267 3215,"Drammen 121, PR 744 Sentrum",,Bergen,CA,N 5804,Norway,EMEA,Oeztan,Veysel,Medium,-1.0890710113114723,1.0030510656928184
10191,-1.2415975539305957,0.8101579745265006,5,-0.0756481850779644,20/11/2003,Shipped,4,11,2003,Classic Cars,1.1270173053014452,S18_3482,"Toms Spezialitten, Ltd",0221-5554327,Mehrheimerstr. 369,,Koln,CA,50739,Germany,EMEA,Pfalzheim,Henriette,Medium,-1.005890159469469,0.9302419743915045
10203,-0.3175460848136394,0.8101579745265006,10,0.8542588858911001,02/12/2003,Shipped,4,12,2003,Classic Cars,1.1270173053014452,S18_3482,Euro Shopping Channel,(91) 555 94 44,"C/ Moralzarzal, 86",,Madrid,CA,28034,Spain,EMEA,Freyre,Diego,Medium,-0.2572624928914385,1.1115213787825386
10211,-0.7282356266433977,0.8101579745265006,4,0.10392988878622506,15/01/2004,Shipped,1,1,2004,Classic Cars,1.1270173053014452,S18_3482,Auto Canal Petit,(1) 47.55.6555,"25, rue Lauriston",,Paris,CA,75016,France,EMEA,Perrier,Dominique,Medium,-0.589985900259452,0.6939157890456771
10225,-0.8309080121008373,0.8101579745265006,11,0.5485580317556782,22/02/2004,Shipped,1,2,2004,Classic Cars,1.1270173053014452,S18_3482,"Vida Sport, Ltd",0897-034555,Grenzacherweg 237,,Gensve,CA,1203,Switzerland,EMEA,Holz,Michael,Medium,-0.6731667521014554,1.2217247838571335
10238,1.4278844679628335,0.8101579745265006,5,1.6292628986487987,09/04/2004,Shipped,2,4,2004,Classic Cars,1.1270173053014452,S18_3482,Danish Wholesale Imports,31 12 3555,Vinb'ltet 34,,Kobenhavn,CA,1734,Denmark,EMEA,Petersen,Jytte,Medium,1.1568119884226191,0.4724509102261796
10252,0.6065053843033168,0.8101579745265006,1,1.7354729847301318,26/05/2004,Shipped,2,5,2004,Classic Cars,1.1270173053014452,S18_3482,Auto Canal Petit,(1) 47.55.6555,"25, rue Lauriston",,Paris,CA,75016,France,EMEA,Perrier,Dominique,Medium,0.491365173686592,1.2441078110435397
10265,1.4278844679628335,0.8101579745265006,1,2.646227595266206,02/07/2004,Shipped,3,7,2004,Classic Cars,1.1270173053014452,S18_3482,"Australian Collectables, Ltd",61-9-3844-6555,7 Allen Street,,Glen Waverly,Victoria,3150,Australia,APAC,Connery,Sean,Large,1.1568119884226191,1.489415606843587
10276,-0.5228908557285186,0.8101579745265006,5,0.20130497256404897,02/08/2004,Shipped,3,8,2004,Classic Cars,1.1270173053014452,S18_3482,Online Mini Collectables,6175557555,7635 Spinnaker Dr.,,Brickhaven,MA,58339,USA,EMEA,Barajas,Miguel,Medium,-0.42362419657544526,0.6249291691394943
10287,0.5038329988458772,0.8101579745265006,14,1.7418643785292898,30/08/2004,Shipped,3,8,2004,Classic Cars,1.1270173053014452,S18_3482,"Vida Sport, Ltd",0897-034555,Grenzacherweg 237,,Gensve,CA,1203,Switzerland,EMEA,Holz,Michael,Medium,0.4081843218445886,1.3336800566847011
10300,-1.2415975539305957,0.8101579745265006,7,0.12630791244495854,04/10/2003,Shipped,4,10,2003,Classic Cars,1.1270173053014452,S18_3482,"Blauer See Auto, Co.",+49 69 66 90 2555,Lyonerstr. 34,,Frankfurt,CA,60528,Germany,EMEA,Keitel,Roland,Medium,-1.005890159469469,1.1321980719144276
10310,1.4278844679628335,0.8101579745265006,12,1.47280679147689,16/10/2004,Shipped,4,10,2004,Classic Cars,1.1270173053014452,S18_3482,"Toms Spezialitten, Ltd",0221-5554327,Mehrheimerstr. 369,,Koln,CA,50739,Germany,EMEA,Pfalzheim,Henriette,Medium,1.1568119884226191,0.31599480305427097
10320,-1.0362527830157164,0.8101579745265006,5,-0.03415028243296483,03/11/2004,Shipped,4,11,2004,Classic Cars,1.1270173053014452,S18_3482,"Volvo Model Replicas, Co",0921-12 3555,Berguvsvgen  8,,Lule,CA,S-958 22,Sweden,EMEA,Berglund,Christina,Medium,-0.8395284557854622,0.8053781733524974
10330,0.1958158424735585,0.8101579745265006,3,0.46229322131096984,16/11/2004,Shipped,4,11,2004,Classic Cars,1.1270173053014452,S18_3482,Cruz & Sons Co.,+63 2 555 3587,15 McCallum Street - NatWest Center #13-03,,Makati City,CA,1227 MM,Philippines,Japan,Cruz,Arnold,Medium,0.15864176631857846,0.3036514549923914
10342,2.043918780707471,0.8101579745265006,7,1.6260373354230557,24/11/2004,Shipped,4,11,2004,Classic Cars,1.1270173053014452,S18_3482,"Australian Collectors, Co.",03 9520 4555,636 St Kilda Road,Level 3,Melbourne,Victoria,3004,Australia,APAC,Ferguson,Peter,Medium,1.6558970994746394,-0.029859764051583637
10355,-1.2415975539305957,0.8101579745265006,7,-0.20416570168346093,07/12/2004,Shipped,4,12,2004,Classic Cars,1.1270173053014452,S18_3482,Euro Shopping Channel,(91) 555 94 44,"C/ Moralzarzal, 86",,Madrid,CA,28034,Spain,EMEA,Freyre,Diego,Medium,-1.005890159469469,0.801724457786008
10363,-1.138925168473156,0.8101579745265006,11,0.31970594996153284,06/01/2005,Shipped,1,1,2005,Classic Cars,1.1270173053014452,S18_3482,Suominen Souveniers,+358 9 8045 555,"Software Engineering Center, SEC Oy",,Espoo,CA,FIN-02271,Finland,EMEA,Suominen,Kalle,Medium,-0.9227093076274656,1.2424152575889984
10378,0.8118501552181959,0.6361432167019312,10,0.32319759500219397,10/02/2005,Shipped,1,2,2005,Classic Cars,1.1270173053014452,S18_3482,Euro Shopping Channel,(91) 555 94 44,"C/ Moralzarzal, 86",,Madrid,CA,28034,Spain,EMEA,Freyre,Diego,Medium,0.5164529692204652,-0.19325537421827127
10390,1.530556853420273,0.8101579745265006,1,2.0869018993436406,04/03/2005,Shipped,1,3,2005,Classic Cars,1.1270173053014452,S18_3482,Mini Gifts Distributors Ltd.,4155551450,5677 Strong St.,,San Rafael,CA,97562,USA,EMEA,Nelson,Valarie,Large,1.2399928402646223,0.8469090590790183
10109,1.2225396970479543,0.8101579745265006,2,1.4594918402487382,10/03/2003,Shipped,1,3,2003,Classic Cars,1.0025797416323492,S18_3685,Motor Mint Distributors Inc.,2155559857,11328 Douglas Av.,,Philadelphia,PA,71270,USA,EMEA,Hernandez,Rosa,Medium,0.9904502847386123,0.46904155551012594
10123,-0.11220131389876024,0.8101579745265006,4,0.9654919450091545,20/05/2003,Shipped,2,5,2003,Classic Cars,1.0025797416323492,S18_3685,Atelier graphique,40.32.2555,"54, rue Royale",,Nantes,CA,44000,France,EMEA,Schmitt,Carine,Medium,-0.0909007892074317,1.0563927342165862
10137,-0.42021847027107895,0.8101579745265006,4,0.8527709998240065,10/07/2003,Shipped,3,7,2003,Classic Cars,1.0025797416323492,S18_3685,Reims Collectables,26.47.1555,59 rue de l'Abbaye,,Reims,CA,51100,France,EMEA,Henriot,Paul,Medium,-0.34044334473344184,1.1932143445574483
10148,-0.7282356266433977,0.8101579745265006,11,0.046456216763891146,11/09/2003,Shipped,3,9,2003,Classic Cars,1.0025797416323492,S18_3685,"Anna's Decorations, Ltd",02 9936 8555,201 Miller Street,Level 15,North Sydney,NSW,2060,Australia,APAC,O'Hara,Anna,Medium,-0.589985900259452,0.6364421170233431
10161,0.09314345701611891,0.8101579745265006,10,1.0806782196631364,17/10/2003,Shipped,4,10,2003,Classic Cars,1.0025797416323492,S18_3685,Heintze Collectables,86 21 3555,Smagsloget 45,,Aaarhus,CA,8200,Denmark,EMEA,Ibsen,Palle,Medium,0.07546091447657508,1.0052173051865614
10172,1.325212082505394,0.8101579745265006,8,1.0530491528406085,05/11/2003,Shipped,4,11,2003,Classic Cars,1.0025797416323492,S18_3685,Gift Depot Inc.,2035552570,25593 South Bay Ln.,,Bridgewater,CT,97562,USA,EMEA,King,Julie,Medium,1.0736311365806157,-0.020581983740007193
10181,0.40116061338843767,0.8101579745265006,4,1.211688216943071,12/11/2003,Shipped,4,11,2003,Classic Cars,1.0025797416323492,S18_3685,Herkku Gifts,+47 2267 3215,"Drammen 121, PR 744 Sentrum",,Bergen,CA,N 5804,Norway,EMEA,Oeztan,Veysel,Medium,0.3250034700025852,0.8866847469404857
10192,1.017194926133075,0.8101579745265006,9,0.9702271152664745,20/11/2003,Shipped,4,11,2003,Classic Cars,1.0025797416323492,S18_3685,Online Diecast Creations Co.,6035558647,2304 Long Airport Avenue,,Nashua,NH,62005,USA,EMEA,Young,Valarie,Medium,0.8240885810546055,0.14613853421186906
10204,-0.009528928441320661,0.8101579745265006,15,1.1848302443596939,02/12/2003,Shipped,4,12,2003,Classic Cars,1.0025797416323492,S18_3685,Muscle Machine Inc,2125557413,4092 Furth Circle,Suite 400,NYC,NY,10022,USA,EMEA,Young,Jeff,Medium,-0.007719937365428311,1.1925501817251223
10212,1.017194926133075,0.8101579745265006,8,1.5224826372497844,16/01/2004,Shipped,1,1,2004,Classic Cars,1.0025797416323492,S18_3685,Euro Shopping Channel,(91) 555 94 44,"C/ Moralzarzal, 86",,Madrid,CA,28034,Spain,EMEA,Freyre,Diego,Medium,0.8240885810546055,0.6983940561951789
10226,1.1198673115905147,0.8101579745265006,6,2.0580673189922996,26/02/2004,Shipped,1,2,2004,Classic Cars,1.0025797416323492,S18_3685,Collectable Mini Designs Co.,7605558146,361 Furth Circle,,San Diego,CA,91217,USA,EMEA,Thompson,Valarie,Large,0.9072694328966089,1.1507978860956907
10240,0.1958158424735585,0.8101579745265006,1,1.306152691480157,13/04/2004,Shipped,2,4,2004,Classic Cars,1.0025797416323492,S18_3685,Osaka Souveniers Co.,+81 06 6342 5555,"Dojima Avanza 4F, 1-6-20 Dojima, Kita-ku",,Osaka,Osaka,530-0003,Japan,Japan,Kentary,Mory,Medium,0.15864176631857846,1.1475109251615785
10253,-0.42021847027107895,0.8101579745265006,3,0.25820303902758024,01/06/2004,Cancelled,2,6,2004,Classic Cars,1.0025797416323492,S18_3685,"UK Collectables, Ltd.",(171) 555-2282,Berkeley Gardens 12  Brewery,,Liverpool,CA,WX1 6LT,UK,EMEA,Devon,Elizabeth,Medium,-0.34044334473344184,0.5986463837610221
10266,-0.21487369935619982,0.8101579745265006,4,0.8043549699911335,06/07/2004,Shipped,3,7,2004,Classic Cars,1.0025797416323492,S18_3685,L'ordine Souveniers,0522-556555,Strada Provinciale 124,,Reggio Emilia,CA,42100,Italy,EMEA,Moroni,Maurizio,Medium,-0.17408164104943508,0.9784366110405687
10278,-0.42021847027107895,0.8101579745265006,4,0.3056742069054377,06/08/2004,Shipped,3,8,2004,Classic Cars,1.0025797416323492,S18_3685,Signal Gift Stores,7025551838,8489 Strong St.,,Las Vegas,NV,83030,USA,EMEA,King,Sue,Medium,-0.34044334473344184,0.6461175516388795
10287,-0.8309080121008373,0.8101579745265006,2,0.41088512862054705,30/08/2004,Shipped,3,8,2004,Classic Cars,1.0025797416323492,S18_3685,"Vida Sport, Ltd",0897-034555,Grenzacherweg 237,,Gensve,CA,1203,Switzerland,EMEA,Holz,Michael,Medium,-0.6731667521014554,1.0840518807220025
10301,0.40116061338843767,0.8101579745265006,6,1.5708660856359324,05/10/2003,Shipped,4,10,2003,Classic Cars,1.0025797416323492,S18_3685,"Norway Gifts By Mail, Co.",+47 2212 1555,"Drammensveien 126 A, PB 744 Sentrum",,Oslo,CA,N 0106,Norway,EMEA,Klaeboe,Jan,Medium,0.3250034700025852,1.2458626156333472
10311,-0.3175460848136394,0.8101579745265006,11,0.03407526700851301,16/10/2004,Shipped,4,10,2004,Classic Cars,1.0025797416323492,S18_3685,Euro Shopping Channel,(91) 555 94 44,"C/ Moralzarzal, 86",,Madrid,CA,28034,Spain,EMEA,Freyre,Diego,Medium,-0.2572624928914385,0.2913377598999515
10321,-0.7282356266433977,0.8101579745265006,8,0.3686432829420007,04/11/2004,Shipped,4,11,2004,Classic Cars,1.0025797416323492,S18_3685,FunGiftIdeas.com,5085552555,1785 First Street,,New Bedford,MA,50553,USA,EMEA,Benitez,Violeta,Medium,-0.589985900259452,0.9586291832014526
10331,-0.9335803975582768,-0.7807632729351588,12,-0.9710515039655937,17/11/2004,Shipped,4,11,2004,Classic Cars,1.0025797416323492,S18_3685,Motor Mint Distributors Inc.,2155559857,11328 Douglas Av.,,Philadelphia,PA,71270,USA,EMEA,Hernandez,Rosa,Small,0.728905286745707,-1.6999567907113007
10343,0.9145225406756355,0.0605559408206641,2,0.09819555416268132,24/11/2004,Shipped,4,11,2004,Classic Cars,1.0025797416323492,S18_3685,Reims Collectables,26.47.1555,59 rue de l'Abbaye,,Reims,CA,51100,France,EMEA,Henriot,Paul,Medium,0.05537977285231716,0.042815781310364155
10367,1.1198673115905147,0.8101579745265006,6,0.6812188223363298,12/01/2005,Resolved,1,1,2005,Classic Cars,1.0025797416323492,S18_3685,Toys4GrownUps.com,6265557265,78934 Hillside Dr.,,Pasadena,CA,90003,USA,EMEA,Young,Julie,Medium,0.9072694328966089,-0.22605061056027909
10379,-0.3175460848136394,-0.6359988590184231,4,-0.6990507262257316,10/02/2005,Shipped,1,2,2005,Classic Cars,1.0025797416323492,S18_3685,Euro Shopping Channel,(91) 555 94 44,"C/ Moralzarzal, 86",,Madrid,CA,28034,Spain,EMEA,Freyre,Diego,Small,0.20195894762724206,-0.9010096738529737
10406,3.0706426352818665,0.8101579745265006,1,3.7550176692359996,15/04/2005,Disputed,2,4,2005,Classic Cars,1.0025797416323492,S18_3685,Danish Wholesale Imports,31 12 3555,Vinb'ltet 34,,Kobenhavn,CA,1734,Denmark,EMEA,Petersen,Jytte,Large,2.4877056178946733,1.2673120513413263
10419,0.8118501552181959,0.8101579745265006,3,1.1051903280823367,17/05/2005,Shipped,2,5,2005,Classic Cars,1.0025797416323492,S18_3685,Salzburg Collectables,6562-9555,Geislweg 14,,Salzburg,CA,5020,Austria,EMEA,Pipps,Georg,Medium,0.6577268773705988,0.447463450711738
10108,0.8118501552181959,-0.7877040325065091,12,-0.34741546244963295,03/03/2003,Shipped,1,3,2003,Motorcycles,-0.9635337643393681,S18_3782,Cruz & Sons Co.,+63 2 555 3587,15 McCallum Street - NatWest Center #13-03,,Makati City,CA,1227 MM,Philippines,Japan,Cruz,Arnold,Small,-0.6394976410564083,0.2920821786067753
10122,-0.009528928441320661,-1.68157471158827,16,-0.9844967809806446,08/05/2003,Shipped,2,5,2003,Motorcycles,-0.9635337643393681,S18_3782,Marseille Mini Autos,91.24.4555,"12, rue des Bouchers",,Marseille,CA,13008,France,EMEA,Lebihan,Laurence,Small,0.016023605095459054,-1.0005203860761036
10135,1.017194926133075,-1.6508370620580044,13,-0.6992462149060797,02/07/2003,Shipped,3,7,2003,Motorcycles,-0.9635337643393681,S18_3782,Mini Gifts Distributors Ltd.,4155551450,5677 Strong St.,,San Rafael,CA,97562,USA,EMEA,Nelson,Valarie,Small,-1.6792230833978343,0.9799768684917546
10146,1.2225396970479543,-0.8189374505775854,2,-0.21629143010616225,03/09/2003,Shipped,3,9,2003,Motorcycles,-0.9635337643393681,S18_3782,Gift Ideas Corp.,2035554407,2440 Pompton St.,,Glendale,CT,97561,USA,EMEA,Lewis,Dan,Medium,-1.0011835427303453,0.784892112624183
10159,-1.4469423248454747,-0.9418880486986487,8,-1.1924967368709958,10/10/2003,Shipped,4,10,2003,Motorcycles,-0.9635337643393681,S18_3782,Corporate Gift Ideas Co.,6505551386,7734 Strong St.,,San Francisco,CA,,USA,EMEA,Brown,Julie,Small,1.3628576829281904,-2.555354419799186
10169,0.29848822793099805,-0.7569663829762431,8,-0.5186255347467005,04/11/2003,Shipped,4,11,2003,Motorcycles,-0.9635337643393681,S18_3782,"Anna's Decorations, Ltd",02 9936 8555,201 Miller Street,Level 15,North Sydney,NSW,2060,Australia,APAC,O'Hara,Anna,Small,-0.22594555425791601,-0.29267998048878446
10180,-1.4469423248454747,-1.6508370620580044,3,-1.3555668777280143,11/11/2003,Shipped,4,11,2003,Motorcycles,-0.9635337643393681,S18_3782,Daedalus Designs Imports,20.16.1555,"184, chausse de Tournai",,Lille,CA,59000,France,EMEA,Rance,Martine,Small,2.388666016515282,-3.7442328942432965
10191,0.8118501552181959,-0.5413070677235722,9,-0.23136577945744696,20/11/2003,Shipped,4,11,2003,Motorcycles,-0.9635337643393681,S18_3782,"Toms Spezialitten, Ltd",0221-5554327,Mehrheimerstr. 369,,Koln,CA,50739,Germany,EMEA,Pfalzheim,Henriette,Medium,-0.4394602269520886,0.20809444749464162
10211,1.1198673115905147,-1.4659153963355986,8,-0.578727443471492,15/01/2004,Shipped,1,1,2004,Motorcycles,-0.9635337643393681,S18_3782,Auto Canal Petit,(1) 47.55.6555,"25, rue Lauriston",,Paris,CA,75016,France,EMEA,Perrier,Dominique,Small,-1.6416307339134906,1.0629032904419986
10224,0.29848822793099805,-1.250256081082928,1,-0.7239429515233865,21/02/2004,Shipped,1,2,2004,Motorcycles,-0.9635337643393681,S18_3782,Daedalus Designs Imports,20.16.1555,"184, chausse de Tournai",,Lille,CA,59000,France,EMEA,Rance,Martine,Small,-0.3731867221023974,-0.3507562294209891
10237,-0.9335803975582768,-1.558624113467207,1,-1.1925727602466865,05/04/2004,Shipped,2,4,2004,Motorcycles,-0.9635337643393681,S18_3782,Vitachrome Inc.,2125551500,2678 Kingston Rd.,Suite 101,NYC,NY,10022,USA,EMEA,Frick,Michael,Small,1.4551009194946318,-2.6476736797413185
10252,-0.42021847027107895,-1.527886463936941,5,-1.040352241148986,26/05/2004,Shipped,2,5,2004,Motorcycles,-0.9635337643393681,S18_3782,Auto Canal Petit,(1) 47.55.6555,"25, rue Lauriston",,Paris,CA,75016,France,EMEA,Perrier,Dominique,Small,0.6420461126234693,-1.6823983537724554
10264,1.325212082505394,-1.435177746805333,3,-0.5038226974514548,30/06/2004,Shipped,2,6,2004,Motorcycles,-0.9635337643393681,S18_3782,Gifts4AllAges.com,6175559555,8616 Spinnaker Dr.,,Boston,MA,51003,USA,EMEA,Yoshido,Juri,Small,-1.9019148906092944,1.3980921931578396
10276,-0.21487369935619982,-1.6508370620580044,9,-1.027406546317047,02/08/2004,Shipped,3,8,2004,Motorcycles,-0.9635337643393681,S18_3782,Online Mini Collectables,6175557555,7635 Spinnaker Dr.,,Brickhaven,MA,58339,USA,EMEA,Barajas,Miguel,Small,0.35472146655872383,-1.382128012875771
10286,0.29848822793099805,-1.3117313801434591,1,-0.749530247684501,28/08/2004,Shipped,3,8,2004,Motorcycles,-0.9635337643393681,S18_3782,"La Corne D'abondance, Co.",(1) 42.34.2555,"265, boulevard Charonne",,Paris,CA,75012,France,EMEA,Bertrand,Marie,Small,-0.3915363751805035,-0.35799387250399756
10299,0.40116061338843767,-1.3737024477448014,3,-0.7449416939374419,30/09/2004,Shipped,3,9,2004,Motorcycles,-0.9635337643393681,S18_3782,"Toys of Finland, Co.",90-224 8555,Keskuskatu 45,,Helsinki,CA,21240,Finland,EMEA,Karttunen,Matti,Small,-0.5510753165505028,-0.19386637738693913
10310,0.7091777697607564,-0.8189374505775854,16,-0.3985846245307414,16/10/2004,Shipped,4,10,2004,Motorcycles,-0.9635337643393681,S18_3782,"Toms Spezialitten, Ltd",0221-5554327,Mehrheimerstr. 369,,Koln,CA,50739,Germany,EMEA,Pfalzheim,Henriette,Small,-0.5807722347741717,0.18218761024343033
10319,0.9145225406756355,-1.219518431552662,4,-0.5187232790868747,03/11/2004,Shipped,4,11,2004,Motorcycles,-0.9635337643393681,S18_3782,Microscale Inc.,2125551957,5290 North Pendale Street,Suite 200,NYC,NY,10022,USA,EMEA,Kuo,Kee,Small,-1.1152770944243064,0.5965538153374318
10330,-0.6255632411859581,-0.6954910839157118,2,-0.8333351589014962,16/11/2004,Shipped,4,11,2004,Motorcycles,-0.9635337643393681,S18_3782,Cruz & Sons Co.,+63 2 555 3587,15 McCallum Street - NatWest Center #13-03,,Makati City,CA,1227 MM,Philippines,Japan,Cruz,Arnold,Small,0.43507365667024783,-1.2684088155717441
10342,-0.9335803975582768,-1.3737024477448014,8,-1.1399102818573636,24/11/2004,Shipped,4,11,2004,Motorcycles,-0.9635337643393681,S18_3782,"Australian Collectors, Co.",03 9520 4555,636 St Kilda Road,Level 3,Melbourne,Victoria,3004,Australia,APAC,Ferguson,Peter,Small,1.2824616772923698,-2.4223719591497335
10355,-0.42021847027107895,-1.4966530458658647,1,-1.0297469802401031,07/12/2004,Shipped,4,12,2004,Motorcycles,-0.9635337643393681,S18_3782,Euro Shopping Channel,(91) 555 94 44,"C/ Moralzarzal, 86",,Madrid,CA,28034,Spain,EMEA,Freyre,Diego,Small,0.6289212534603046,-1.6586682337004077
10363,-0.3175460848136394,0.2707618021244176,12,-0.381229573908729,06/01/2005,Shipped,1,1,2005,Motorcycles,-0.9635337643393681,S18_3782,Suominen Souveniers,+358 9 8045 555,"Software Engineering Center, SEC Oy",,Espoo,CA,FIN-02271,Finland,EMEA,Suominen,Kalle,Small,-0.08597935018169416,-0.29525022372703486
10378,-0.7282356266433977,0.8101579745265006,9,0.5732982103019514,10/02/2005,Shipped,1,2,2005,Motorcycles,-0.9635337643393681,S18_3782,Euro Shopping Channel,(91) 555 94 44,"C/ Moralzarzal, 86",,Madrid,CA,28034,Spain,EMEA,Freyre,Diego,Medium,-0.589985900259452,1.1632841105614034
10390,0.09314345701611891,0.8101579745265006,2,0.8286933106944686,04/03/2005,Shipped,1,3,2005,Motorcycles,-0.9635337643393681,S18_3782,Mini Gifts Distributors Ltd.,4155551450,5677 Strong St.,,San Rafael,CA,97562,USA,EMEA,Nelson,Valarie,Medium,0.07546091447657508,0.7532323962178935
10403,0.09314345701611891,-1.558624113467207,1,-0.9090055689195633,08/04/2005,Shipped,2,4,2005,Motorcycles,-0.9635337643393681,S18_3782,"UK Collectables, Ltd.",(171) 555-2282,Berkeley Gardens 12  Brewery,,Liverpool,CA,WX1 6LT,UK,EMEA,Devon,Elizabeth,Small,-0.14517563811701922,-0.763829930802544
10106,0.6065053843033168,0.8101579745265006,17,0.6630166540994755,17/02/2003,Shipped,1,2,2003,Vintage Cars,0.1066292832148578,S18_3856,Rovelli Gifts,035-640555,Via Ludovico il Moro 22,,Bergamo,CA,24100,Italy,EMEA,Rovelli,Giovanni,Medium,0.491365173686592,0.17165148041288353
10119,-0.8309080121008373,0.786361084567585,8,-0.4707199475791809,28/04/2003,Shipped,2,4,2003,Vintage Cars,0.1066292832148578,S18_3856,Salzburg Collectables,6562-9555,Geislweg 14,,Salzburg,CA,5020,Austria,EMEA,Pipps,Georg,Small,-0.6533937255715105,0.18267377799232964
10130,-0.21487369935619982,0.8101579745265006,1,-0.07066865397020926,16/06/2003,Shipped,2,6,2003,Vintage Cars,0.1066292832148578,S18_3856,Auto-Moto Classics Inc.,6175558428,16780 Pompton St.,,Brickhaven,MA,58339,USA,EMEA,Taylor,Leslie,Medium,-0.17408164104943508,0.10341298707922582
10143,-0.11220131389876024,0.8101579745265006,12,-0.053286452142592866,10/08/2003,Shipped,3,8,2003,Vintage Cars,0.1066292832148578,S18_3856,Mini Creations Ltd.,5085559555,4575 Hillside Dr.,,New Bedford,MA,50553,USA,EMEA,Tam,Wing C,Medium,-0.0909007892074317,0.03761433706483884
10155,-0.6255632411859581,0.8101579745265006,10,0.03751260963796661,06/10/2003,Shipped,4,10,2003,Vintage Cars,0.1066292832148578,S18_3856,"Toys of Finland, Co.",90-224 8555,Keskuskatu 45,,Helsinki,CA,21240,Finland,EMEA,Karttunen,Matti,Medium,-0.5068050484174486,0.5443176580554152
10167,-0.11220131389876024,0.8101579745265006,6,0.02481127565646263,23/10/2003,Cancelled,4,10,2003,Vintage Cars,0.1066292832148578,S18_3856,Scandinavian Gift Ideas,0695-34 6555,?kergatan 24,,Boras,CA,S-844 67,Sweden,EMEA,Larsson,Maria,Medium,-0.0909007892074317,0.11571206486389433
10178,1.325212082505394,0.8101579745265006,9,0.9951845034575787,08/11/2003,Shipped,4,11,2003,Vintage Cars,0.1066292832148578,S18_3856,Alpha Cognac,61.77.6555,1 rue Alsace-Lorraine,,Toulouse,CA,31000,France,EMEA,Roulet,Annette,Medium,1.0736311365806157,-0.07844663312303701
10186,1.1198673115905147,0.8101579745265006,6,0.741168684309739,14/11/2003,Shipped,4,11,2003,Vintage Cars,0.1066292832148578,S18_3856,"Double Decker Gift Stores, Ltd",(171) 555-7555,120 Hanover Sq.,,London,CA,WA1 1DP,UK,EMEA,Hardy,Thomas,Medium,0.9072694328966089,-0.16610074858686985
10197,-1.344269939388035,0.8101579745265006,3,-0.5512178419536211,26/11/2003,Shipped,4,11,2003,Vintage Cars,0.1066292832148578,S18_3856,Enaco Distributors,(93) 203 4555,"Rambla de Catalu¤a, 23",,Barcelona,CA,8022,Spain,EMEA,Saavedra,Eduardo,Small,-1.0890710113114723,0.5378531693578512
10209,-1.5496147103029143,0.8101579745265006,5,-0.5730474112591563,09/01/2004,Shipped,1,1,2004,Vintage Cars,0.1066292832148578,S18_3856,"Men 'R' US Retailers, Ltd.",2155554369,6047 Douglas Av.,,Los Angeles,CA,,USA,EMEA,Chandler,Michael,Small,-1.2554327149954791,0.6823853037363229
10222,1.017194926133075,0.10368780387119857,9,0.1655468347837138,19/02/2004,Shipped,1,2,2004,Vintage Cars,0.1066292832148578,S18_3856,Collectable Mini Designs Co.,7605558146,361 Furth Circle,,San Diego,CA,91217,USA,EMEA,Thompson,Valarie,Medium,0.1054707079996646,0.060076126784049194
10249,1.1198673115905147,0.8101579745265006,5,1.1113590819955423,08/05/2004,Shipped,2,5,2004,Vintage Cars,0.1066292832148578,S18_3856,Cambridge Collectables Co.,6175555555,4658 Baden Av.,,Cambridge,MA,51247,USA,EMEA,Tseng,Kyung,Medium,0.9072694328966089,0.20408964909893346
10262,-0.11220131389876024,0.8101579745265006,14,0.2984302652503173,24/06/2004,Cancelled,2,6,2004,Vintage Cars,0.1066292832148578,S18_3856,Euro Shopping Channel,(91) 555 94 44,"C/ Moralzarzal, 86",,Madrid,CA,28034,Spain,EMEA,Freyre,Diego,Medium,-0.0909007892074317,0.389331054457749
10273,1.530556853420273,0.10368780387119857,1,0.3983684228371494,21/07/2004,Shipped,3,7,2004,Vintage Cars,0.1066292832148578,S18_3856,Petit Auto,(02) 5554 67,Rue Joseph-Bens 532,,Bruxelles,CA,B-1180,Belgium,EMEA,Dewey,Catherine,Medium,0.15870007883116008,0.23966834400598933
10283,1.1198673115905147,0.8101579745265006,3,1.2172705048152324,20/08/2004,Shipped,3,8,2004,Vintage Cars,0.1066292832148578,S18_3856,"Royal Canadian Collectables, Ltd.",(604) 555-4555,23 Tsawassen Blvd.,,Tsawassen,BC,T2F 8M4,Canada,EMEA,Lincoln,Elizabeth,Medium,0.9072694328966089,0.31000107191862347
10296,-1.344269939388035,0.05163210708607118,12,-0.9179763272510916,15/09/2004,Shipped,3,9,2004,Vintage Cars,0.1066292832148578,S18_3856,"Bavarian Collectables Imports, Co.",+49 89 61 08 9555,Hansastr. 15,,Munich,CA,80686,Germany,EMEA,Donnermeyer,Michael,Small,-0.06940748946306945,-0.8485688377880222
10307,1.325212082505394,0.15623926919713693,6,0.33286885443830305,14/10/2004,Shipped,4,10,2004,Vintage Cars,0.1066292832148578,S18_3856,"Classic Gift Ideas, Inc",2155554695,782 First Street,,Philadelphia,PA,71270,USA,EMEA,Cervantes,Francisca,Medium,0.20705016730185868,0.12581868713644437
10316,1.2225396970479543,0.15623926919713693,14,0.28572893126881327,01/11/2004,Shipped,4,11,2004,Vintage Cars,0.1066292832148578,S18_3856,giftsbymail.co.uk,(198) 555-8888,Garden House Crowther Way,,Cowes,Isle of Wight,PO31 7PJ,UK,EMEA,Bennett,Helen,Medium,0.19100870883126156,0.09472022243755171
10328,-0.11220131389876024,0.8101579745265006,6,0.14205018145409942,12/11/2004,Shipped,4,11,2004,Vintage Cars,0.1066292832148578,S18_3856,Rovelli Gifts,035-640555,Via Ludovico il Moro 22,,Bergamo,CA,24100,Italy,EMEA,Rovelli,Giovanni,Medium,-0.0909007892074317,0.23295097066153114
10338,1.017194926133075,0.8101579745265006,2,1.0711481464961676,22/11/2004,Shipped,4,11,2004,Vintage Cars,0.1066292832148578,S18_3856,Royale Belge,(071) 23 67 2555,"Boulevard Tirou, 255",,Charleroi,CA,B-6000,Belgium,EMEA,Cartrain,Pascale,Medium,0.8240885810546055,0.24705956544156216
10351,-1.5496147103029143,0.8101579745265006,2,-0.09735828907884223,03/12/2004,Shipped,4,12,2004,Vintage Cars,0.1066292832148578,S18_3856,"Stylish Desk Decors, Co.",(171) 555-0297,35 King George,,London,CA,WX3 6FW,UK,EMEA,Brown,Ann,Medium,-1.2554327149954791,1.158074425916637
10373,1.530556853420273,-1.1486235302167263,6,-0.28747103071734437,31/01/2005,Shipped,1,1,2005,Vintage Cars,0.1066292832148578,S18_3856,"Oulu Toy Supplies, Inc.",981-443655,Torikatu 38,,Oulu,CA,90110,Finland,EMEA,Koskitalo,Pirkko,Medium,-1.7580336161729984,1.4705625854556539
10386,-1.344269939388035,-1.2943794812150835,6,-1.2423246293952714,01/03/2005,Resolved,1,3,2005,Vintage Cars,0.1066292832148578,S18_3856,Euro Shopping Channel,(91) 555 94 44,"C/ Moralzarzal, 86",,Madrid,CA,28034,Spain,EMEA,Freyre,Diego,Small,1.7399954267581166,-2.9823200561533882
10398,1.017194926133075,0.8101579745265006,17,0.6831031160052405,30/03/2005,Shipped,1,3,2005,Vintage Cars,0.1066292832148578,S18_3856,Reims Collectables,26.47.1555,59 rue de l'Abbaye,,Reims,CA,51100,France,EMEA,Henriot,Paul,Medium,0.8240885810546055,-0.14098546504936493
10400,2.3519359370797894,0.8101579745265006,6,2.038257799383695,01/04/2005,Shipped,2,4,2005,Vintage Cars,0.1066292832148578,S18_3856,The Sharp Gifts Warehouse,4085553659,3086 Ingle Ln.,,San Jose,CA,94217,USA,EMEA,Frick,Sue,Large,1.9054396550006494,0.13281814438304562
10415,1.6332292388777125,0.8101579745265006,5,1.4419250102230152,09/05/2005,Disputed,2,5,2005,Vintage Cars,0.1066292832148578,S18_3856,"Australian Collectables, Ltd",61-9-3844-6555,7 Allen Street,,Glen Waverly,Victoria,3150,Australia,APAC,Connery,Sean,Medium,1.323173692106626,0.11875131811638928
10104,0.29848822793099805,0.8101579745265006,3,0.9745170057518905,31/01/2003,Shipped,1,1,2003,Classic Cars,1.0523547670999878,S18_4027,Euro Shopping Channel,(91) 555 94 44,"C/ Moralzarzal, 86",,Madrid,CA,28034,Spain,EMEA,Freyre,Diego,Medium,0.24182261816058184,0.7326943875913087
10117,-1.344269939388035,0.8101579745265006,12,-0.41992547213540626,16/04/2003,Shipped,2,4,2003,Classic Cars,1.0523547670999878,S18_4027,"Dragon Souveniers, Ltd.",+65 221 7555,"Bronz Sok., Bronz Apt. 3/6 Tesvikiye",,Singapore,CA,79903,Singapore,Japan,Natividad,Eric,Small,-1.0890710113114723,0.6691455391760661
10127,-1.0362527830157164,0.8101579745265006,5,-0.05804334336439613,03/06/2003,Shipped,2,6,2003,Classic Cars,1.0523547670999878,S18_4027,Muscle Machine Inc,2125557413,4092 Furth Circle,Suite 400,NYC,NY,10022,USA,EMEA,Young,Jeff,Medium,-0.8395284557854622,0.7814851124210661
10142,-1.138925168473156,0.8101579745265006,15,0.1290393237287109,08/08/2003,Shipped,3,8,2003,Classic Cars,1.0523547670999878,S18_4027,Mini Gifts Distributors Ltd.,4155551450,5677 Strong St.,,San Rafael,CA,97562,USA,EMEA,Nelson,Valarie,Medium,-0.9227093076274656,1.0517486313561766
10152,-0.009528928441320661,0.8101579745265006,1,0.5268479277548006,25/09/2003,Shipped,3,9,2003,Classic Cars,1.0523547670999878,S18_4027,"Australian Gift Network, Co",61-7-3844-6555,31 Duncan St. West End,,South Brisbane,Queensland,4101,Australia,APAC,Calaghan,Tony,Medium,-0.007719937365428311,0.5345678651202289
10165,-0.7282356266433977,0.8101579745265006,6,-0.11745018122572763,22/10/2003,Shipped,4,10,2003,Classic Cars,1.0523547670999878,S18_4027,"Dragon Souveniers, Ltd.",+65 221 7555,"Bronz Sok., Bronz Apt. 3/6 Tesvikiye",,Singapore,CA,79903,Singapore,Japan,Natividad,Eric,Medium,-0.589985900259452,0.4725357190337243
10176,0.09314345701611891,0.8101579745265006,5,1.0742270932116498,06/11/2003,Shipped,4,11,2003,Classic Cars,1.0523547670999878,S18_4027,L'ordine Souveniers,0522-556555,Strada Provinciale 124,,Reggio Emilia,CA,42100,Italy,EMEA,Moroni,Maurizio,Medium,0.07546091447657508,0.9987661787350747
10185,0.40116061338843767,0.8101579745265006,16,0.8378975693941904,14/11/2003,Shipped,4,11,2003,Classic Cars,1.0523547670999878,S18_4027,Mini Creations Ltd.,5085559555,4575 Hillside Dr.,,New Bedford,MA,50553,USA,EMEA,Tam,Wing C,Medium,0.3250034700025852,0.5128940993916051
10196,-0.8309080121008373,0.8101579745265006,8,0.5338963807295727,26/11/2003,Shipped,4,11,2003,Classic Cars,1.0523547670999878,S18_4027,Super Scale Inc.,2035559545,567 North Pendale Street,,New Haven,CT,97823,USA,EMEA,Murphy,Leslie,Medium,-0.6731667521014554,1.2070631328310282
10207,0.5038329988458772,0.8101579745265006,1,1.408013154423745,09/12/2003,Shipped,4,12,2003,Classic Cars,1.0523547670999878,S18_4027,Diecast Collectables,6175552555,6251 Ingle Ln.,,Boston,MA,51003,USA,EMEA,Franco,Valarie,Medium,0.4081843218445886,0.9998288325791564
10220,1.530556853420273,0.8101579745265006,5,2.5544456598427847,12/02/2004,Shipped,1,2,2004,Classic Cars,1.0523547670999878,S18_4027,"Clover Collections, Co.",+353 1862 1555,25 Maiden Lane,Floor No. 4,Dublin,CA,2,Ireland,EMEA,Cassidy,Dean,Large,1.2399928402646223,1.3144528195781624
10230,0.7091777697607564,0.8101579745265006,3,2.000713112274623,15/03/2004,Shipped,1,3,2004,Classic Cars,1.0523547670999878,S18_4027,"Blauer See Auto, Co.",+49 69 66 90 2555,Lyonerstr. 34,,Frankfurt,CA,60528,Germany,EMEA,Keitel,Roland,Large,0.5745460255285955,1.4261670867460277
10247,1.325212082505394,0.8101579745265006,5,1.738823443501653,05/05/2004,Shipped,2,5,2004,Classic Cars,1.0523547670999878,S18_4027,Suominen Souveniers,+358 9 8045 555,"Software Engineering Center, SEC Oy",,Espoo,CA,FIN-02271,Finland,EMEA,Suominen,Kalle,Medium,1.0736311365806157,0.6651923069210373
10272,-1.0362527830157164,0.8101579745265006,5,0.09780457680198529,20/07/2004,Shipped,3,7,2004,Classic Cars,1.0523547670999878,S18_4027,Diecast Classics Inc.,2155551555,7586 Pompton St.,,Allentown,PA,70267,USA,EMEA,Yu,Kyung,Medium,-0.8395284557854622,0.9373330325874475
10282,-0.42021847027107895,0.8101579745265006,8,0.6086816614449527,20/08/2004,Shipped,3,8,2004,Classic Cars,1.0523547670999878,S18_4027,Mini Gifts Distributors Ltd.,4155551450,5677 Strong St.,,San Rafael,CA,97562,USA,EMEA,Nelson,Valarie,Medium,-0.34044334473344184,0.9491250061783946
10292,0.9145225406756355,0.8101579745265006,2,1.9477574008647782,08/09/2004,Shipped,3,9,2004,Classic Cars,1.0523547670999878,S18_4027,Land of Toys Inc.,2125557818,897 Long Airport Avenue,,NYC,NY,10022,USA,EMEA,Yu,Kwai,Large,0.7409077292126022,1.2068496716521762
10306,-1.2415975539305957,0.8101579745265006,16,0.025392311456386166,14/10/2004,Shipped,4,10,2004,Classic Cars,1.0523547670999878,S18_4027,"AV Stores, Co.",(171) 555-1555,Fauntleroy Circus,,Manchester,CA,EC2 5NT,UK,EMEA,Ashworth,Victoria,Medium,-1.005890159469469,1.031282470925855
10314,-0.6255632411859581,0.8101579745265006,8,0.3545137955457313,22/10/2004,Shipped,4,10,2004,Classic Cars,1.0523547670999878,S18_4027,Heintze Collectables,86 21 3555,Smagsloget 45,,Aaarhus,CA,8200,Denmark,EMEA,Ibsen,Palle,Medium,-0.5068050484174486,0.8613188439631798
10324,1.4278844679628335,0.8101579745265006,13,0.9914647882898444,05/11/2004,Shipped,4,11,2004,Classic Cars,1.0523547670999878,S18_4027,Vitachrome Inc.,2125551500,2678 Kingston Rd.,Suite 101,NYC,NY,10022,USA,EMEA,Frick,Michael,Medium,1.1568119884226191,-0.1653472001327747
10337,0.09314345701611891,0.8101579745265006,3,1.154181963474012,21/11/2004,Shipped,4,11,2004,Classic Cars,1.0523547670999878,S18_4027,Classic Legends Inc.,2125558493,5905 Pompton St.,Suite 750,NYC,NY,10022,USA,EMEA,Hernandez,Maria,Medium,0.07546091447657508,1.078721048997437
10349,-0.11220131389876024,0.8101579745265006,5,0.4566566310276003,01/12/2004,Shipped,4,12,2004,Classic Cars,1.0523547670999878,S18_4027,Muscle Machine Inc,2125557413,4092 Furth Circle,Suite 400,NYC,NY,10022,USA,EMEA,Young,Jeff,Medium,-0.0909007892074317,0.547557420235032
10358,-1.0362527830157164,0.8101579745265006,13,-0.5569467463360439,10/12/2004,Shipped,4,12,2004,Classic Cars,1.0523547670999878,S18_4027,Euro Shopping Channel,(91) 555 94 44,"C/ Moralzarzal, 86",,Madrid,CA,28034,Spain,EMEA,Freyre,Diego,Small,-0.8395284557854622,0.2825817094494183
10372,1.325212082505394,0.8101579745265006,6,1.8884374468613794,26/01/2005,Shipped,1,1,2005,Classic Cars,1.0523547670999878,S18_4027,"Tokyo Collectables, Ltd",+81 3 3584 0555,2-2-8 Roppongi,,Minato-ku,Tokyo,106-0032,Japan,Japan,Shimamura,Akiko,Large,1.0736311365806157,0.8148063102807637
10383,0.29848822793099805,0.8101579745265006,1,0.9703900225000975,22/02/2005,Shipped,1,2,2005,Classic Cars,1.0523547670999878,S18_4027,Euro Shopping Channel,(91) 555 94 44,"C/ Moralzarzal, 86",,Madrid,CA,28034,Spain,EMEA,Freyre,Diego,Medium,0.24182261816058184,0.7285674043395157
10394,0.1958158424735585,0.8101579745265006,1,1.5327892348970242,15/03/2005,Shipped,1,3,2005,Classic Cars,1.0523547670999878,S18_4027,Euro Shopping Channel,(91) 555 94 44,"C/ Moralzarzal, 86",,Madrid,CA,28034,Spain,EMEA,Freyre,Diego,Medium,0.15864176631857846,1.3741474685784458
10413,1.4278844679628335,0.8101579745265006,5,1.8152540872766292,05/05/2005,Shipped,2,5,2005,Classic Cars,1.0523547670999878,S18_4027,Gift Depot Inc.,2035552570,25593 South Bay Ln.,,Bridgewater,CT,97562,USA,EMEA,King,Julie,Medium,1.1568119884226191,0.6584420988540101
10100,-1.344269939388035,0.14136621297281493,4,-0.8963531071081463,06/01/2003,Shipped,1,1,2003,Vintage Cars,-0.21690838232479187,S18_4409,Online Diecast Creations Co.,6035558647,2304 Long Airport Avenue,,Nashua,NH,62005,USA,EMEA,Young,Valarie,Small,-0.19003435054448198,-0.7063187565636644
10110,-0.7282356266433977,0.27819833023657825,8,-0.5725261081115613,18/03/2003,Shipped,1,3,2003,Vintage Cars,-0.21690838232479187,S18_4409,"AV Stores, Co.",(171) 555-1555,Fauntleroy Circus,,Manchester,CA,EC2 5NT,UK,EMEA,Ashworth,Victoria,Small,-0.20259393535098144,-0.3699321727605799
10124,0.09314345701611891,0.09575550721822691,7,-0.2566598425980397,21/05/2003,Shipped,2,5,2003,Vintage Cars,-0.21690838232479187,S18_4409,Signal Gift Stores,7025551838,8489 Strong St.,,Las Vegas,NV,83030,USA,EMEA,King,Sue,Medium,0.008918998970637583,-0.2655788415686773
10148,-0.11220131389876024,0.8101579745265006,1,0.024072762864036507,11/09/2003,Shipped,3,9,2003,Vintage Cars,-0.21690838232479187,S18_4409,"Anna's Decorations, Ltd",02 9936 8555,201 Miller Street,Level 15,North Sydney,NSW,2060,Australia,APAC,O'Hara,Anna,Medium,-0.0909007892074317,0.11497355207146821
10162,0.40116061338843767,0.8101579745265006,10,0.19451174092195353,18/10/2003,Shipped,4,10,2003,Vintage Cars,-0.21690838232479187,S18_4409,Corporate Gift Ideas Co.,6505551386,7734 Strong St.,,San Francisco,CA,,USA,EMEA,Brown,Julie,Medium,0.3250034700025852,-0.1304917290806317
10173,-1.4469423248454747,-0.4064580246230515,14,-1.0693388682517089,05/11/2003,Shipped,4,11,2003,Vintage Cars,-0.21690838232479187,S18_4409,Rovelli Gifts,035-640555,Via Ludovico il Moro 22,,Bergamo,CA,24100,Italy,EMEA,Rovelli,Giovanni,Small,0.5881213191001773,-1.6574601873518862
10182,0.09314345701611891,0.8101579745265006,11,0.21114456947490198,12/11/2003,Shipped,4,11,2003,Vintage Cars,-0.21690838232479187,S18_4409,Mini Gifts Distributors Ltd.,4155551450,5677 Strong St.,,San Rafael,CA,97562,USA,EMEA,Nelson,Valarie,Medium,0.07546091447657508,0.1356836549983269
10193,-1.138925168473156,0.6886946820278697,15,-0.6585194065002309,21/11/2003,Shipped,4,11,2003,Vintage Cars,-0.21690838232479187,S18_4409,"Australian Collectables, Ltd",61-9-3844-6555,7 Allen Street,,Glen Waverly,Victoria,3150,Australia,APAC,Connery,Sean,Small,-0.7843717067551581,0.12585230025492722
10204,-0.6255632411859581,0.09575550721822691,5,-0.582001878867322,02/12/2003,Shipped,4,12,2003,Vintage Cars,-0.21690838232479187,S18_4409,Muscle Machine Inc,2125557413,4092 Furth Circle,Suite 400,NYC,NY,10022,USA,EMEA,Young,Jeff,Small,-0.059901125456839434,-0.5221007534104826
10213,0.29848822793099805,0.5518625647641063,1,0.026136254489932943,22/01/2004,Shipped,1,1,2004,Vintage Cars,-0.21690838232479187,S18_4409,"Double Decker Gift Stores, Ltd",(171) 555-7555,120 Hanover Sq.,,London,CA,WA1 1DP,UK,EMEA,Hardy,Thomas,Medium,0.16472447901789375,-0.1385882245279608
10227,-0.11220131389876024,0.8101579745265006,11,0.007086968638237304,02/03/2004,Shipped,1,3,2004,Vintage Cars,-0.21690838232479187,S18_4409,"Saveley & Henriot, Co.",78.32.5555,"2, rue du Commerce",,Lyon,CA,69004,France,EMEA,Saveley,Mary,Medium,-0.0909007892074317,0.09798775784566902
10241,0.7091777697607564,0.3238090359911662,3,0.12711701837195488,13/04/2004,Shipped,2,4,2004,Vintage Cars,-0.21690838232479187,S18_4409,Mini Caravy,88.60.1555,"24, place Kluber",,Strasbourg,CA,67000,France,EMEA,Citeaux,Frederique,Medium,0.22963816997259576,-0.10252115160064088
10280,-0.009528928441320661,0.8101579745265006,17,0.08154100464524976,17/08/2004,Shipped,3,8,2004,Vintage Cars,-0.21690838232479187,S18_4409,Amica Models & Co.,011-4988555,Via Monte Bianco 34,,Torino,CA,10100,Italy,EMEA,Accorti,Paolo,Medium,-0.007719937365428311,0.08926094201067807
10288,-0.009528928441320661,-0.13229802155471312,6,-0.3905641583953496,01/09/2004,Shipped,3,9,2004,Vintage Cars,-0.21690838232479187,S18_4409,Handji Gifts& Co,+65 224 1555,Village Close - 106 Linden Road Sandown,2nd Floor,Singapore,CA,69045,Singapore,APAC,Victorino,Wendy,Small,0.0012606583803231597,-0.3918248167756727
10302,0.29848822793099805,0.27819833023657825,2,-0.08776848325954485,06/10/2003,Shipped,4,10,2003,Vintage Cars,-0.21690838232479187,S18_4409,"UK Collectables, Ltd.",(171) 555-2282,Berkeley Gardens 12  Brewery,,Liverpool,CA,WX1 6LT,UK,EMEA,Devon,Elizabeth,Medium,0.08303892660567884,-0.1708074098652237
10311,0.6065053843033168,-0.08668731580012512,1,-0.10620415186459256,16/10/2004,Shipped,4,10,2004,Vintage Cars,-0.21690838232479187,S18_4409,Euro Shopping Channel,(91) 555 94 44,"C/ Moralzarzal, 86",,Madrid,CA,28034,Spain,EMEA,Freyre,Diego,Medium,-0.05257632378357787,-0.05362782808101469
10332,1.530556853420273,0.8101579745265006,2,2.0396588015928563,17/11/2004,Shipped,4,11,2004,Vintage Cars,-0.21690838232479187,S18_4409,"AV Stores, Co.",(171) 555-1555,Fauntleroy Circus,,Manchester,CA,EC2 5NT,UK,EMEA,Ashworth,Victoria,Large,1.2399928402646223,0.799665961328234
10344,-1.4469423248454747,0.8101579745265006,4,-0.7335056061370796,25/11/2004,Shipped,4,11,2004,Vintage Cars,-0.21690838232479187,S18_4409,Marseille Mini Autos,91.24.4555,"12, rue des Bouchers",,Marseille,CA,13008,France,EMEA,Lebihan,Laurence,Small,-1.1722518631534757,0.43874625701639614
10367,0.8118501552181959,-1.0380671456159318,8,-0.4653331483873672,12/01/2005,Resolved,1,1,2005,Vintage Cars,-0.21690838232479187,S18_4409,Toys4GrownUps.com,6265557265,78934 Hillside Dr.,,Pasadena,CA,90003,USA,EMEA,Young,Julie,Small,-0.8427549732952039,0.37742182490783666
10380,-0.3175460848136394,0.8101579745265006,1,-0.09625051989020315,16/02/2005,Shipped,1,2,2005,Vintage Cars,-0.21690838232479187,S18_4409,Euro Shopping Channel,(91) 555 94 44,"C/ Moralzarzal, 86",,Madrid,CA,28034,Spain,EMEA,Freyre,Diego,Medium,-0.2572624928914385,0.16101197300123532
10407,-2.9870281067070685,0.3238090359911662,3,-1.6359953896873267,22/04/2005,On Hold,2,4,2005,Vintage Cars,-0.21690838232479187,S18_4409,The Sharp Gifts Warehouse,4085553659,3086 Ingle Ln.,,San Jose,CA,94217,USA,EMEA,Frick,Sue,Small,-0.9672266917113342,-0.6687686979759925
10420,3.1733150207393064,0.46064115325493027,6,1.4014425626676015,29/05/2005,In Process,2,5,2005,Vintage Cars,-0.21690838232479187,S18_4409,Souveniers And Things Co.,+61 2 9495 8555,"Monitor Money Building, 815 Pacific Hwy",Level 6,Chatswood,NSW,2067,Australia,APAC,Huxley,Adrian,Medium,1.461759490794547,-0.06031692812694556
10105,0.6065053843033168,-0.05743697189229139,10,-0.0930683985934261,11/02/2003,Shipped,1,2,2003,Vintage Cars,-0.3413459459938879,S18_4522,Danish Wholesale Imports,31 12 3555,Vinb'ltet 34,,Kobenhavn,CA,1734,Denmark,EMEA,Petersen,Jytte,Medium,-0.034835832710752995,-0.0582325658826731
10117,-1.2415975539305957,0.6822496909973302,4,-0.7131150507285514,16/04/2003,Shipped,2,4,2003,Vintage Cars,-0.3413459459938879,S18_4522,"Dragon Souveniers, Ltd.",+65 221 7555,"Bronz Sok., Bronz Apt. 3/6 Tesvikiye",,Singapore,CA,79903,Singapore,Japan,Natividad,Eric,Small,-0.84707954751219,0.13396449678363853
10128,0.8118501552181959,0.42147543853088165,1,0.22209193557439433,06/06/2003,Shipped,2,6,2003,Vintage Cars,-0.3413459459938879,S18_4522,Euro Shopping Channel,(91) 555 94 44,"C/ Moralzarzal, 86",,Madrid,CA,28034,Spain,EMEA,Freyre,Diego,Medium,0.34217490019195346,-0.12008296461755913
10142,-1.138925168473156,-0.666240740007878,7,-1.0146997820944221,08/08/2003,Shipped,3,8,2003,Vintage Cars,-0.3413459459938879,S18_4522,Mini Gifts Distributors Ltd.,4155551450,5677 Strong St.,,San Rafael,CA,97562,USA,EMEA,Nelson,Valarie,Small,0.7587983470571527,-1.7734981291515748
10153,-1.344269939388035,-0.013809340300946642,6,-0.9337457474658363,28/09/2003,Shipped,3,9,2003,Vintage Cars,-0.3413459459938879,S18_4522,Euro Shopping Channel,(91) 555 94 44,"C/ Moralzarzal, 86",,Madrid,CA,28034,Spain,EMEA,Freyre,Diego,Small,0.018563481049342294,-0.9523092285151785
10166,-0.9335803975582768,-0.4922259821833087,1,-0.8888810953259532,21/10/2003,Shipped,4,10,2003,Vintage Cars,-0.3413459459938879,S18_4522,FunGiftIdeas.com,5085552555,1785 First Street,,New Bedford,MA,50553,USA,EMEA,Benitez,Violeta,Small,0.4595325281352066,-1.34841362346116
10177,-0.009528928441320661,-0.4490941191327749,8,-0.5120115010615908,07/11/2003,Shipped,4,11,2003,Vintage Cars,-0.3413459459938879,S18_4522,CAF Imports,+34 913 728 555,"Merchants House, 27-30 Merchant's Quay",,Madrid,CA,28023,Spain,EMEA,Fernandez,Jesus,Small,0.004279385724634148,-0.5162908867862249
10185,1.2225396970479543,-0.31821122435874,8,0.04148211589725689,14/11/2003,Shipped,4,11,2003,Vintage Cars,-0.3413459459938879,S18_4522,Mini Creations Ltd.,5085559555,4575 Hillside Dr.,,New Bedford,MA,50553,USA,EMEA,Tam,Wing C,Medium,-0.3890258538247926,0.43050796972204947
10197,1.530556853420273,0.8101579745265006,14,0.8344167848357705,26/11/2003,Shipped,4,11,2003,Vintage Cars,-0.3413459459938879,S18_4522,Enaco Distributors,(93) 203 4555,"Rambla de Catalu¤a, 23",,Barcelona,CA,8022,Spain,EMEA,Saavedra,Eduardo,Medium,1.2399928402646223,-0.4055760554288518
10208,1.017194926133075,0.2038330491149675,8,0.2149077265716026,02/01/2004,Shipped,1,1,2004,Vintage Cars,-0.3413459459938879,S18_4522,"Saveley & Henriot, Co.",78.32.5555,"2, rue du Commerce",,Lyon,CA,69004,France,EMEA,Saveley,Mary,Medium,0.2073379433379788,0.007569783233623784
10221,0.40116061338843767,0.2910883122976577,2,-0.033786456277872544,18/02/2004,Shipped,1,2,2004,Vintage Cars,-0.3413459459938879,S18_4522,Petit Auto,(02) 5554 67,Rue Joseph-Bens 532,,Bruxelles,CA,B-1180,Belgium,EMEA,Dewey,Catherine,Medium,0.11677316591153346,-0.150559622189406
10232,-1.2415975539305957,0.2910883122976577,5,-0.8116576363473431,20/03/2004,Shipped,1,3,2004,Vintage Cars,-0.3413459459938879,S18_4522,giftsbymail.co.uk,(198) 555-8888,Garden House Crowther Way,,Cowes,Isle of Wight,PO31 7PJ,UK,EMEA,Bennett,Helen,Small,-0.36141453652655714,-0.450243099820786
10248,0.7091777697607564,-0.4054664875414295,11,-0.2083741385520653,07/05/2004,Cancelled,2,5,2004,Vintage Cars,-0.3413459459938879,S18_4522,Land of Toys Inc.,2125557818,897 Long Airport Avenue,,NYC,NY,10022,USA,EMEA,Yu,Kwai,Medium,-0.2875478193473585,0.07917368079529322
10261,-1.5496147103029143,0.2910883122976577,9,-0.9575084826103689,17/06/2004,Shipped,2,6,2004,Vintage Cars,-0.3413459459938879,S18_4522,Quebec Home Shopping Network,(514) 555-8054,43 rue St. Laurent,,Montreal,Quebec,H1J 1C3,Canada,EMEA,Fresnisre,Jean,Small,-0.4510747307336991,-0.5064337518766698
10273,-0.21487369935619982,-0.6231088769573436,12,-0.655929181485619,21/07/2004,Shipped,3,7,2004,Vintage Cars,-0.3413459459938879,S18_4522,Petit Auto,(02) 5554 67,Rue Joseph-Bens 532,,Bruxelles,CA,B-1180,Belgium,EMEA,Dewey,Catherine,Small,0.13388970949351156,-0.7898188909791305
10283,-0.11220131389876024,0.8101579745265006,14,0.014656724760604431,20/08/2004,Shipped,3,8,2004,Vintage Cars,-0.3413459459938879,S18_4522,"Royal Canadian Collectables, Ltd.",(604) 555-4555,23 Tsawassen Blvd.,,Tsawassen,BC,T2F 8M4,Canada,EMEA,Lincoln,Elizabeth,Medium,-0.0909007892074317,0.10555751396803614
10293,1.4278844679628335,0.8101579745265006,3,0.7559823820872268,09/09/2004,Shipped,3,9,2004,Vintage Cars,-0.3413459459938879,S18_4522,Amica Models & Co.,011-4988555,Via Monte Bianco 34,,Torino,CA,10100,Italy,EMEA,Accorti,Paolo,Medium,1.1568119884226191,-0.40082960633539233
10306,0.40116061338843767,0.33422017534819215,8,-0.015361648155066633,14/10/2004,Shipped,4,10,2004,Vintage Cars,-0.3413459459938879,S18_4522,"AV Stores, Co.",(171) 555-1555,Fauntleroy Circus,,Manchester,CA,EC2 5NT,UK,EMEA,Ashworth,Victoria,Medium,0.13407597054947196,-0.1494376187045386
10315,0.09314345701611891,0.8101579745265006,7,0.02621227786562379,29/10/2004,Shipped,4,10,2004,Vintage Cars,-0.3413459459938879,S18_4522,La Rochelle Gifts,40.67.8555,"67, rue des Cinquante Otages",,Nantes,CA,44000,France,EMEA,Labrune,Janine,Medium,0.07546091447657508,-0.04924863661095129
10326,1.530556853420273,0.11657778593227801,5,0.40542773629416323,09/11/2004,Shipped,4,11,2004,Vintage Cars,-0.3413459459938879,S18_4522,"Volvo Model Replicas, Co",0921-12 3555,Berguvsvgen  8,,Lule,CA,S-958 22,Sweden,EMEA,Berglund,Christina,Medium,0.1784289292152096,0.22699880707895365
10337,-0.6255632411859581,0.8101579745265006,2,0.5127781730108597,21/11/2004,Shipped,4,11,2004,Vintage Cars,-0.3413459459938879,S18_4522,Classic Legends Inc.,2125558493,5905 Pompton St.,Suite 750,NYC,NY,10022,USA,EMEA,Hernandez,Maria,Medium,-0.5068050484174486,1.0195832214283083
10350,-0.5228908557285186,0.8101579745265006,3,-0.2882312644742536,02/12/2004,Shipped,4,12,2004,Vintage Cars,-0.3413459459938879,S18_4522,Euro Shopping Channel,(91) 555 94 44,"C/ Moralzarzal, 86",,Madrid,CA,28034,Spain,EMEA,Freyre,Diego,Medium,-0.42362419657544526,0.13539293210119163
10372,0.6065053843033168,0.16020541752362275,7,0.004670511339490127,26/01/2005,Shipped,1,1,2005,Vintage Cars,-0.3413459459938879,S18_4522,"Tokyo Collectables, Ltd",+81 3 3584 0555,2-2-8 Roppongi,,Minato-ku,Tokyo,106-0032,Japan,Japan,Shimamura,Akiko,Medium,0.09716544832263814,-0.09249493698314801
10383,-0.7282356266433977,-1.2433153215115775,7,-1.0391575881024144,22/02/2005,Shipped,1,2,2005,Vintage Cars,-0.3413459459938879,S18_4522,Euro Shopping Channel,(91) 555 94 44,"C/ Moralzarzal, 86",,Madrid,CA,28034,Spain,EMEA,Freyre,Diego,Small,0.9054265122763211,-1.9445841003787354
10396,1.017194926133075,0.8101579745265006,5,0.6437610190851902,23/03/2005,Shipped,1,3,2005,Vintage Cars,-0.3413459459938879,S18_4522,Mini Gifts Distributors Ltd.,4155551450,5677 Strong St.,,San Rafael,CA,97562,USA,EMEA,Nelson,Valarie,Medium,0.8240885810546055,-0.18032756196941524
10414,-1.9603042521326726,-0.4054664875414295,11,-1.274048098022867,06/05/2005,On Hold,2,5,2005,Vintage Cars,-0.3413459459938879,S18_4522,Gifts4AllAges.com,6175559555,8616 Spinnaker Dr.,,Boston,MA,51003,USA,EMEA,Yoshido,Juri,Small,0.7948376796247636,-2.0688857776476306
10103,0.09314345701611891,0.8101579745265006,5,0.36616709299092487,29/01/2003,Shipped,1,1,2003,Trucks and Buses,0.5048294869559651,S18_4600,Baane Mini Imports,07-98 9555,Erling Skakkes gate 78,,Stavern,CA,4110,Norway,EMEA,Bergulfsen,Jonas,Medium,0.07546091447657508,0.29070617851434977
10114,0.6065053843033168,0.8101579745265006,9,0.685058002808721,01/04/2003,Shipped,2,4,2003,Trucks and Buses,0.5048294869559651,S18_4600,"La Corne D'abondance, Co.",(1) 42.34.2555,"265, boulevard Charonne",,Paris,CA,75012,France,EMEA,Bertrand,Marie,Medium,0.491365173686592,0.19369282912212898
10126,1.530556853420273,0.8101579745265006,5,1.9163923281511537,28/05/2003,Shipped,2,5,2003,Trucks and Buses,0.5048294869559651,S18_4600,"Corrida Auto Replicas, Ltd",(91) 555 22 82,"C/ Araquil, 67",,Madrid,CA,28023,Spain,EMEA,Sommer,Mart¡n,Large,1.2399928402646223,0.6763994878865314
10140,0.5038329988458772,0.8101579745265006,5,0.5687150867960129,24/07/2003,Shipped,3,7,2003,Trucks and Buses,0.5048294869559651,S18_4600,Technics Stores Inc.,6505556809,9408 Furth Circle,,Burlingame,CA,94217,USA,EMEA,Hirano,Juri,Medium,0.4081843218445886,0.16053076495142432
10150,1.4278844679628335,0.8101579745265006,2,1.5819003355933574,19/09/2003,Shipped,3,9,2003,Trucks and Buses,0.5048294869559651,S18_4600,"Dragon Souveniers, Ltd.",+65 221 7555,"Bronz Sok., Bronz Apt. 3/6 Tesvikiye",,Singapore,CA,79903,Singapore,Japan,Natividad,Eric,Medium,1.1568119884226191,0.4250883471707383
10164,1.017194926133075,0.8101579745265006,3,0.7920880552992918,21/10/2003,Resolved,4,10,2003,Trucks and Buses,0.5048294869559651,S18_4600,Mini Auto Werke,7675-3555,Kirchgasse 6,,Graz,CA,8010,Austria,EMEA,Mendel,Roland,Medium,0.8240885810546055,-0.03200052575531365
10175,1.2225396970479543,0.8101579745265006,10,0.8512994044802752,06/11/2003,Shipped,4,11,2003,Trucks and Buses,0.5048294869559651,S18_4600,"Stylish Desk Decors, Co.",(171) 555-0297,35 King George,,London,CA,WX3 6FW,UK,EMEA,Brown,Ann,Medium,0.9904502847386123,-0.1391508802583371
10183,-1.4469423248454747,0.8101579745265006,2,-0.604303879150365,13/11/2003,Shipped,4,11,2003,Trucks and Buses,0.5048294869559651,S18_4600,"Classic Gift Ideas, Inc",2155554695,782 First Street,,Philadelphia,PA,71270,USA,EMEA,Cervantes,Francisca,Small,-1.1722518631534757,0.5679479840031108
10194,-0.3175460848136394,0.8101579745265006,5,0.38456474990812706,25/11/2003,Shipped,4,11,2003,Trucks and Buses,0.5048294869559651,S18_4600,"Saveley & Henriot, Co.",78.32.5555,"2, rue du Commerce",,Lyon,CA,69004,France,EMEA,Saveley,Mary,Medium,-0.2572624928914385,0.6418272427995655
10207,1.2225396970479543,0.8101579745265006,16,1.6856179410002523,09/12/2003,Shipped,4,12,2003,Trucks and Buses,0.5048294869559651,S18_4600,Diecast Collectables,6175552555,6251 Ingle Ln.,,Boston,MA,51003,USA,EMEA,Franco,Valarie,Medium,0.9904502847386123,0.69516765626164
10217,0.29848822793099805,0.8101579745265006,5,0.5186917055913891,04/02/2004,Shipped,1,2,2004,Trucks and Buses,0.5048294869559651,S18_4600,Handji Gifts& Co,+65 224 1555,Village Close - 106 Linden Road Sandown,2nd Floor,Singapore,CA,69045,Singapore,APAC,Victorino,Wendy,Medium,0.24182261816058184,0.2768690874308073
10229,0.6065053843033168,0.8101579745265006,10,0.6311791504083433,11/03/2004,Shipped,1,3,2004,Trucks and Buses,0.5048294869559651,S18_4600,Mini Gifts Distributors Ltd.,4155551450,5677 Strong St.,,San Rafael,CA,97562,USA,EMEA,Nelson,Valarie,Medium,0.491365173686592,0.13981397672175128
10245,-1.4469423248454747,0.8101579745265006,3,-0.6319003645261682,04/05/2004,Shipped,2,5,2004,Trucks and Buses,0.5048294869559651,S18_4600,Super Scale Inc.,2035559545,567 North Pendale Street,,New Haven,CT,97823,USA,EMEA,Murphy,Leslie,Small,-1.1722518631534757,0.5403514986273076
10259,0.6065053843033168,0.8101579745265006,13,0.6042397242081546,15/06/2004,Shipped,2,6,2004,Trucks and Buses,0.5048294869559651,S18_4600,Handji Gifts& Co,+65 224 1555,Village Close - 106 Linden Road Sandown,2nd Floor,Singapore,CA,69045,Singapore,APAC,Victorino,Wendy,Medium,0.491365173686592,0.11287455052156264
10270,0.29848822793099805,0.8101579745265006,3,0.9932947795475471,19/07/2004,Shipped,3,7,2004,Trucks and Buses,0.5048294869559651,S18_4600,Souveniers And Things Co.,+61 2 9495 8555,"Monitor Money Building, 815 Pacific Hwy",Level 6,Chatswood,NSW,2067,Australia,APAC,Huxley,Adrian,Medium,0.24182261816058184,0.7514721613869653
10281,-1.0362527830157164,0.7749584081289386,10,-0.5819258554916312,19/08/2004,Shipped,3,8,2004,Trucks and Buses,0.5048294869559651,S18_4600,Diecast Classics Inc.,2155551555,7586 Pompton St.,,Allentown,PA,70267,USA,EMEA,Yu,Kyung,Small,-0.803052807145042,0.22112695165341079
10291,1.325212082505394,0.8101579745265006,5,0.9420115824029025,08/09/2004,Shipped,3,9,2004,Trucks and Buses,0.5048294869559651,S18_4600,Scandinavian Gift Ideas,0695-34 6555,?kergatan 24,,Boras,CA,S-844 67,Sweden,EMEA,Larsson,Maria,Medium,1.0736311365806157,-0.1316195541777132
10305,-1.344269939388035,0.7749584081289386,14,-0.7436764477563003,13/10/2004,Shipped,4,10,2004,Trucks and Buses,0.5048294869559651,S18_4600,Marta's Replicas Co.,6175558555,39323 Spinnaker Dr.,,Cambridge,MA,51247,USA,EMEA,Hernandez,Marta,Small,-1.0417532923237365,0.2980768445674362
10313,-0.7282356266433977,0.8101579745265006,8,-0.3649822924753557,22/10/2004,Shipped,4,10,2004,Trucks and Buses,0.5048294869559651,S18_4600,Canadian Gift Exchange Network,(604) 555-3392,1900 Oak St.,,Vancouver,BC,V3F 2K1,Canada,EMEA,Tannamuri,Yoshi,Small,-0.589985900259452,0.22500360778409628
10323,1.2225396970479543,0.8101579745265006,1,1.4385636909692527,05/11/2004,Shipped,4,11,2004,Trucks and Buses,0.5048294869559651,S18_4600,"Blauer See Auto, Co.",+49 69 66 90 2555,Lyonerstr. 34,,Frankfurt,CA,60528,Germany,EMEA,Keitel,Roland,Medium,0.9904502847386123,0.44811340623064044
10334,1.4278844679628335,0.8101579745265006,4,1.7428798336188756,19/11/2004,On Hold,4,11,2004,Trucks and Buses,0.5048294869559651,S18_4600,"Volvo Model Replicas, Co",0921-12 3555,Berguvsvgen  8,,Lule,CA,S-958 22,Sweden,EMEA,Berglund,Christina,Medium,1.1568119884226191,0.5860678451962564
10347,1.017194926133075,0.8101579745265006,4,1.2656593834425014,29/11/2004,Shipped,4,11,2004,Trucks and Buses,0.5048294869559651,S18_4600,"Australian Collectors, Co.",03 9520 4555,636 St Kilda Road,Level 3,Melbourne,Victoria,3004,Australia,APAC,Ferguson,Peter,Medium,0.8240885810546055,0.4415708023878959
10357,-0.7282356266433977,0.8101579745265006,2,0.003122892620067922,10/12/2004,Shipped,4,12,2004,Trucks and Buses,0.5048294869559651,S18_4600,Mini Gifts Distributors Ltd.,4155551450,5677 Strong St.,,San Rafael,CA,97562,USA,EMEA,Nelson,Valarie,Medium,-0.589985900259452,0.5931087928795199
10370,-0.6255632411859581,-1.2953710182967049,6,-1.023882319829661,20/01/2005,Shipped,1,1,2005,Trucks and Buses,0.5048294869559651,S18_4600,"Anna's Decorations, Ltd",02 9936 8555,201 Miller Street,Level 15,North Sydney,NSW,2060,Australia,APAC,O'Hara,Anna,Small,0.8103364927440417,-1.8342188125737027
10382,0.40116061338843767,0.8101579745265006,1,0.7258662648313818,17/02/2005,Shipped,1,2,2005,Trucks and Buses,0.5048294869559651,S18_4600,Mini Gifts Distributors Ltd.,4155551450,5677 Strong St.,,San Rafael,CA,97562,USA,EMEA,Nelson,Valarie,Medium,0.3250034700025852,0.4008627948287966
10411,1.1198673115905147,0.8101579745265006,3,0.9132747463917356,01/05/2005,Shipped,2,5,2005,Trucks and Buses,0.5048294869559651,S18_4600,Quebec Home Shopping Network,(514) 555-8054,43 rue St. Laurent,,Montreal,Quebec,H1J 1C3,Canada,EMEA,Fresnisre,Jean,Medium,0.9072694328966089,0.006005313495126674
10425,0.29848822793099805,0.8101579745265006,13,0.4188187108980062,31/05/2005,In Process,2,5,2005,Trucks and Buses,0.5048294869559651,S18_4600,La Rochelle Gifts,40.67.8555,"67, rue des Cinquante Otages",,Nantes,CA,44000,France,EMEA,Labrune,Janine,Medium,0.24182261816058184,0.17699609273742437
10103,0.6065053843033168,-1.803038004086901,9,-0.8769834370303246,29/01/2003,Shipped,1,1,2003,Vintage Cars,-1.2621839171451985,S18_4668,Baane Mini Imports,07-98 9555,Erling Skakkes gate 78,,Stavern,CA,4110,Norway,EMEA,Bergulfsen,Jonas,Small,-1.0935522575822112,0.21656882055188664
10113,1.530556853420273,-1.6781043318025948,3,-0.5774459065669878,26/03/2003,Shipped,1,3,2003,Vintage Cars,-1.2621839171451985,S18_4668,Mini Gifts Distributors Ltd.,4155551450,5677 Strong St.,,San Rafael,CA,97562,USA,EMEA,Nelson,Valarie,Small,-2.568434085794709,1.9909881792277213
10126,0.8118501552181959,-1.4788053783966781,9,-0.6729149757114181,28/05/2003,Shipped,2,5,2003,Vintage Cars,-1.2621839171451985,S18_4668,"Corrida Auto Replicas, Ltd",(91) 555 22 82,"C/ Araquil, 67",,Madrid,CA,28023,Spain,EMEA,Sommer,Mart¡n,Small,-1.2005683759888461,0.527653400277428
10140,-0.6255632411859581,-2.0023369574928176,9,-1.2484445111383904,24/07/2003,Shipped,3,7,2003,Vintage Cars,-1.2621839171451985,S18_4668,Technics Stores Inc.,6505556809,9408 Furth Circle,,Burlingame,CA,94217,USA,EMEA,Hirano,Juri,Small,1.2525883970756369,-2.501032908214027
10150,-0.5228908557285186,-2.0276211530741657,6,-1.233256126723569,19/09/2003,Shipped,3,9,2003,Vintage Cars,-1.2621839171451985,S18_4668,"Dragon Souveniers, Ltd.",+65 221 7555,"Bronz Sok., Bronz Apt. 3/6 Tesvikiye",,Singapore,CA,79903,Singapore,Japan,Natividad,Eric,Small,1.060224559824196,-2.293480686547765
10164,-1.0362527830157164,-1.4788053783966781,7,-1.19907275886826,21/10/2003,Resolved,4,10,2003,Vintage Cars,-1.2621839171451985,S18_4668,Mini Auto Werke,7675-3555,Kirchgasse 6,,Graz,CA,8010,Austria,EMEA,Mendel,Roland,Small,1.5324161889021672,-2.731488947770427
10174,1.4278844679628335,-1.9274759078303962,2,-0.7383330904934531,06/11/2003,Shipped,4,11,2003,Vintage Cars,-1.2621839171451985,S18_4668,"Australian Gift Network, Co",61-7-3844-6555,31 Duncan St. West End,,South Brisbane,Queensland,4101,Australia,APAC,Calaghan,Tony,Small,-2.7522129111635847,2.0138798206701316
10183,0.5038329988458772,-1.7033885273839426,6,-0.8590039086794226,13/11/2003,Shipped,4,11,2003,Vintage Cars,-1.2621839171451985,S18_4668,"Classic Gift Ideas, Inc",2155554695,782 First Street,,Philadelphia,PA,71270,USA,EMEA,Cervantes,Francisca,Small,-0.8582233499515144,-0.0007805587279081649
10194,0.6065053843033168,-1.9274759078303962,9,-0.9328660484042699,25/11/2003,Shipped,4,11,2003,Vintage Cars,-1.2621839171451985,S18_4668,"Saveley & Henriot, Co.",78.32.5555,"2, rue du Commerce",,Lyon,CA,69004,France,EMEA,Saveley,Mary,Small,-1.169024516214059,0.236158467809789
10206,-1.4469423248454747,-1.503593805437215,4,-1.3216984638577103,05/12/2003,Shipped,4,12,2003,Vintage Cars,-1.2621839171451985,S18_4668,Canadian Gift Exchange Network,(604) 555-3392,1900 Oak St.,,Vancouver,BC,V3F 2K1,Canada,EMEA,Tannamuri,Yoshi,Small,2.1756135164625783,-3.497311980320289
10215,1.1198673115905147,-1.9026874807898593,1,-0.7987933951322156,29/01/2004,Shipped,1,1,2004,Vintage Cars,-1.2621839171451985,S18_4668,West Coast Collectables Co.,3105553722,3675 Furth Circle,,Burbank,CA,94019,USA,EMEA,Thompson,Steve,Small,-2.1307575139090686,1.331964118776853
10229,0.40116061338843767,-2.1520590568176607,14,-1.0774353577627915,11/03/2004,Shipped,1,3,2004,Vintage Cars,-1.2621839171451985,S18_4668,Mini Gifts Distributors Ltd.,4155551450,5677 Strong St.,,San Rafael,CA,97562,USA,EMEA,Nelson,Valarie,Small,-0.8633213312811154,-0.2141140264816761
10245,1.017194926133075,-1.1793611797469923,7,-0.46685904614230633,04/05/2004,Shipped,2,5,2004,Vintage Cars,-1.2621839171451985,S18_4668,Super Scale Inc.,2035559545,567 North Pendale Street,,New Haven,CT,97823,USA,EMEA,Murphy,Leslie,Small,-1.1996402081169582,0.7327811619746518
10258,-1.4469423248454747,-1.1793611797469923,4,-1.24711953230492,15/06/2004,Shipped,2,6,2004,Vintage Cars,-1.2621839171451985,S18_4668,"Tokyo Collectables, Ltd",+81 3 3584 0555,2-2-8 Roppongi,,Minato-ku,Tokyo,106-0032,Japan,Japan,Shimamura,Akiko,Small,1.7064676072556149,-2.953587139560535
10270,0.9145225406756355,-1.2542222294094136,7,-0.5354484217388764,19/07/2004,Shipped,3,7,2004,Vintage Cars,-1.2621839171451985,S18_4668,Souveniers And Things Co.,+61 2 9495 8555,"Monitor Money Building, 815 Pacific Hwy",Level 6,Chatswood,NSW,2067,Australia,APAC,Huxley,Adrian,Small,-1.1470144998113567,0.6115660780724803
10281,0.9145225406756355,-1.1793611797469923,14,-0.4993698997324152,19/08/2004,Shipped,3,8,2004,Vintage Cars,-1.2621839171451985,S18_4668,Diecast Classics Inc.,2155551555,7586 Pompton St.,,Allentown,PA,70267,USA,EMEA,Yu,Kyung,Small,-1.0785523824764343,0.5791824827440191
10291,-0.6255632411859581,-1.5784548550996365,9,-1.1138016825486543,08/09/2004,Shipped,3,9,2004,Vintage Cars,-1.2621839171451985,S18_4668,Scandinavian Gift Ideas,0695-34 6555,?kergatan 24,,Boras,CA,S-844 67,Sweden,EMEA,Larsson,Maria,Small,0.9874233352218403,-2.1012250177704948
10304,-0.11220131389876024,-1.7033885273839426,4,-1.0196304410320902,11/10/2004,Shipped,4,10,2004,Vintage Cars,-1.2621839171451985,S18_4668,Auto Assoc. & Cie.,30.59.8555,"67, avenue de l'Europe",,Versailles,CA,78000,France,EMEA,Tonini,Daniel,Small,0.1911224308525527,-1.210752871884643
10312,0.40116061338843767,-1.329083279071835,1,-0.7258815476035048,21/10/2004,Shipped,4,10,2004,Vintage Cars,-1.2621839171451985,S18_4668,Mini Gifts Distributors Ltd.,4155551450,5677 Strong St.,,San Rafael,CA,97562,USA,EMEA,Nelson,Valarie,Small,-0.5331758634767734,-0.1927056841267314
10324,0.29848822793099805,0.8101579745265006,6,1.7801041365018215,05/11/2004,Shipped,4,11,2004,Vintage Cars,-1.2621839171451985,S18_4668,Vitachrome Inc.,2125551500,2678 Kingston Rd.,Suite 101,NYC,NY,10022,USA,EMEA,Frick,Michael,Medium,0.24182261816058184,1.5382815183412397
10333,-1.138925168473156,-0.18831986666632633,8,-0.8890657235240597,18/11/2004,Shipped,4,11,2004,Vintage Cars,-1.2621839171451985,S18_4668,Mini Wheels Co.,6505555787,5557 North Pendale Street,,San Francisco,CA,,USA,EMEA,Murphy,Julie,Small,0.214482235869788,-1.1035479593938478
10348,-0.6255632411859581,0.8101579745265006,6,1.9314883984669218,01/11/2004,Shipped,4,11,2004,Vintage Cars,-1.2621839171451985,S18_4668,"Corrida Auto Replicas, Ltd",(91) 555 22 82,"C/ Araquil, 67",,Madrid,CA,28023,Spain,EMEA,Sommer,Mart¡n,Large,-0.5068050484174486,2.43829344688437
10358,-0.5228908557285186,0.8101579745265006,8,0.9497008038299267,10/12/2004,Shipped,4,12,2004,Vintage Cars,-1.2621839171451985,S18_4668,Euro Shopping Channel,(91) 555 94 44,"C/ Moralzarzal, 86",,Madrid,CA,28034,Spain,EMEA,Freyre,Diego,Medium,-0.42362419657544526,1.373325000405372
10370,-1.5496147103029143,0.8101579745265006,2,-0.4473916317243107,20/01/2005,Shipped,1,1,2005,Vintage Cars,-1.2621839171451985,S18_4668,"Anna's Decorations, Ltd",02 9936 8555,201 Miller Street,Level 15,North Sydney,NSW,2060,Australia,APAC,O'Hara,Anna,Small,-1.2554327149954791,0.8080410832711684
10382,0.40116061338843767,0.8101579745265006,2,2.320565174770797,17/02/2005,Shipped,1,2,2005,Vintage Cars,-1.2621839171451985,S18_4668,Mini Gifts Distributors Ltd.,4155551450,5677 Strong St.,,San Rafael,CA,97562,USA,EMEA,Nelson,Valarie,Large,0.3250034700025852,1.995561704768212
10411,-0.009528928441320661,-1.1793611797469923,7,-0.7919675820433955,01/05/2005,Shipped,2,5,2005,Vintage Cars,-1.2621839171451985,S18_4668,Quebec Home Shopping Network,(514) 555-8054,43 rue St. Laurent,,Montreal,Quebec,H1J 1C3,Canada,EMEA,Fresnisre,Jean,Small,0.011238048288280603,-0.803205630331676
10424,-0.9335803975582768,-1.1793611797469923,4,-1.0845652643543755,31/05/2005,In Process,2,5,2005,Vintage Cars,-1.2621839171451985,S18_4668,Euro Shopping Channel,(91) 555 94 44,"C/ Moralzarzal, 86",,Madrid,CA,28034,Spain,EMEA,Freyre,Diego,Small,1.1010284790529954,-2.185593743407371
10108,0.9145225406756355,0.8101579745265006,11,1.0921468889102233,03/03/2003,Shipped,1,3,2003,Classic Cars,1.1767923307690837,S18_4721,Cruz & Sons Co.,+63 2 555 3587,15 McCallum Street - NatWest Center #13-03,,Makati City,CA,1227 MM,Philippines,Japan,Cruz,Arnold,Medium,0.7409077292126022,0.3512391596976211
10122,-0.7282356266433977,0.8101579745265006,15,0.015894819736142096,08/05/2003,Shipped,2,5,2003,Classic Cars,1.1767923307690837,S18_4721,Marseille Mini Autos,91.24.4555,"12, rue des Bouchers",,Marseille,CA,13008,France,EMEA,Lebihan,Laurence,Medium,-0.589985900259452,0.605880719995594
10135,-0.42021847027107895,0.8101579745265006,12,0.625178733969882,02/07/2003,Shipped,3,7,2003,Classic Cars,1.1767923307690837,S18_4721,Mini Gifts Distributors Ltd.,4155551450,5677 Strong St.,,San Rafael,CA,97562,USA,EMEA,Nelson,Valarie,Medium,-0.34044334473344184,0.9656220787033238
10146,-0.6255632411859581,0.8101579745265006,1,0.483644929397876,03/09/2003,Shipped,3,9,2003,Classic Cars,1.1767923307690837,S18_4721,Gift Ideas Corp.,2035554407,2440 Pompton St.,,Glendale,CT,97561,USA,EMEA,Lewis,Dan,Medium,-0.5068050484174486,0.9904499778153246
10159,-0.3175460848136394,0.8101579745265006,7,0.5783157530975518,10/10/2003,Shipped,4,10,2003,Classic Cars,1.1767923307690837,S18_4721,Corporate Gift Ideas Co.,6505551386,7734 Strong St.,,San Francisco,CA,,USA,EMEA,Brown,Julie,Medium,-0.2572624928914385,0.8355782459889902
10169,-0.21487369935619982,0.8101579745265006,7,0.7366181422505255,04/11/2003,Shipped,4,11,2003,Classic Cars,1.1767923307690837,S18_4721,"Anna's Decorations, Ltd",02 9936 8555,201 Miller Street,Level 15,North Sydney,NSW,2060,Australia,APAC,O'Hara,Anna,Medium,-0.17408164104943508,0.9106997832999606
10180,0.9145225406756355,0.8101579745265006,2,1.0921468889102233,11/11/2003,Shipped,4,11,2003,Classic Cars,1.1767923307690837,S18_4721,Daedalus Designs Imports,20.16.1555,"184, chausse de Tournai",,Lille,CA,59000,France,EMEA,Rance,Martine,Medium,0.7409077292126022,0.3512391596976211
10191,-0.3175460848136394,0.8101579745265006,8,0.37135840350239063,20/11/2003,Shipped,4,11,2003,Classic Cars,1.1767923307690837,S18_4721,"Toms Spezialitten, Ltd",0221-5554327,Mehrheimerstr. 369,,Koln,CA,50739,Germany,EMEA,Pfalzheim,Henriette,Medium,-0.2572624928914385,0.6286208963938291
10211,0.6065053843033168,0.8101579745265006,7,1.1510432841062015,15/01/2004,Shipped,1,1,2004,Classic Cars,1.1767923307690837,S18_4721,Auto Canal Petit,(1) 47.55.6555,"25, rue Lauriston",,Paris,CA,75016,France,EMEA,Perrier,Dominique,Medium,0.491365173686592,0.6596781104196094
10225,-0.009528928441320661,0.8101579745265006,14,0.9265408254498003,22/02/2004,Shipped,1,2,2004,Classic Cars,1.1767923307690837,S18_4721,"Vida Sport, Ltd",0897-034555,Grenzacherweg 237,,Gensve,CA,1203,Switzerland,EMEA,Holz,Michael,Medium,-0.007719937365428311,0.9342607628152286
10238,0.9145225406756355,0.8101579745265006,8,1.5188769571455862,09/04/2004,Shipped,2,4,2004,Classic Cars,1.1767923307690837,S18_4721,Danish Wholesale Imports,31 12 3555,Vinb'ltet 34,,Kobenhavn,CA,1734,Denmark,EMEA,Petersen,Jytte,Medium,0.7409077292126022,0.7779692279329841
10252,-0.9335803975582768,0.8101579745265006,4,0.0029925668331693242,26/05/2004,Shipped,2,5,2004,Classic Cars,1.1767923307690837,S18_4721,Auto Canal Petit,(1) 47.55.6555,"25, rue Lauriston",,Paris,CA,75016,France,EMEA,Perrier,Dominique,Medium,-0.7563476039434588,0.7593401707766281
10264,-1.5496147103029143,0.8101579745265006,2,-0.6208335331220188,30/06/2004,Shipped,2,6,2004,Classic Cars,1.1767923307690837,S18_4721,Gifts4AllAges.com,6175559555,8616 Spinnaker Dr.,,Boston,MA,51003,USA,EMEA,Yoshido,Juri,Small,-1.2554327149954791,0.6345991818734603
10276,1.325212082505394,0.8101579745265006,8,1.1729488767874274,02/08/2004,Shipped,3,8,2004,Classic Cars,1.1767923307690837,S18_4721,Online Mini Collectables,6175557555,7635 Spinnaker Dr.,,Brickhaven,MA,58339,USA,EMEA,Barajas,Miguel,Medium,1.0736311365806157,0.09931774020681172
10287,-0.11220131389876024,0.8101579745265006,17,0.405329991953989,30/08/2004,Shipped,3,8,2004,Classic Cars,1.1767923307690837,S18_4721,"Vida Sport, Ltd",0897-034555,Grenzacherweg 237,,Gensve,CA,1203,Switzerland,EMEA,Holz,Michael,Medium,-0.0909007892074317,0.4962307811614207
10299,1.4278844679628335,0.8101579745265006,2,2.3857334984612764,30/09/2004,Shipped,3,9,2004,Classic Cars,1.1767923307690837,S18_4721,"Toys of Finland, Co.",90-224 8555,Keskuskatu 45,,Helsinki,CA,21240,Finland,EMEA,Karttunen,Matti,Large,1.1568119884226191,1.2289215100386572
10310,0.5038329988458772,0.8101579745265006,15,0.9790241058821378,16/10/2004,Shipped,4,10,2004,Classic Cars,1.1767923307690837,S18_4721,"Toms Spezialitten, Ltd",0221-5554327,Mehrheimerstr. 369,,Koln,CA,50739,Germany,EMEA,Pfalzheim,Henriette,Medium,0.4081843218445886,0.5708397840375492
10319,1.017194926133075,0.8101579745265006,3,2.3606403542421526,03/11/2004,Shipped,4,11,2004,Classic Cars,1.1767923307690837,S18_4721,Microscale Inc.,2125551957,5290 North Pendale Street,Suite 200,NYC,NY,10022,USA,EMEA,Kuo,Kee,Large,0.8240885810546055,1.536551773187547
10330,1.530556853420273,0.8101579745265006,4,1.3831426500905735,16/11/2004,Shipped,4,11,2004,Classic Cars,1.1767923307690837,S18_4721,Cruz & Sons Co.,+63 2 555 3587,15 McCallum Street - NatWest Center #13-03,,Makati City,CA,1227 MM,Philippines,Japan,Cruz,Arnold,Medium,1.2399928402646223,0.14314980982595116
10342,0.29848822793099805,0.8101579745265006,11,1.4784216607957765,24/11/2004,Shipped,4,11,2004,Classic Cars,1.1767923307690837,S18_4721,"Australian Collectors, Co.",03 9520 4555,636 St Kilda Road,Level 3,Melbourne,Victoria,3004,Australia,APAC,Ferguson,Peter,Medium,0.24182261816058184,1.2365990426351947
10355,-1.0362527830157164,0.8101579745265006,2,0.3527543974225988,07/12/2004,Shipped,4,12,2004,Classic Cars,1.1767923307690837,S18_4721,Euro Shopping Channel,(91) 555 94 44,"C/ Moralzarzal, 86",,Madrid,CA,28034,Spain,EMEA,Freyre,Diego,Medium,-0.8395284557854622,1.192282853208061
10363,-0.7282356266433977,-1.263146063144007,13,-1.045239458157688,06/01/2005,Shipped,1,1,2005,Classic Cars,1.1767923307690837,S18_4721,Suominen Souveniers,+358 9 8045 555,"Software Engineering Center, SEC Oy",,Espoo,CA,FIN-02271,Finland,EMEA,Suominen,Kalle,Small,0.9198679648358168,-1.9651074229935048
10378,1.4278844679628335,-0.8189374505775854,8,-0.14337415233633047,10/02/2005,Shipped,1,2,2005,Classic Cars,1.1767923307690837,S18_4721,Euro Shopping Channel,(91) 555 94 44,"C/ Moralzarzal, 86",,Madrid,CA,28034,Spain,EMEA,Freyre,Diego,Medium,-1.1693480659128148,1.0259739135764843
10390,1.4278844679628335,0.8101579745265006,3,1.7968944420472723,04/03/2005,Shipped,1,3,2005,Classic Cars,1.1767923307690837,S18_4721,Mini Gifts Distributors Ltd.,4155551450,5677 Strong St.,,San Rafael,CA,97562,USA,EMEA,Nelson,Valarie,Medium,1.1568119884226191,0.6400824536246532
10110,0.7091777697607564,-1.1089620469518673,9,-0.5320056488683023,18/03/2003,Shipped,1,3,2003,Classic Cars,-0.7395461497349952,S18_4933,"AV Stores, Co.",(171) 555-1555,Fauntleroy Circus,,Manchester,CA,EC2 5NT,UK,EMEA,Ashworth,Victoria,Small,-0.7864512312066485,0.25444558233834624
10124,-1.2415975539305957,-1.2854556474804903,8,-1.2088254719211806,21/05/2003,Shipped,2,5,2003,Classic Cars,-0.7395461497349952,S18_4933,Signal Gift Stores,7025551838,8489 Strong St.,,Las Vegas,NV,83030,USA,EMEA,King,Sue,Small,1.5960185875980468,-2.8048440595192274
10148,-0.6255632411859581,-0.11940803949363367,2,-0.6503468936134572,11/09/2003,Shipped,3,9,2003,Classic Cars,-0.7395461497349952,S18_4933,"Anna's Decorations, Ltd",02 9936 8555,201 Miller Street,Level 15,North Sydney,NSW,2060,Australia,APAC,O'Hara,Anna,Small,0.07469728020929836,-0.7250441738227555
10161,-1.0362527830157164,-0.1546076058911958,1,-0.8364684080281862,17/10/2003,Shipped,4,10,2003,Classic Cars,-0.7395461497349952,S18_4933,Heintze Collectables,86 21 3555,Smagsloget 45,,Aaarhus,CA,8200,Denmark,EMEA,Ibsen,Palle,Small,0.1602125618801487,-0.996680969908335
10173,0.40116061338843767,-0.5789854768251879,15,-0.40545930978964884,05/11/2003,Shipped,4,11,2003,Classic Cars,-0.7395461497349952,S18_4933,Rovelli Gifts,035-640555,Via Ludovico il Moro 22,,Bergamo,CA,24100,Italy,EMEA,Rovelli,Giovanni,Small,-0.23226616902618943,-0.1731931407634594
10182,0.9145225406756355,-0.6850799445586859,12,-0.26115608224604525,12/11/2003,Shipped,4,11,2003,Classic Cars,-0.7395461497349952,S18_4933,Mini Gifts Distributors Ltd.,4155551450,5677 Strong St.,,San Rafael,CA,97562,USA,EMEA,Nelson,Valarie,Medium,-0.626521051463733,0.3653649692176878
10193,-1.0362527830157164,-0.36679654135819184,16,-0.8945719880205305,21/11/2003,Shipped,4,11,2003,Classic Cars,-0.7395461497349952,S18_4933,"Australian Collectables, Ltd",61-9-3844-6555,7 Allen Street,,Glen Waverly,Victoria,3150,Australia,APAC,Connery,Sean,Small,0.38009393678296566,-1.2746659248034962
10204,1.017194926133075,-0.36679654135819184,6,-0.06635161227918938,02/12/2003,Shipped,4,12,2003,Classic Cars,-0.7395461497349952,S18_4933,Muscle Machine Inc,2125557413,4092 Furth Circle,Suite 400,NYC,NY,10022,USA,EMEA,Young,Jeff,Medium,-0.37310358079271333,0.30675196851352393
10213,-1.0362527830157164,-0.01331357176013565,2,-0.7977779400426298,22/01/2004,Shipped,1,1,2004,Classic Cars,-0.7395461497349952,S18_4933,"Double Decker Gift Stores, Ltd",(171) 555-7555,120 Hanover Sq.,,London,CA,WA1 1DP,UK,EMEA,Hardy,Thomas,Small,0.013796225788320017,-0.8115741658309499
10227,0.1958158424735585,-1.2854556474804903,12,-0.7699425240575123,02/03/2004,Shipped,1,3,2004,Classic Cars,-0.7395461497349952,S18_4933,"Saveley & Henriot, Co.",78.32.5555,"2, rue du Commerce",,Lyon,CA,69004,France,EMEA,Saveley,Mary,Small,-0.2517125805737858,-0.5182299434837265
10241,-0.5228908557285186,-0.8263739786897467,4,-0.8385318996540825,13/04/2004,Shipped,2,4,2004,Classic Cars,-0.7395461497349952,S18_4933,Mini Caravy,88.60.1555,"24, place Kluber",,Strasbourg,CA,67000,France,EMEA,Citeaux,Frederique,Small,0.43210339686886223,-1.2706352965229448
10267,0.09314345701611891,-0.4019961077557547,1,-0.452930477667506,07/07/2004,Shipped,3,7,2004,Classic Cars,-0.7395461497349952,S18_4933,Muscle Machine Inc,2125557413,4092 Furth Circle,Suite 400,NYC,NY,10022,USA,EMEA,Young,Jeff,Small,-0.03744330718339524,-0.41548717048411077
10279,-0.9335803975582768,-1.14416161334943,1,-1.074541039245416,09/08/2004,Shipped,3,8,2004,Classic Cars,-0.7395461497349952,S18_4933,Euro Shopping Channel,(91) 555 94 44,"C/ Moralzarzal, 86",,Madrid,CA,28034,Spain,EMEA,Freyre,Diego,Small,1.0681668538616802,-2.1427078931070964
10288,-1.2415975539305957,-0.5080905754892526,7,-1.0129892561413765,01/09/2004,Shipped,3,9,2004,Classic Cars,-0.7395461497349952,S18_4933,Handji Gifts& Co,+65 224 1555,Village Close - 106 Linden Road Sandown,2nd Floor,Singapore,CA,69045,Singapore,APAC,Victorino,Wendy,Small,0.6308440157026447,-1.6438332718440212
10302,-1.2415975539305957,-0.5432901418868148,3,-1.02185683989161,06/10/2003,Shipped,4,10,2003,Classic Cars,-0.7395461497349952,S18_4933,"UK Collectables, Ltd.",(171) 555-2282,Berkeley Gardens 12  Brewery,,Liverpool,CA,WX1 6LT,UK,EMEA,Devon,Elizabeth,Small,0.6745477112412755,-1.6964045511328854
10311,-1.0362527830157164,-0.8263739786897467,2,-1.0204178259946033,16/10/2004,Shipped,4,10,2004,Classic Cars,-0.7395461497349952,S18_4933,Euro Shopping Channel,(91) 555 94 44,"C/ Moralzarzal, 86",,Madrid,CA,28034,Spain,EMEA,Freyre,Diego,Small,0.8563323352290204,-1.8767501612236237
10332,-1.4469423248454747,0.8101579745265006,3,-0.04393557693261009,17/11/2004,Shipped,4,11,2004,Classic Cars,-0.7395461497349952,S18_4933,"AV Stores, Co.",(171) 555-1555,Fauntleroy Circus,,Manchester,CA,EC2 5NT,UK,EMEA,Ashworth,Victoria,Medium,-1.1722518631534757,1.1283162862208655
10344,-0.9335803975582768,-1.0028675792183694,5,-1.0343029525404372,25/11/2004,Shipped,4,11,2004,Classic Cars,-0.7395461497349952,S18_4933,Marseille Mini Autos,91.24.4555,"12, rue des Bouchers",,Marseille,CA,13008,France,EMEA,Lebihan,Laurence,Small,0.936257513304992,-1.9705604658454292
10367,0.9145225406756355,0.07889937683066164,9,0.10703598670731101,12/01/2005,Resolved,1,1,2005,Classic Cars,-0.7395461497349952,S18_4933,Toys4GrownUps.com,6265557265,78934 Hillside Dr.,,Pasadena,CA,90003,USA,EMEA,Young,Julie,Medium,0.07215525855690105,0.03488072815040996
10380,-1.138925168473156,0.8101579745265006,2,0.5333099146885285,16/02/2005,Shipped,1,2,2005,Classic Cars,-0.7395461497349952,S18_4933,Euro Shopping Channel,(91) 555 94 44,"C/ Moralzarzal, 86",,Madrid,CA,28034,Spain,EMEA,Freyre,Diego,Medium,-0.9227093076274656,1.456019222315994
10407,3.1733150207393064,-0.8263739786897467,4,0.47104676999766687,22/04/2005,On Hold,2,4,2005,Classic Cars,-0.7395461497349952,S18_4933,The Sharp Gifts Warehouse,4085553659,3086 Ingle Ln.,,San Jose,CA,94217,USA,EMEA,Frick,Sue,Medium,-2.622344959324277,3.0933917293219437
10420,0.09314345701611891,-1.2854556474804903,7,-0.8012913060477743,29/05/2005,In Process,2,5,2005,Classic Cars,-0.7395461497349952,S18_4933,Souveniers And Things Co.,+61 2 9495 8555,"Monitor Money Building, 815 Pacific Hwy",Level 6,Chatswood,NSW,2067,Australia,APAC,Huxley,Adrian,Small,-0.11973178284722635,-0.681559523200548
10110,0.09314345701611891,0.07889937683066164,13,-0.2633064577298741,18/03/2003,Shipped,1,3,2003,Classic Cars,-0.6897711242673568,S24_1046,"AV Stores, Co.",(171) 555-1555,Fauntleroy Circus,,Manchester,CA,EC2 5NT,UK,EMEA,Ashworth,Victoria,Medium,0.007348960714425301,-0.2706554184442994
10124,-1.344269939388035,-0.28549050066523074,12,-0.999212734417958,21/05/2003,Shipped,2,5,2003,Classic Cars,-0.6897711242673568,S24_1046,Signal Gift Stores,7025551838,8489 Strong St.,,Las Vegas,NV,83030,USA,EMEA,King,Sue,Small,0.3837762980251095,-1.3829890324430676
10148,-1.0362527830157164,-1.1600262066553735,6,-1.111781632851724,11/09/2003,Shipped,3,9,2003,Classic Cars,-0.6897711242673568,S24_1046,"Anna's Decorations, Ltd",02 9936 8555,201 Miller Street,Level 15,North Sydney,NSW,2060,Australia,APAC,O'Hara,Anna,Small,1.2020803850177955,-2.3138620178695195
10161,0.1958158424735585,-0.5403155306419503,5,-0.46796138508982477,17/10/2003,Shipped,4,10,2003,Classic Cars,-0.6897711242673568,S24_1046,Heintze Collectables,86 21 3555,Smagsloget 45,,Aaarhus,CA,8200,Denmark,EMEA,Ibsen,Palle,Small,-0.1058023408342013,-0.36215904425562345
10172,-0.3175460848136394,-0.3950553481844043,3,-0.6145996163153635,05/11/2003,Shipped,4,11,2003,Classic Cars,-0.6897711242673568,S24_1046,Gift Depot Inc.,2035552570,25593 South Bay Ln.,,Bridgewater,CT,97562,USA,EMEA,King,Julie,Small,0.12544827910064668,-0.7400478954160102
10182,1.2225396970479543,-0.46793332368358276,16,-0.03559472657109219,12/11/2003,Shipped,4,11,2003,Classic Cars,-0.6897711242673568,S24_1046,Mini Gifts Distributors Ltd.,4155551450,5677 Strong St.,,San Rafael,CA,97562,USA,EMEA,Nelson,Valarie,Medium,-0.5720670637747696,0.5364723372036774
10192,0.1958158424735585,-0.6860714816403078,4,-0.5270315480016677,20/11/2003,Shipped,4,11,2003,Classic Cars,-0.6897711242673568,S24_1046,Online Diecast Creations Co.,6035558647,2304 Long Airport Avenue,,Nashua,NH,62005,USA,EMEA,Young,Valarie,Small,-0.1343436651744794,-0.39268788282718836
10204,-1.5496147103029143,-1.0504613591362002,10,-1.2513931320669738,02/12/2003,Shipped,4,12,2003,Classic Cars,-0.6897711242673568,S24_1046,Muscle Machine Inc,2125557413,4092 Furth Circle,Suite 400,NYC,NY,10022,USA,EMEA,Young,Jeff,Small,1.6278103747222485,-2.8792035067892225
10212,0.6065053843033168,-0.0668565741676953,3,-0.09729855642651357,16/01/2004,Shipped,1,1,2004,Classic Cars,-0.6897711242673568,S24_1046,Euro Shopping Channel,(91) 555 94 44,"C/ Moralzarzal, 86",,Madrid,CA,28034,Spain,EMEA,Freyre,Diego,Medium,-0.04054887220878124,-0.05674968421773233
10226,-1.4469423248454747,-1.1600262066553735,1,-1.2426721648270014,26/02/2004,Shipped,1,2,2004,Classic Cars,-0.6897711242673568,S24_1046,Collectable Mini Designs Co.,7605558146,361 Furth Circle,,San Diego,CA,91217,USA,EMEA,Thompson,Valarie,Small,1.6784910163396032,-2.9211631811666043
10241,-1.344269939388035,-0.3583684761644092,8,-1.01677413420256,13/04/2004,Shipped,2,4,2004,Classic Cars,-0.6897711242673568,S24_1046,Mini Caravy,88.60.1555,"24, place Kluber",,Strasbourg,CA,67000,France,EMEA,Citeaux,Frederique,Small,0.48174396973211286,-1.4985181039346729
10267,0.5038329988458772,-0.17642142168686886,5,-0.18999820259934624,07/07/2004,Shipped,3,7,2004,Classic Cars,-0.6897711242673568,S24_1046,Muscle Machine Inc,2125557413,4092 Furth Circle,Suite 400,NYC,NY,10022,USA,EMEA,Young,Jeff,Medium,-0.0888869339491482,-0.10111126865019804
10279,-0.3175460848136394,-0.4312464516635884,5,-0.6272846595735053,09/08/2004,Shipped,3,8,2004,Classic Cars,-0.6897711242673568,S24_1046,Euro Shopping Channel,(91) 555 94 44,"C/ Moralzarzal, 86",,Madrid,CA,28034,Spain,EMEA,Freyre,Diego,Small,0.13694062231554688,-0.7642252818890523
10288,0.09314345701611891,-0.8685143046586592,11,-0.636885325875044,01/09/2004,Shipped,3,9,2004,Classic Cars,-0.6897711242673568,S24_1046,Handji Gifts& Co,+65 224 1555,Village Close - 106 Linden Road Sandown,2nd Floor,Singapore,CA,69045,Singapore,APAC,Victorino,Wendy,Small,-0.08089642480385822,-0.5559889010711858
10301,-0.8309080121008373,-0.5770024026619454,1,-0.873915350797084,05/10/2003,Shipped,4,10,2003,Classic Cars,-0.6897711242673568,S24_1046,"Norway Gifts By Mail, Co.",+47 2212 1555,"Drammensveien 126 A, PB 744 Sentrum",,Oslo,CA,N 0106,Norway,EMEA,Klaeboe,Jan,Small,0.47943591937324387,-1.3533512701703279
10311,-0.9335803975582768,0.18796845580902422,6,-0.6951735340654949,16/10/2004,Shipped,4,10,2004,Classic Cars,-0.6897711242673568,S24_1046,Euro Shopping Channel,(91) 555 94 44,"C/ Moralzarzal, 86",,Madrid,CA,28034,Spain,EMEA,Freyre,Diego,Small,-0.1754836657026042,-0.5196898683628907
10321,-0.5228908557285186,-0.6498803781611238,3,-0.7805369244841538,04/11/2004,Shipped,4,11,2004,Classic Cars,-0.6897711242673568,S24_1046,FunGiftIdeas.com,5085552555,1785 First Street,,New Bedford,MA,50553,USA,EMEA,Benitez,Violeta,Small,0.3398165070578433,-1.120353431541997
10332,-1.2415975539305957,-1.3295790476126457,4,-1.219941175495417,17/11/2004,Shipped,4,11,2004,Classic Cars,-0.6897711242673568,S24_1046,"AV Stores, Co.",(171) 555-1555,Fauntleroy Circus,,Manchester,CA,EC2 5NT,UK,EMEA,Ashworth,Victoria,Small,1.650802093273232,-2.870743268768649
10344,-0.6255632411859581,-1.1962173101345572,7,-0.9923869213291379,25/11/2004,Shipped,4,11,2004,Classic Cars,-0.6897711242673568,S24_1046,Marseille Mini Autos,91.24.4555,"12, rue des Bouchers",,Marseille,CA,13008,France,EMEA,Lebihan,Laurence,Small,0.7483095776905221,-1.74069649901966
10367,-1.4469423248454747,-1.1545727527064553,10,-1.2414177791281011,12/01/2005,Resolved,1,1,2005,Classic Cars,-0.6897711242673568,S24_1046,Toys4GrownUps.com,6265557265,78934 Hillside Dr.,,Pasadena,CA,90003,USA,EMEA,Young,Julie,Small,1.6706001830043178,-2.9120179621324187
10380,-0.11220131389876024,0.8101579745265006,3,-0.06085620826495999,16/02/2005,Shipped,1,2,2005,Classic Cars,-0.6897711242673568,S24_1046,Euro Shopping Channel,(91) 555 94 44,"C/ Moralzarzal, 86",,Madrid,CA,28034,Spain,EMEA,Freyre,Diego,Medium,-0.0909007892074317,0.030044580942471713
10407,-0.9335803975582768,-0.3583684761644092,8,-0.8507608026580787,22/04/2005,On Hold,2,4,2005,Classic Cars,-0.6897711242673568,S24_1046,The Sharp Gifts Warehouse,4085553659,3086 Ingle Ln.,,San Jose,CA,94217,USA,EMEA,Frick,Sue,Small,0.33456578444992296,-1.1853265871080017
10420,2.5572807079946687,-0.9413922801578377,11,0.17719470198778645,29/05/2005,In Process,2,5,2005,Classic Cars,-0.6897711242673568,S24_1046,Souveniers And Things Co.,+61 2 9495 8555,"Monitor Money Building, 815 Pacific Hwy",Level 6,Chatswood,NSW,2067,Australia,APAC,Huxley,Adrian,Medium,-2.407404316702751,2.5845990186905374
10104,-0.009528928441320661,-1.3965078006220955,6,-0.8752131784249503,31/01/2003,Shipped,1,1,2003,Classic Cars,-1.0879713280084642,S24_1444,Euro Shopping Channel,(91) 555 94 44,"C/ Moralzarzal, 86",,Madrid,CA,28034,Spain,EMEA,Freyre,Diego,Small,0.013307222899874049,-0.8885204013248243
10115,1.2225396970479543,-0.7088768345176015,2,-0.15963229425194533,04/04/2003,Shipped,2,4,2003,Classic Cars,-1.0879713280084642,S24_1444,Classic Legends Inc.,2125558493,5905 Pompton St.,Suite 750,NYC,NY,10022,USA,EMEA,Hernandez,Maria,Medium,-0.8666300705154614,0.706997776263516
10127,-1.5496147103029143,-1.1387081594005117,8,-1.2707247904569499,03/06/2003,Shipped,2,6,2003,Classic Cars,-1.0879713280084642,S24_1444,Muscle Machine Inc,2125557413,4092 Furth Circle,Suite 400,NYC,NY,10022,USA,EMEA,Young,Jeff,Small,1.7645589145489888,-3.0352837050059387
10141,-1.5496147103029143,-1.4540169513561412,2,-1.3397974575132696,01/08/2003,Shipped,3,8,2003,Classic Cars,-1.0879713280084642,S24_1444,Suominen Souveniers,+358 9 8045 555,"Software Engineering Center, SEC Oy",,Espoo,CA,FIN-02271,Finland,EMEA,Suominen,Kalle,Small,2.2531660568512732,-3.592963514364543
10152,-1.0362527830157164,-0.9096630935459504,4,-1.0432248387018785,25/09/2003,Shipped,3,9,2003,Classic Cars,-1.0879713280084642,S24_1444,"Australian Gift Network, Co",61-7-3844-6555,31 Duncan St. West End,,South Brisbane,Queensland,4101,Australia,APAC,Calaghan,Tony,Small,0.9426409122936771,-1.9858657509955555
10165,-1.0362527830157164,-0.7088768345176015,9,-0.9882436473539827,22/10/2003,Shipped,4,10,2003,Classic Cars,-1.0879713280084642,S24_1444,"Dragon Souveniers, Ltd.",+65 221 7555,"Bronz Sok., Bronz Apt. 3/6 Tesvikiye",,Singapore,CA,79903,Singapore,Japan,Natividad,Eric,Small,0.7345755925842361,-1.722819239938219
10176,-0.8309080121008373,-0.7376314098846243,8,-0.9214191001216661,06/11/2003,Shipped,4,11,2003,Classic Cars,-1.0879713280084642,S24_1444,L'ordine Souveniers,0522-556555,Strada Provinciale 124,,Reggio Emilia,CA,42100,Italy,EMEA,Moroni,Maurizio,Small,0.612903848450371,-1.534322948572037
10184,-0.42021847027107895,-1.1674627347675344,3,-0.9179708970099708,14/11/2003,Shipped,4,11,2003,Classic Cars,-1.0879713280084642,S24_1444,"Iberia Gift Imports, Corp.",(95) 555 82 82,"C/ Romero, 33",,Sevilla,CA,41101,Spain,EMEA,Roel,Jose Pedro,Small,0.49058940450250366,-1.4085603015124746
10195,0.9145225406756355,-0.8521539428119049,3,-0.3416756975849688,25/11/2003,Shipped,4,11,2003,Classic Cars,-1.0879713280084642,S24_1444,Mini Classics,9145554562,3758 North Pendale Street,,White Plains,NY,24067,USA,EMEA,Frick,Steve,Small,-0.7793139888271036,0.43763829124213477
10207,1.4278844679628335,-1.8263391255050057,4,-0.6840524002501377,09/12/2003,Shipped,4,12,2003,Classic Cars,-1.0879713280084642,S24_1444,Diecast Collectables,6175552555,6251 Ingle Ln.,,Boston,MA,51003,USA,EMEA,Franco,Valarie,Small,-2.6078012705414215,1.9237488702912837
10220,-0.9335803975582768,-1.3677532252550728,8,-1.1382160466276805,12/02/2004,Shipped,1,2,2004,Classic Cars,-1.0879713280084642,S24_1444,"Clover Collections, Co.",+353 1862 1555,25 Maiden Lane,Floor No. 4,Dublin,CA,2,Ireland,EMEA,Cassidy,Dean,Small,1.2769075997952462,-2.4151236464229267
10230,0.09314345701611891,-1.4540169513561412,6,-0.8677574573661195,15/03/2004,Shipped,1,3,2004,Classic Cars,-1.0879713280084642,S24_1444,"Blauer See Auto, Co.",+49 69 66 90 2555,Lyonerstr. 34,,Frankfurt,CA,60528,Germany,EMEA,Keitel,Roland,Small,-0.135432165409349,-0.7323252919567705
10246,0.9145225406756355,-1.5397849089163989,2,-0.6730724527039208,05/05/2004,Shipped,2,5,2004,Classic Cars,-1.0879713280084642,S24_1444,Euro Shopping Channel,(91) 555 94 44,"C/ Moralzarzal, 86",,Madrid,CA,28034,Spain,EMEA,Freyre,Diego,Small,-1.4081680069962272,0.7350955542923064
10259,-0.7282356266433977,-1.8263391255050057,1,-1.217964567727453,15/06/2004,Shipped,2,6,2004,Classic Cars,-1.0879713280084642,S24_1444,Handji Gifts& Co,+65 224 1555,Village Close - 106 Linden Road Sandown,2nd Floor,Singapore,CA,69045,Singapore,APAC,Victorino,Wendy,Small,1.3300052175254928,-2.547969785252946
10271,1.017194926133075,-0.9379219003721628,2,-0.3478553119804161,20/07/2004,Shipped,3,7,2004,Classic Cars,-1.0879713280084642,S24_1444,Mini Gifts Distributors Ltd.,4155551450,5677 Strong St.,,San Rafael,CA,97562,USA,EMEA,Nelson,Valarie,Small,-0.9540493981676555,0.6061940861872395
10282,-0.6255632411859581,-1.8263391255050057,11,-1.192540178799962,20/08/2004,Shipped,3,8,2004,Classic Cars,-1.0879713280084642,S24_1444,Mini Gifts Distributors Ltd.,4155551450,5677 Strong St.,,San Rafael,CA,97562,USA,EMEA,Nelson,Valarie,Small,1.1424906228556395,-2.3350308016556016
10292,0.5038329988458772,-1.482771526723164,5,-0.7623456167295414,08/09/2004,Shipped,3,9,2004,Classic Cars,-1.0879713280084642,S24_1444,Land of Toys Inc.,2125557818,897 Long Airport Avenue,,NYC,NY,10022,USA,EMEA,Yu,Kwai,Small,-0.7470692249122114,-0.015276391817329982
10305,1.017194926133075,-1.081199008666466,2,-0.418475597756158,13/10/2004,Shipped,4,10,2004,Classic Cars,-1.0879713280084642,S24_1444,Marta's Replicas Co.,6175558555,39323 Spinnaker Dr.,,Cambridge,MA,51247,USA,EMEA,Hernandez,Marta,Small,-1.0997901457556398,0.6813145479994818
10314,0.9145225406756355,-1.5110303335493762,11,-0.6592144773636907,22/10/2004,Shipped,4,10,2004,Classic Cars,-1.0879713280084642,S24_1444,Heintze Collectables,86 21 3555,Smagsloget 45,,Aaarhus,CA,8200,Denmark,EMEA,Ibsen,Palle,Small,-1.3818712996755285,0.7226568223118378
10324,-1.0362527830157164,-0.7187922053338165,14,-0.9909587679143727,05/11/2004,Shipped,4,11,2004,Classic Cars,-1.0879713280084642,S24_1444,Vitachrome Inc.,2125551500,2678 Kingston Rd.,Suite 101,NYC,NY,10022,USA,EMEA,Frick,Michael,Small,0.7448504231871717,-1.7358091911015443
10336,1.017194926133075,0.8101579745265006,4,1.3133097492773445,20/11/2004,Shipped,4,11,2004,Classic Cars,-1.0879713280084642,S24_1444,"La Corne D'abondance, Co.",(1) 42.34.2555,"265, boulevard Charonne",,Paris,CA,75012,France,EMEA,Bertrand,Marie,Medium,0.8240885810546055,0.489221168222739
10349,1.325212082505394,-1.7975845501379828,4,-0.6943589978973779,01/12/2004,Shipped,4,12,2004,Classic Cars,-1.0879713280084642,S24_1444,Muscle Machine Inc,2125557413,4092 Furth Circle,Suite 400,NYC,NY,10022,USA,EMEA,Young,Jeff,Small,-2.382180765167878,1.6878217672705
10358,0.9145225406756355,-1.1352377796148365,14,-0.4781050755034414,10/12/2004,Shipped,4,12,2004,Classic Cars,-1.0879713280084642,S24_1444,Euro Shopping Channel,(91) 555 94 44,"C/ Moralzarzal, 86",,Madrid,CA,28034,Spain,EMEA,Freyre,Diego,Small,-1.0382005384843276,0.5600954629808862
10371,-1.0362527830157164,0.6748131628851689,12,-0.6093485731515694,23/01/2005,Shipped,1,1,2005,Classic Cars,-1.0879713280084642,S24_1444,Mini Gifts Distributors Ltd.,4155551450,5677 Strong St.,,San Rafael,CA,97562,USA,EMEA,Nelson,Valarie,Small,-0.6992770180553942,0.08992844490382479
10383,-1.344269939388035,0.40164469689845256,2,-0.8336338221631391,22/02/2005,Shipped,1,2,2005,Classic Cars,-1.0879713280084642,S24_1444,Euro Shopping Channel,(91) 555 94 44,"C/ Moralzarzal, 86",,Madrid,CA,28034,Spain,EMEA,Freyre,Diego,Small,-0.5399188923552085,-0.29371492980793057
10394,-0.42021847027107895,-1.6543074418436796,2,-1.0832782972087507,15/03/2005,Shipped,1,3,2005,Classic Cars,-1.0879713280084642,S24_1444,Euro Shopping Channel,(91) 555 94 44,"C/ Moralzarzal, 86",,Madrid,CA,28034,Spain,EMEA,Freyre,Diego,Small,0.695170542569613,-1.7784488397783638
10412,-1.4469423248454747,-1.5397849089163989,2,-1.3300230234958659,03/05/2005,Shipped,2,5,2005,Classic Cars,-1.0879713280084642,S24_1444,Euro Shopping Channel,(91) 555 94 44,"C/ Moralzarzal, 86",,Madrid,CA,28034,Spain,EMEA,Freyre,Diego,Small,2.2279799558694715,-3.5580029793653374
10425,2.043918780707471,-1.8263391255050057,1,-0.5315060666851904,31/05/2005,In Process,2,5,2005,Classic Cars,-1.0879713280084642,S24_1444,La Rochelle Gifts,40.67.8555,"67, rue des Cinquante Otages",,Nantes,CA,44000,France,EMEA,Labrune,Janine,Small,-3.7328888385605397,3.201382771875349
10107,-1.0362527830157164,0.8101579745265006,3,-0.384536590751284,24/02/2003,Shipped,1,2,2003,Motorcycles,0.28084187235159225,S24_1578,Land of Toys Inc.,2125557818,897 Long Airport Avenue,,NYC,NY,10022,USA,EMEA,Yu,Kwai,Small,-0.8395284557854622,0.4549918650341782
10120,-0.009528928441320661,0.7134831090684065,1,-0.06632446107358539,29/04/2003,Shipped,2,4,2003,Motorcycles,0.28084187235159225,S24_1578,"Australian Collectors, Co.",03 9520 4555,636 St Kilda Road,Level 3,Melbourne,Victoria,3004,Australia,APAC,Ferguson,Peter,Medium,-0.00679872949040383,-0.05952573158318156
10134,-0.009528928441320661,0.48989149716276403,3,-0.1520408171650951,01/07/2003,Shipped,3,7,2003,Motorcycles,0.28084187235159225,S24_1578,Lyon Souveniers,+33 1 46 62 7555,27 rue du Colonel Pierre Avia,,Paris,CA,75508,France,EMEA,Da Cunha,Daniel,Medium,-0.004668141020475422,-0.14737267614461969
10145,0.8118501552181959,0.6019351873859904,7,0.3070860695968401,25/08/2003,Shipped,3,8,2003,Motorcycles,0.28084187235159225,S24_1578,Toys4GrownUps.com,6265557265,78934 Hillside Dr.,,Pasadena,CA,90003,USA,EMEA,Young,Julie,Medium,0.48868117531061017,-0.18159510571377008
10159,0.9145225406756355,0.8101579745265006,15,0.9784159188766105,10/10/2003,Shipped,4,10,2003,Motorcycles,0.28084187235159225,S24_1578,Corporate Gift Ideas Co.,6505551386,7734 Strong St.,,San Francisco,CA,,USA,EMEA,Brown,Julie,Medium,0.7409077292126022,0.23750818966400833
10168,1.530556853420273,0.8101579745265006,2,1.191183626471006,28/10/2003,Shipped,4,10,2003,Motorcycles,0.28084187235159225,S24_1578,Technics Stores Inc.,6505556809,9408 Furth Circle,,Burlingame,CA,94217,USA,EMEA,Hirano,Juri,Medium,1.2399928402646223,-0.048809213793616246
10180,1.325212082505394,0.8101579745265006,10,0.9782421511607452,11/11/2003,Shipped,4,11,2003,Motorcycles,0.28084187235159225,S24_1578,Daedalus Designs Imports,20.16.1555,"184, chausse de Tournai",,Lille,CA,59000,France,EMEA,Rance,Martine,Medium,1.0736311365806157,-0.09538898541987051
10188,-1.0362527830157164,0.8101579745265006,2,-0.552874065495459,18/11/2003,Shipped,4,11,2003,Motorcycles,0.28084187235159225,S24_1578,Herkku Gifts,+47 2267 3215,"Drammen 121, PR 744 Sentrum",,Bergen,CA,N 5804,Norway,EMEA,Oeztan,Veysel,Small,-0.8395284557854622,0.28665439029000317
10201,0.40116061338843767,0.8101579745265006,3,0.4329753494998791,01/12/2003,Shipped,4,12,2003,Motorcycles,0.28084187235159225,S24_1578,Mini Wheels Co.,6505555787,5557 North Pendale Street,,San Francisco,CA,,USA,EMEA,Murphy,Julie,Medium,0.3250034700025852,0.10797187949729387
10211,-1.0362527830157164,0.32232173036873396,15,-0.7058711090734311,15/01/2004,Shipped,1,1,2004,Motorcycles,0.28084187235159225,S24_1578,Auto Canal Petit,(1) 47.55.6555,"25, rue Lauriston",,Paris,CA,75016,France,EMEA,Perrier,Dominique,Small,-0.33400679012104195,-0.37186431895238914
10223,-0.3175460848136394,0.3783435754803479,2,-0.34352197956603375,20/02/2004,Shipped,1,2,2004,Motorcycles,0.28084187235159225,S24_1578,"Australian Collectors, Co.",03 9520 4555,636 St Kilda Road,Level 3,Melbourne,Victoria,3004,Australia,APAC,Ferguson,Peter,Small,-0.12014152110817813,-0.22338045845785562
10237,-1.5496147103029143,0.8101579745265006,8,-0.6814350240299217,05/04/2004,Shipped,2,4,2004,Motorcycles,0.28084187235159225,S24_1578,Vitachrome Inc.,2125551500,2678 Kingston Rd.,Suite 101,NYC,NY,10022,USA,EMEA,Frick,Michael,Small,-1.2554327149954791,0.5739976909655574
10251,-0.9335803975582768,0.8101579745265006,3,-0.4977951298073892,18/05/2004,Shipped,2,5,2004,Motorcycles,0.28084187235159225,S24_1578,Tekni Collectables Inc.,2015559350,7476 Moss Rd.,,Newark,NJ,94019,USA,EMEA,Brown,William,Small,-0.7563476039434588,0.2585524741360696
10263,0.7091777697607564,0.8101579745265006,3,0.40923976556095093,28/06/2004,Shipped,2,6,2004,Motorcycles,0.28084187235159225,S24_1578,Gift Depot Inc.,2035552570,25593 South Bay Ln.,,Bridgewater,CT,97562,USA,EMEA,King,Julie,Medium,0.5745460255285955,-0.16530625996764453
10275,-1.4469423248454747,0.8101579745265006,2,-0.7603038460681281,23/07/2004,Shipped,3,7,2004,Motorcycles,0.28084187235159225,S24_1578,La Rochelle Gifts,40.67.8555,"67, rue des Cinquante Otages",,Nantes,CA,44000,France,EMEA,Labrune,Janine,Small,-1.1722518631534757,0.4119480170853477
10285,-0.11220131389876024,0.8101579745265006,7,0.08850800400321025,27/08/2004,Shipped,3,8,2004,Motorcycles,0.28084187235159225,S24_1578,Marta's Replicas Co.,6175558555,39323 Spinnaker Dr.,,Cambridge,MA,51247,USA,EMEA,Hernandez,Marta,Medium,-0.0909007892074317,0.17940879321064196
10299,1.2225396970479543,0.8101579745265006,10,1.032761772013375,30/09/2004,Shipped,3,9,2004,Motorcycles,0.28084187235159225,S24_1578,"Toys of Finland, Co.",90-224 8555,Keskuskatu 45,,Helsinki,CA,21240,Finland,EMEA,Karttunen,Matti,Medium,0.9904502847386123,0.04231148727476275
10309,-1.4469423248454747,0.8101579745265006,6,-0.4904968857410611,15/10/2004,Shipped,4,10,2004,Motorcycles,0.28084187235159225,S24_1578,Baane Mini Imports,07-98 9555,Erling Skakkes gate 78,,Stavern,CA,4110,Norway,EMEA,Bergulfsen,Jonas,Small,-1.1722518631534757,0.6817549774124146
10318,1.325212082505394,0.8101579745265006,2,1.5657507985001577,02/11/2004,Shipped,4,11,2004,Motorcycles,0.28084187235159225,S24_1578,Diecast Classics Inc.,2155551555,7586 Pompton St.,,Allentown,PA,70267,USA,EMEA,Yu,Kyung,Medium,1.0736311365806157,0.49211966191954204
10329,-0.5228908557285186,0.20432881765577848,7,-0.4998477609510439,15/11/2004,Shipped,4,11,2004,Motorcycles,0.28084187235159225,S24_1578,Land of Toys Inc.,2125557818,897 Long Airport Avenue,,NYC,NY,10022,USA,EMEA,Yu,Kwai,Small,-0.10684167031402644,-0.3930060906370174
10339,-0.8309080121008373,0.03626328232093818,10,-0.692550727604158,23/11/2004,Shipped,4,11,2004,Motorcycles,0.28084187235159225,S24_1578,"Tokyo Collectables, Ltd",+81 3 3584 0555,2-2-8 Roppongi,,Minato-ku,Tokyo,106-0032,Japan,Japan,Shimamura,Akiko,Small,-0.03013145182554218,-0.6624192757786158
10362,1.530556853420273,0.6574612639567934,2,0.7016473894327035,05/01/2005,Shipped,1,1,2005,Motorcycles,0.28084187235159225,S24_1578,Technics Stores Inc.,6505556809,9408 Furth Circle,,Burlingame,CA,94217,USA,EMEA,Hirano,Juri,Medium,1.0062818434074252,-0.30463445397472166
10374,0.29848822793099805,0.8101579745265006,6,0.3492790431052999,02/02/2005,Shipped,1,2,2005,Motorcycles,0.28084187235159225,S24_1578,"Australian Gift Network, Co",61-7-3844-6555,31 Duncan St. West End,,South Brisbane,Queensland,4101,Australia,APAC,Calaghan,Tony,Medium,0.24182261816058184,0.10745642494471805
10389,1.017194926133075,0.8101579745265006,1,0.566787351198136,03/03/2005,Shipped,1,3,2005,Motorcycles,0.28084187235159225,S24_1578,Scandinavian Gift Ideas,0695-34 6555,?kergatan 24,,Boras,CA,S-844 67,Sweden,EMEA,Larsson,Maria,Medium,0.8240885810546055,-0.2573012298564695
10403,1.1198673115905147,0.8101579745265006,8,0.9415011397375489,08/04/2005,Shipped,2,4,2005,Motorcycles,0.28084187235159225,S24_1578,"UK Collectables, Ltd.",(171) 555-2282,Berkeley Gardens 12  Brewery,,Liverpool,CA,WX1 6LT,UK,EMEA,Devon,Elizabeth,Medium,0.9072694328966089,0.03423170684094001
10417,-0.009528928441320661,0.8101579745265006,3,-0.0020847086147597767,13/05/2005,Disputed,2,5,2005,Motorcycles,0.28084187235159225,S24_1578,Euro Shopping Channel,(91) 555 94 44,"C/ Moralzarzal, 86",,Madrid,CA,28034,Spain,EMEA,Freyre,Diego,Medium,-0.007719937365428311,0.005635228750668535
10110,-0.6255632411859581,-1.2041496067875292,15,-0.9949065532091795,18/03/2003,Shipped,1,3,2003,Classic Cars,-1.2621839171451985,S24_1628,"AV Stores, Co.",(171) 555-1555,Fauntleroy Circus,,Manchester,CA,EC2 5NT,UK,EMEA,Ashworth,Victoria,Small,0.7532717308948037,-1.7481782841039832
10123,1.530556853420273,-1.1793611797469923,1,-0.3043047781917619,20/05/2003,Shipped,2,5,2003,Classic Cars,-1.2621839171451985,S24_1628,Atelier graphique,40.32.2555,"54, rue Royale",,Nantes,CA,44000,France,EMEA,Schmitt,Carine,Small,-1.8050793363195774,1.5007745581278156
10137,-0.9335803975582768,-1.6781043318025948,1,-1.226598651109493,10/07/2003,Shipped,3,7,2003,Classic Cars,-1.2621839171451985,S24_1628,Reims Collectables,26.47.1555,59 rue de l'Abbaye,,Reims,CA,51100,France,EMEA,Henriot,Paul,Small,1.5666453092285328,-2.793243960338026
10148,1.2225396970479543,-1.329083279071835,8,-0.47891418143043774,11/09/2003,Shipped,3,9,2003,Classic Cars,-1.2621839171451985,S24_1628,"Anna's Decorations, Ltd",02 9936 8555,201 Miller Street,Level 15,North Sydney,NSW,2060,Australia,APAC,O'Hara,Anna,Small,-1.624857069347983,1.145942887917545
10161,-1.2415975539305957,-1.503593805437215,7,-1.2637795120634725,17/10/2003,Shipped,4,10,2003,Classic Cars,-1.2621839171451985,S24_1628,Heintze Collectables,86 21 3555,Smagsloget 45,,Aaarhus,CA,8200,Denmark,EMEA,Ibsen,Palle,Small,1.8668583909360423,-3.130637902999515
10172,-0.11220131389876024,-2.0276211530741657,5,-1.1403772825937506,05/11/2003,Shipped,4,11,2003,Classic Cars,-1.2621839171451985,S24_1628,Gift Depot Inc.,2035552570,25593 South Bay Ln.,,Bridgewater,CT,97562,USA,EMEA,King,Julie,Small,0.22750175746384066,-1.3678790400575913
10181,-0.11220131389876024,-1.4788053783966781,1,-0.9359938672898391,12/11/2003,Shipped,4,11,2003,Classic Cars,-1.2621839171451985,S24_1628,Herkku Gifts,+47 2267 3215,"Drammen 121, PR 744 Sentrum",,Bergen,CA,N 5804,Norway,EMEA,Oeztan,Veysel,Small,0.1659239064566606,-1.1019177737464998
10192,1.2225396970479543,-1.4788053783966781,6,-0.5559910238987865,20/11/2003,Shipped,4,11,2003,Classic Cars,-1.2621839171451985,S24_1628,Online Diecast Creations Co.,6035558647,2304 Long Airport Avenue,,Nashua,NH,62005,USA,EMEA,Young,Valarie,Small,-1.8078982792979603,1.251907255399174
10204,1.017194926133075,-1.6781043318025948,12,-0.7126860616800098,02/12/2003,Shipped,4,12,2003,Classic Cars,-1.2621839171451985,S24_1628,Muscle Machine Inc,2125557413,4092 Furth Circle,Suite 400,NYC,NY,10022,USA,EMEA,Young,Jeff,Small,-1.7069592118315338,0.994273150151524
10212,1.017194926133075,-1.503593805437215,5,-0.6266710423268571,16/01/2004,Shipped,1,1,2004,Classic Cars,-1.2621839171451985,S24_1628,Euro Shopping Channel,(91) 555 94 44,"C/ Moralzarzal, 86",,Madrid,CA,28034,Spain,EMEA,Freyre,Diego,Small,-1.5294479898558573,0.9027769475290002
10226,0.09314345701611891,-2.0023369574928176,3,-1.0839679378310898,26/02/2004,Shipped,1,2,2004,Classic Cars,-1.2621839171451985,S24_1628,Collectable Mini Designs Co.,7605558146,361 Furth Circle,,San Diego,CA,91217,USA,EMEA,Thompson,Valarie,Small,-0.18650458633201858,-0.8974633514990712
10241,-1.4469423248454747,-2.1520590568176607,10,-1.470856326963291,13/04/2004,Shipped,2,4,2004,Classic Cars,-1.2621839171451985,S24_1628,Mini Caravy,88.60.1555,"24, place Kluber",,Strasbourg,CA,67000,France,EMEA,Citeaux,Frederique,Small,3.1139053348765056,-4.584761661839797
10266,-0.7282356266433977,-1.7529653814650166,1,-1.1954616485229415,06/07/2004,Shipped,3,7,2004,Classic Cars,-1.2621839171451985,S24_1628,L'ordine Souveniers,0522-556555,Strada Provinciale 124,,Reggio Emilia,CA,42100,Italy,EMEA,Moroni,Maurizio,Small,1.276571843055359,-2.4720334915783004
10278,-0.009528928441320661,-1.9026874807898593,1,-1.069262844876018,06/08/2004,Shipped,3,8,2004,Classic Cars,-1.2621839171451985,S24_1628,Signal Gift Stores,7025551838,8489 Strong St.,,Las Vegas,NV,83030,USA,EMEA,King,Sue,Small,0.018130572850643248,-1.0873934177266613
10288,1.530556853420273,-1.5536664280590995,13,-0.5092963805012009,01/09/2004,Shipped,3,9,2004,Classic Cars,-1.2621839171451985,S24_1628,Handji Gifts& Co,+65 224 1555,Village Close - 106 Linden Road Sandown,2nd Floor,Singapore,CA,69045,Singapore,APAC,Victorino,Wendy,Small,-2.3779747993948503,1.8686784188936496
10301,-1.344269939388035,-1.6032432821401734,3,-1.31675151419668,05/10/2003,Shipped,4,10,2003,Classic Cars,-1.2621839171451985,S24_1628,"Norway Gifts By Mail, Co.",+47 2212 1555,"Drammensveien 126 A, PB 744 Sentrum",,Oslo,CA,N 0106,Norway,EMEA,Klaeboe,Jan,Small,2.1551917497068453,-3.4719432639035253
10311,1.017194926133075,-1.7033885273839426,8,-0.7251484650521994,16/10/2004,Shipped,4,10,2004,Classic Cars,-1.2621839171451985,S24_1628,Euro Shopping Channel,(91) 555 94 44,"C/ Moralzarzal, 86",,Madrid,CA,28034,Spain,EMEA,Freyre,Diego,Small,-1.732678167288237,1.0075297022360377
10321,1.325212082505394,-2.0524095801147024,5,-0.828333906829258,04/11/2004,Shipped,4,11,2004,Classic Cars,-1.2621839171451985,S24_1628,FunGiftIdeas.com,5085552555,1785 First Street,,New Bedford,MA,50553,USA,EMEA,Benitez,Violeta,Small,-2.719877973817826,1.8915440669885677
10332,-1.5496147103029143,0.21325265139037142,5,-0.9745594397296176,17/11/2004,Shipped,4,11,2004,Classic Cars,-1.2621839171451985,S24_1628,"AV Stores, Co.",(171) 555-1555,Fauntleroy Circus,,Manchester,CA,EC2 5NT,UK,EMEA,Ashworth,Victoria,Small,-0.3304594456056188,-0.6440999941239988
10343,-0.8309080121008373,-2.3523495473051987,6,-1.3989490740419244,24/11/2004,Shipped,4,11,2004,Classic Cars,-1.2621839171451985,S24_1628,Reims Collectables,26.47.1555,59 rue de l'Abbaye,,Reims,CA,51100,France,EMEA,Henriot,Paul,Small,1.9545860861176672,-3.3535351601595913
10367,0.29848822793099805,-2.23881855145954,11,-1.1354031817271164,12/01/2005,Resolved,1,1,2005,Classic Cars,-1.2621839171451985,S24_1628,Toys4GrownUps.com,6265557265,78934 Hillside Dr.,,Pasadena,CA,90003,USA,EMEA,Young,Julie,Small,-0.668260982084202,-0.46714219964291437
10379,-0.3175460848136394,0.8101579745265006,3,0.22626236075515316,10/02/2005,Shipped,1,2,2005,Classic Cars,-1.2621839171451985,S24_1628,Euro Shopping Channel,(91) 555 94 44,"C/ Moralzarzal, 86",,Madrid,CA,28034,Spain,EMEA,Freyre,Diego,Medium,-0.2572624928914385,0.48352485364659165
10407,2.967970249824427,-2.1520590568176607,10,-0.5310173449843202,22/04/2005,On Hold,2,4,2005,Classic Cars,-1.2621839171451985,S24_1628,The Sharp Gifts Warehouse,4085553659,3086 Ingle Ln.,,San Jose,CA,94217,USA,EMEA,Frick,Sue,Small,-6.387247256500034,5.8562299115157135
10420,0.1958158424735585,-1.1545727527064553,13,-0.7168999287897349,29/05/2005,In Process,2,5,2005,Classic Cars,-1.2621839171451985,S24_1628,Souveniers And Things Co.,+61 2 9495 8555,"Monitor Money Building, 815 Pacific Hwy",Level 6,Chatswood,NSW,2067,Australia,APAC,Huxley,Adrian,Small,-0.22608363626823005,-0.4908162925215048
10106,-0.7282356266433977,0.24646914362469097,4,-0.5822571001999989,17/02/2003,Shipped,1,2,2003,Planes,0.20617933415013462,S24_1785,Rovelli Gifts,035-640555,Via Ludovico il Moro 22,,Bergamo,CA,24100,Italy,EMEA,Rovelli,Giovanni,Small,-0.1794876112557884,-0.4027694889442105
10120,0.40116061338843767,0.8101579745265006,10,0.5960454903568978,29/04/2003,Shipped,2,4,2003,Planes,0.20617933415013462,S24_1785,"Australian Collectors, Co.",03 9520 4555,636 St Kilda Road,Level 3,Melbourne,Victoria,3004,Australia,APAC,Ferguson,Peter,Medium,0.3250034700025852,0.2710420203543126
10133,0.6065053843033168,0.5176545354481648,5,0.16519386911086303,27/06/2003,Shipped,2,6,2003,Planes,0.20617933415013462,S24_1785,Euro Shopping Channel,(91) 555 94 44,"C/ Moralzarzal, 86",,Madrid,CA,28034,Spain,EMEA,Freyre,Diego,Medium,0.3139602629583441,-0.14876639384748108
10145,0.5038329988458772,0.19243037267632102,16,-0.02839422684493825,25/08/2003,Shipped,3,8,2003,Planes,0.20617933415013462,S24_1785,Toys4GrownUps.com,6265557265,78934 Hillside Dr.,,Pasadena,CA,90003,USA,EMEA,Young,Julie,Medium,0.09695277173454056,-0.1253469985794788
10168,1.4278844679628335,0.8101579745265006,11,1.5638067721789186,28/10/2003,Shipped,4,10,2003,Planes,0.20617933415013462,S24_1785,Technics Stores Inc.,6505556809,9408 Furth Circle,,Burlingame,CA,94217,USA,EMEA,Hirano,Juri,Medium,1.1568119884226191,0.4069947837562995
10210,-0.8309080121008373,0.7348011563232686,9,-0.48596806464633063,12/01/2004,Shipped,1,1,2004,Planes,0.20617933415013462,S24_1785,Osaka Souveniers Co.,+81 06 6342 5555,"Dojima Avanza 4F, 1-6-20 Dojima, Kita-ku",,Osaka,Osaka,530-0003,Japan,Japan,Kentary,Mory,Small,-0.6105521680899637,0.12458410344363308
10223,-0.11220131389876024,0.8101579745265006,11,0.029796237005338684,20/02/2004,Shipped,1,2,2004,Planes,0.20617933415013462,S24_1785,"Australian Collectors, Co.",03 9520 4555,636 St Kilda Road,Level 3,Melbourne,Victoria,3004,Australia,APAC,Ferguson,Peter,Medium,-0.0909007892074317,0.1206970262127704
10235,-1.2415975539305957,0.626227845885717,5,-0.7272282474014581,02/04/2004,Shipped,2,4,2004,Planes,0.20617933415013462,S24_1785,"Royal Canadian Collectables, Ltd.",(604) 555-4555,23 Tsawassen Blvd.,,Tsawassen,BC,T2F 8M4,Canada,EMEA,Lincoln,Elizabeth,Small,-0.7775229616549323,0.050294714253474204
10250,-0.42021847027107895,0.24646914362469097,6,-0.4378724190395835,11/05/2004,Shipped,2,5,2004,Planes,0.20617933415013462,S24_1785,The Sharp Gifts Warehouse,4085553659,3086 Ingle Ln.,,San Jose,CA,94217,USA,EMEA,Frick,Sue,Small,-0.10357088650299048,-0.334301532536593
10262,-0.11220131389876024,0.680266616834087,1,-0.13193806453596815,24/06/2004,Cancelled,2,6,2004,Planes,0.20617933415013462,S24_1785,Euro Shopping Channel,(91) 555 94 44,"C/ Moralzarzal, 86",,Madrid,CA,28034,Spain,EMEA,Freyre,Diego,Medium,-0.07632680821024905,-0.0556112563257191
10275,-1.0362527830157164,0.5721890749373464,11,-0.6374500709516051,23/07/2004,Shipped,3,7,2004,Planes,0.20617933415013462,S24_1785,La Rochelle Gifts,40.67.8555,"67, rue des Cinquante Otages",,Nantes,CA,44000,France,EMEA,Labrune,Janine,Small,-0.5929325213150135,-0.0445175496365916
10284,-1.344269939388035,0.8101579745265006,3,-0.6749838975784352,21/08/2004,Shipped,3,8,2004,Planes,0.20617933415013462,S24_1785,"Norway Gifts By Mail, Co.",+47 2212 1555,"Drammensveien 126 A, PB 744 Sentrum",,Oslo,CA,N 0106,Norway,EMEA,Klaeboe,Jan,Small,-1.0890710113114723,0.4140871137330371
10297,-0.3175460848136394,0.8101579745265006,6,0.27578615977666543,16/09/2004,Shipped,3,9,2004,Planes,0.20617933415013462,S24_1785,"Clover Collections, Co.",+353 1862 1555,25 Maiden Lane,Floor No. 4,Dublin,CA,2,Ireland,EMEA,Cassidy,Dean,Medium,-0.2572624928914385,0.533048652668104
10308,-0.42021847027107895,0.8101579745265006,9,-0.032684117330354374,15/10/2004,Shipped,4,10,2004,Planes,0.20617933415013462,S24_1785,Mini Classics,9145554562,3758 North Pendale Street,,White Plains,NY,24067,USA,EMEA,Frick,Steve,Medium,-0.34044334473344184,0.3077592274030875
10316,-1.0362527830157164,0.8101579745265006,1,-0.3701464517812174,01/11/2004,Shipped,4,11,2004,Planes,0.20617933415013462,S24_1785,giftsbymail.co.uk,(198) 555-8888,Garden House Crowther Way,,Cowes,Isle of Wight,PO31 7PJ,UK,EMEA,Bennett,Helen,Small,-0.8395284557854622,0.4693820040042448
10328,1.2225396970479543,0.19243037267632102,14,0.3043600885542089,12/11/2004,Shipped,4,11,2004,Planes,0.20617933415013462,S24_1785,Rovelli Gifts,035-640555,Via Ludovico il Moro 22,,Bergamo,CA,24100,Italy,EMEA,Rovelli,Giovanni,Medium,0.23525376951453444,0.06910631903967443
10339,-1.4469423248454747,-1.6364597743744929,7,-1.3522598608854592,23/11/2004,Shipped,4,11,2004,Planes,0.20617933415013462,S24_1785,"Tokyo Collectables, Ltd",+81 3 3584 0555,2-2-8 Roppongi,,Minato-ku,Tokyo,106-0032,Japan,Japan,Shimamura,Akiko,Small,2.3678629104495297,-3.7201227713349887
10353,-0.7282356266433977,-0.5913796903454563,2,-0.8392161100353007,04/12/2004,Shipped,4,12,2004,Planes,0.20617933415013462,S24_1785,Gift Ideas Corp.,2035554407,2440 Pompton St.,,Glendale,CT,97561,USA,EMEA,Lewis,Dan,Small,0.4306637593829019,-1.2698798694182027
10374,1.1198673115905147,0.5176545354481648,3,0.42068671384355477,02/02/2005,Shipped,1,2,2005,Planes,0.20617933415013462,S24_1785,"Australian Gift Network, Co",61-7-3844-6555,31 Duncan St. West End,,South Brisbane,Queensland,4101,Australia,APAC,Calaghan,Tony,Medium,0.579704392944973,-0.15901767910141823
10386,-0.21487369935619982,-2.079676849859293,11,-1.1824127791097072,01/03/2005,Resolved,1,3,2005,Planes,0.20617933415013462,S24_1785,Euro Shopping Channel,(91) 555 94 44,"C/ Moralzarzal, 86",,Madrid,CA,28034,Spain,EMEA,Freyre,Diego,Small,0.4468678581947144,-1.6292806373044217
10398,0.8118501552181959,0.8101579745265006,16,1.0851092964176925,30/03/2005,Shipped,1,3,2005,Planes,0.20617933415013462,S24_1785,Reims Collectables,26.47.1555,59 rue de l'Abbaye,,Reims,CA,51100,France,EMEA,Henriot,Paul,Medium,0.6577268773705988,0.42738241904709373
10401,0.29848822793099805,0.626227845885717,5,0.05708862887837803,03/04/2005,On Hold,2,4,2005,Planes,0.20617933415013462,S24_1785,Tekni Collectables Inc.,2015559350,7476 Moss Rd.,,Newark,NJ,94019,USA,EMEA,Brown,William,Medium,0.1869216399994738,-0.12983301112109577
10416,1.2225396970479543,0.24646914362469097,6,0.33217921381596377,10/05/2005,Shipped,2,5,2005,Planes,0.20617933415013462,S24_1785,L'ordine Souveniers,0522-556555,Strada Provinciale 124,,Reggio Emilia,CA,42100,Italy,EMEA,Moroni,Maurizio,Medium,0.30131831217859845,0.030860901637365323
10101,1.017194926133075,-2.600729586251379,3,-1.1674416043397176,09/01/2003,Shipped,1,1,2003,Vintage Cars,-1.685271633620125,S24_1937,"Blauer See Auto, Co.",+49 69 66 90 2555,Lyonerstr. 34,,Frankfurt,CA,60528,Germany,EMEA,Keitel,Roland,Small,-2.645448939379074,1.4780073350393566
10110,-1.5496147103029143,-2.387053345161951,3,-1.5441917332994228,18/03/2003,Shipped,1,3,2003,Vintage Cars,-1.685271633620125,S24_1937,"AV Stores, Co.",(171) 555-1555,Fauntleroy Circus,,Manchester,CA,EC2 5NT,UK,EMEA,Ashworth,Victoria,Small,3.6990129779407392,-5.243204711240162
10124,1.017194926133075,-2.2715392751530485,2,-1.005185999650816,21/05/2003,Shipped,2,5,2003,Vintage Cars,-1.685271633620125,S24_1937,Signal Gift Stores,7025551838,8489 Strong St.,,Las Vegas,NV,83030,USA,EMEA,King,Sue,Small,-2.310598225197684,1.3054122255468683
10149,0.09314345701611891,-2.502071646630042,7,-1.2810205276219484,12/09/2003,Shipped,3,9,2003,Vintage Cars,-1.685271633620125,S24_1937,Signal Collectibles Ltd.,4155554312,2793 Furth Circle,,Brisbane,CA,94217,USA,EMEA,Taylor,Sue,Small,-0.23305160286913518,-1.0479689247528132
10162,0.1958158424735585,-2.7980454654940528,5,-1.3829461534589862,18/10/2003,Shipped,4,10,2003,Vintage Cars,-1.685271633620125,S24_1937,Corporate Gift Ideas Co.,6505551386,7734 Strong St.,,San Francisco,CA,,USA,EMEA,Brown,Julie,Small,-0.5479016301050381,-0.8350445233539481
10173,-0.42021847027107895,-2.5843692244046244,9,-1.3990793998288231,05/11/2003,Shipped,4,11,2003,Vintage Cars,-1.685271633620125,S24_1937,Rovelli Gifts,035-640555,Via Ludovico il Moro 22,,Bergamo,CA,24100,Italy,EMEA,Rovelli,Giovanni,Small,1.085999682094966,-2.4850790819237893
10182,0.40116061338843767,-2.3211161292341225,6,-1.1496521344280426,12/11/2003,Shipped,4,11,2003,Vintage Cars,-1.685271633620125,S24_1937,Mini Gifts Distributors Ltd.,4155551450,5677 Strong St.,,San Rafael,CA,97562,USA,EMEA,Nelson,Valarie,Small,-0.9311403701493567,-0.2185117642786859
10193,-0.9335803975582768,-2.699387525872716,10,-1.5174423655384612,21/11/2003,Shipped,4,11,2003,Vintage Cars,-1.685271633620125,S24_1937,"Australian Collectables, Ltd",61-9-3844-6555,7 Allen Street,,Glen Waverly,Victoria,3150,Australia,APAC,Connery,Sean,Small,2.5200952795681033,-4.037537645106564
10205,-0.3175460848136394,-2.304755767387368,5,-1.2839528578271697,03/12/2003,Shipped,4,12,2003,Vintage Cars,-1.685271633620125,S24_1937,Euro Shopping Channel,(91) 555 94 44,"C/ Moralzarzal, 86",,Madrid,CA,28034,Spain,EMEA,Freyre,Diego,Small,0.7318661703855137,-2.0158190282126833
10214,-1.5496147103029143,-2.4524947925489684,3,-1.5585275698582814,26/01/2004,Shipped,1,1,2004,Vintage Cars,-1.685271633620125,S24_1937,"Corrida Auto Replicas, Ltd",(91) 555 22 82,"C/ Araquil, 67",,Madrid,CA,28023,Spain,EMEA,Sommer,Mart¡n,Small,3.800422007475176,-5.3589495773334574
10227,0.7091777697607564,-2.699387525872716,6,-1.2636546165176947,02/03/2004,Shipped,1,3,2004,Vintage Cars,-1.685271633620125,S24_1937,"Saveley & Henriot, Co.",78.32.5555,"2, rue du Commerce",,Lyon,CA,69004,France,EMEA,Saveley,Mary,Small,-1.9143456253184188,0.6506910088007241
10243,-0.21487369935619982,-2.6830271640259613,1,-1.4004966927613465,26/04/2004,Shipped,2,4,2004,Vintage Cars,-1.685271633620125,S24_1937,Diecast Collectables,6175552555,6251 Ingle Ln.,,Boston,MA,51003,USA,EMEA,Franco,Valarie,Small,0.5765119722074319,-1.9770086649687784
10280,-1.5496147103029143,-2.7157478877194703,12,-1.6161967305609635,17/08/2004,Shipped,3,8,2004,Vintage Cars,-1.685271633620125,S24_1937,Amica Models & Co.,011-4988555,Via Monte Bianco 34,,Torino,CA,10100,Italy,EMEA,Accorti,Paolo,Small,4.208362876284158,-5.8245596068451215
10288,-0.6255632411859581,-2.255178913306294,1,-1.328757777314724,01/09/2004,Shipped,3,9,2004,Vintage Cars,-1.685271633620125,S24_1937,Handji Gifts& Co,+65 224 1555,Village Close - 106 Linden Road Sandown,2nd Floor,Singapore,CA,69045,Singapore,APAC,Victorino,Wendy,Small,1.410757030462112,-2.7395148077768363
10304,-1.2415975539305957,-2.6503064403324528,16,-1.5526629094478392,11/10/2004,Shipped,4,10,2004,Vintage Cars,-1.685271633620125,S24_1937,Auto Assoc. & Cie.,30.59.8555,"67, avenue de l'Europe",,Versailles,CA,78000,France,EMEA,Tonini,Daniel,Small,3.2906139934832774,-4.843276902931117
10312,0.40116061338843767,-2.6830271640259613,13,-1.3042510991366447,21/10/2004,Shipped,4,10,2004,Vintage Cars,-1.685271633620125,S24_1937,Mini Gifts Distributors Ltd.,4155551450,5677 Strong St.,,San Rafael,CA,97562,USA,EMEA,Nelson,Valarie,Small,-1.076324822858495,-0.22792627627814976
10322,-1.5496147103029143,0.8101579745265006,3,-0.5049521876045769,04/11/2004,Shipped,4,11,2004,Vintage Cars,-1.685271633620125,S24_1937,Online Diecast Creations Co.,6035558647,2304 Long Airport Avenue,,Nashua,NH,62005,USA,EMEA,Young,Valarie,Small,-1.2554327149954791,0.7504805273909022
10332,1.017194926133075,-0.08668731580012512,6,0.07171226821663805,17/11/2004,Shipped,4,11,2004,Vintage Cars,-1.685271633620125,S24_1937,"AV Stores, Co.",(171) 555-1555,Fauntleroy Circus,,Manchester,CA,EC2 5NT,UK,EMEA,Ashworth,Victoria,Medium,-0.08817789779198282,0.15989016600862088
10344,-1.5496147103029143,-2.403413707008705,6,-1.5477756924391375,25/11/2004,Shipped,4,11,2004,Vintage Cars,-1.685271633620125,S24_1937,Marseille Mini Autos,91.24.4555,"12, rue des Bouchers",,Marseille,CA,13008,France,EMEA,Lebihan,Laurence,Small,3.7243652353243477,-5.272140927763485
10356,1.325212082505394,0.8101579745265006,5,3.3483469117007973,09/12/2004,Shipped,4,12,2004,Vintage Cars,-1.685271633620125,S24_1937,Lyon Souveniers,+33 1 46 62 7555,27 rue du Colonel Pierre Avia,,Paris,CA,75508,France,EMEA,Da Cunha,Daniel,Large,1.0736311365806157,2.274715775120182
10367,-1.2415975539305957,-2.3483833989787133,13,-1.476601522069076,12/01/2005,Resolved,1,1,2005,Vintage Cars,-1.685271633620125,S24_1937,Toys4GrownUps.com,6265557265,78934 Hillside Dr.,,Pasadena,CA,90003,USA,EMEA,Young,Julie,Small,2.9157470838631885,-4.3923486059322645
10380,-0.3175460848136394,-0.6493846096203129,4,-0.7037424545540854,16/02/2005,Shipped,1,2,2005,Vintage Cars,-1.685271633620125,S24_1937,Euro Shopping Channel,(91) 555 94 44,"C/ Moralzarzal, 86",,Madrid,CA,28034,Spain,EMEA,Freyre,Diego,Small,0.20620954032316396,-0.9099519948772493
10391,-0.21487369935619982,0.8101579745265006,8,2.6015312806010664,09/03/2005,Shipped,1,3,2005,Vintage Cars,-1.685271633620125,S24_1937,"Anna's Decorations, Ltd",02 9936 8555,201 Miller Street,Level 15,North Sydney,NSW,2060,Australia,APAC,O'Hara,Anna,Large,-0.17408164104943508,2.7756129216505014
10409,2.6599530934521085,-2.6830271640259613,1,-0.9513505891794045,23/04/2005,Shipped,2,4,2005,Vintage Cars,-1.685271633620125,S24_1937,Handji Gifts& Co,+65 224 1555,Village Close - 106 Linden Road Sandown,2nd Floor,Singapore,CA,69045,Singapore,APAC,Victorino,Wendy,Small,-7.136726404766893,6.185375815587489
10420,1.017194926133075,-2.814901595881618,1,-1.2730054917276776,29/05/2005,In Process,2,5,2005,Vintage Cars,-1.685271633620125,S24_1937,Souveniers And Things Co.,+61 2 9495 8555,"Monitor Money Building, 815 Pacific Hwy",Level 6,Chatswood,NSW,2067,Australia,APAC,Huxley,Adrian,Small,-2.8633036208946776,1.590298129167
10107,0.29848822793099805,-0.0311612392293222,7,-0.2165303607154766,24/02/2003,Shipped,1,2,2003,Motorcycles,-0.6151085860658991,S24_2000,Land of Toys Inc.,2125557818,897 Long Airport Avenue,,NYC,NY,10022,USA,EMEA,Yu,Kwai,Medium,-0.009301263077694282,-0.20722909763778233
10120,-0.11220131389876024,0.006517169872294163,5,-0.38284778576272144,29/04/2003,Shipped,2,4,2003,Motorcycles,-0.6151085860658991,S24_2000,"Australian Collectors, Co.",03 9520 4555,636 St Kilda Road,Level 3,Melbourne,Victoria,3004,Australia,APAC,Ferguson,Peter,Small,-0.0007312350225728206,-0.3821165507401486
10134,0.8118501552181959,-0.0311612392293222,7,0.008906099413698501,01/07/2003,Shipped,3,7,2003,Motorcycles,-0.6151085860658991,S24_2000,Lyon Souveniers,+33 1 46 62 7555,27 rue du Colonel Pierre Avia,,Paris,CA,75508,France,EMEA,Da Cunha,Daniel,Medium,-0.025298256905116563,0.03420435631881506
10145,1.2225396970479543,-0.0311612392293222,11,0.1892552675170385,25/08/2003,Shipped,3,8,2003,Motorcycles,-0.6151085860658991,S24_2000,Toys4GrownUps.com,6265557265,78934 Hillside Dr.,,Pasadena,CA,90003,USA,EMEA,Young,Julie,Medium,-0.038095851967054395,0.2273511194840929
10158,-1.344269939388035,-0.8243909045265035,1,-1.1290715205802873,10/10/2003,Shipped,4,10,2003,Motorcycles,-0.6151085860658991,S24_2000,Baane Mini Imports,07-98 9555,Erling Skakkes gate 78,,Stavern,CA,4110,Norway,EMEA,Bergulfsen,Jonas,Small,1.1082039112598903,-2.2372754318401773
10168,-0.6255632411859581,-0.408936867327105,6,-0.7423134572349847,28/10/2003,Shipped,4,10,2003,Motorcycles,-0.6151085860658991,S24_2000,Technics Stores Inc.,6505556809,9408 Furth Circle,,Burlingame,CA,94217,USA,EMEA,Hirano,Juri,Small,0.25581587216557594,-0.9981293294005606
10180,-0.7282356266433977,-0.7490340863232715,14,-0.8875669769747244,11/11/2003,Shipped,4,11,2003,Motorcycles,-0.6151085860658991,S24_2000,Daedalus Designs Imports,20.16.1555,"184, chausse de Tournai",,Lille,CA,59000,France,EMEA,Rance,Martine,Small,0.5454733072308925,-1.433040284205617
10188,0.5038329988458772,0.38379702942926597,6,0.05544869605990253,18/11/2003,Shipped,4,11,2003,Motorcycles,-0.6151085860658991,S24_2000,Herkku Gifts,+47 2267 3215,"Drammen 121, PR 744 Sentrum",,Bergen,CA,N 5804,Norway,EMEA,Oeztan,Veysel,Medium,0.19336960828548644,-0.1379209122255839
10201,-1.0362527830157164,-0.48478945407114804,7,-0.9268819226891706,01/12/2003,Shipped,4,12,2003,Motorcycles,-0.6151085860658991,S24_2000,Mini Wheels Co.,6505555787,5557 North Pendale Street,,San Francisco,CA,,USA,EMEA,Murphy,Julie,Small,0.502364420957897,-1.4292463436470677
10210,-0.5228908557285186,-1.088635536778627,4,-0.9247098262408586,12/01/2004,Shipped,1,1,2004,Motorcycles,-0.6151085860658991,S24_2000,Osaka Souveniers Co.,+81 06 6342 5555,"Dojima Avanza 4F, 1-6-20 Dojima, Kita-ku",,Osaka,Osaka,530-0003,Japan,Japan,Kentary,Mory,Small,0.5692375674026514,-1.4939473936435101
10223,0.29848822793099805,-0.711355677221655,6,-0.49964141178845417,20/02/2004,Shipped,1,2,2004,Motorcycles,-0.6151085860658991,S24_2000,"Australian Collectors, Co.",03 9520 4555,636 St Kilda Road,Level 3,Melbourne,Victoria,3004,Australia,APAC,Ferguson,Peter,Small,-0.21233129552254684,-0.2873101162659073
10236,0.09314345701611891,0.19540498392118485,3,-0.21736661784807668,03/04/2004,Shipped,2,4,2004,Motorcycles,-0.6151085860658991,S24_2000,Motor Mint Distributors Inc.,2155559857,11328 Douglas Av.,,Philadelphia,PA,71270,USA,EMEA,Hernandez,Rosa,Medium,0.01820069572059829,-0.23556731356867497
10250,-0.3175460848136394,0.19540498392118485,1,-0.4076422667202023,11/05/2004,Shipped,2,5,2004,Motorcycles,-0.6151085860658991,S24_2000,The Sharp Gifts Warehouse,4085553659,3086 Ingle Ln.,,San Jose,CA,94217,USA,EMEA,Frick,Sue,Small,-0.062050087597244404,-0.3455921791229579
10263,0.1958158424735585,-1.0509571276770109,7,-0.6749078742027445,28/06/2004,Shipped,2,6,2004,Motorcycles,-0.6151085860658991,S24_2000,Gift Depot Inc.,2035552570,25593 South Bay Ln.,,Bridgewater,CT,97562,USA,EMEA,King,Julie,Small,-0.20579405535966505,-0.4691138188430794
10275,-0.5228908557285186,-0.18237064417659724,6,-0.6269154031772921,23/07/2004,Shipped,3,7,2004,Motorcycles,-0.6151085860658991,S24_2000,La Rochelle Gifts,40.67.8555,"67, rue des Cinquante Otages",,Nantes,CA,44000,France,EMEA,Labrune,Janine,Small,0.0953599421932621,-0.7222753453705542
10285,0.40116061338843767,-0.6731814995792285,11,-0.4456973964946274,27/08/2004,Shipped,3,8,2004,Motorcycles,-0.6151085860658991,S24_2000,Marta's Replicas Co.,6175558555,39323 Spinnaker Dr.,,Cambridge,MA,51247,USA,EMEA,Hernandez,Marta,Small,-0.2700539032929516,-0.17564349320167583
10297,-0.3175460848136394,-0.8997477227297355,1,-0.7914951510658875,16/09/2004,Shipped,3,9,2004,Motorcycles,-0.6151085860658991,S24_2000,"Clover Collections, Co.",+353 1862 1555,25 Maiden Lane,Floor No. 4,Dublin,CA,2,Ireland,EMEA,Cassidy,Dean,Small,0.2857113666728155,-1.077206517738703
10308,1.2225396970479543,-1.0132787185753949,4,-0.3163381925154099,15/10/2004,Shipped,4,10,2004,Motorcycles,-0.6151085860658991,S24_2000,Mini Classics,9145554562,3758 North Pendale Street,,White Plains,NY,24067,USA,EMEA,Frick,Steve,Small,-1.2387734576323026,0.9224352651168928
10318,-0.9335803975582768,0.1572308062787582,6,-0.703927082752192,02/11/2004,Shipped,4,11,2004,Motorcycles,-0.6151085860658991,S24_2000,Diecast Classics Inc.,2155551555,7586 Pompton St.,,Allentown,PA,70267,USA,EMEA,Yu,Kyung,Small,-0.1467875986341315,-0.5571394841180605
10329,0.1958158424735585,0.5340148972949198,4,-0.03257008226681798,15/11/2004,Shipped,4,11,2004,Motorcycles,-0.6151085860658991,S24_2000,Land of Toys Inc.,2125557818,897 Long Airport Avenue,,NYC,NY,10022,USA,EMEA,Yu,Kwai,Medium,0.10456857700723553,-0.1371386592740535
10340,2.043918780707471,-0.18237064417659724,8,0.45886130892263666,24/11/2004,Shipped,4,11,2004,Motorcycles,-0.6151085860658991,S24_2000,Enaco Distributors,(93) 203 4555,"Rambla de Catalu¤a, 23",,Barcelona,CA,8022,Spain,EMEA,Saavedra,Eduardo,Medium,-0.37275078468226663,0.8316120936049033
10363,-1.4469423248454747,0.8101579745265006,8,0.022660900172633797,06/01/2005,Shipped,1,1,2005,Motorcycles,-0.6151085860658991,S24_2000,Suominen Souveniers,+358 9 8045 555,"Software Engineering Center, SEC Oy",,Espoo,CA,FIN-02271,Finland,EMEA,Suominen,Kalle,Medium,-1.1722518631534757,1.1949127633261096
10375,-1.2415975539305957,0.8101579745265006,9,-0.6030820748981894,03/02/2005,Shipped,1,2,2005,Motorcycles,-0.6151085860658991,S24_2000,La Rochelle Gifts,40.67.8555,"67, rue des Cinquante Otages",,Nantes,CA,44000,France,EMEA,Labrune,Janine,Small,-1.005890159469469,0.4028080845712795
10389,1.4278844679628335,-0.11197151138147232,2,0.23605851573703995,03/03/2005,Shipped,1,3,2005,Motorcycles,-0.6151085860658991,S24_2000,Scandinavian Gift Ideas,0695-34 6555,?kergatan 24,,Boras,CA,S-844 67,Sweden,EMEA,Larsson,Maria,Medium,-0.15988238195592797,0.3959408976929679
10402,2.4546083225372293,0.19540498392118485,3,0.8767183631666453,07/04/2005,Shipped,2,4,2005,Motorcycles,-0.6151085860658991,S24_2000,Auto Canal Petit,(1) 47.55.6555,"25, rue Lauriston",,Paris,CA,75016,France,EMEA,Perrier,Dominique,Medium,0.4796426997981938,0.3970756633684515
10416,-0.3175460848136394,0.19540498392118485,1,-0.4076422667202023,10/05/2005,Shipped,2,5,2005,Motorcycles,-0.6151085860658991,S24_2000,L'ordine Souveniers,0522-556555,Strada Provinciale 124,,Reggio Emilia,CA,42100,Italy,EMEA,Moroni,Maurizio,Small,-0.062050087597244404,-0.3455921791229579
10105,0.8118501552181959,0.8101579745265006,9,1.513582472052826,11/02/2003,Shipped,1,2,2003,Ships,0.5297169996897844,S24_2011,Danish Wholesale Imports,31 12 3555,Vinb'ltet 34,,Kobenhavn,CA,1734,Denmark,EMEA,Petersen,Jytte,Medium,0.6577268773705988,0.8558555946822272
10117,0.6065053843033168,0.8101579745265006,3,0.8883282186828727,16/04/2003,Shipped,2,4,2003,Ships,0.5297169996897844,S24_2011,"Dragon Souveniers, Ltd.",+65 221 7555,"Bronz Sok., Bronz Apt. 3/6 Tesvikiye",,Singapore,CA,79903,Singapore,Japan,Natividad,Eric,Medium,0.491365173686592,0.3969630449962807
10129,1.017194926133075,0.8101579745265006,9,1.3433661338808611,12/06/2003,Shipped,2,6,2003,Ships,0.5297169996897844,S24_2011,"Stylish Desk Decors, Co.",(171) 555-0297,35 King George,,London,CA,WX3 6FW,UK,EMEA,Brown,Ann,Medium,0.8240885810546055,0.5192775528262557
10142,-0.21487369935619982,0.8101579745265006,6,-0.10202829644271283,08/08/2003,Shipped,3,8,2003,Ships,0.5297169996897844,S24_2011,Mini Gifts Distributors Ltd.,4155551450,5677 Strong St.,,San Rafael,CA,97562,USA,EMEA,Nelson,Valarie,Medium,-0.17408164104943508,0.07205334460672225
10153,0.5038329988458772,0.8101579745265006,5,1.0331093074451048,28/09/2003,Shipped,3,9,2003,Ships,0.5297169996897844,S24_2011,Euro Shopping Channel,(91) 555 94 44,"C/ Moralzarzal, 86",,Madrid,CA,28034,Spain,EMEA,Freyre,Diego,Medium,0.4081843218445886,0.6249249856005161
10167,-0.21487369935619982,0.8101579745265006,16,0.14024734140200043,23/10/2003,Cancelled,4,10,2003,Ships,0.5297169996897844,S24_2011,Scandinavian Gift Ideas,0695-34 6555,?kergatan 24,,Boras,CA,S-844 67,Sweden,EMEA,Larsson,Maria,Medium,-0.17408164104943508,0.3143289824514355
10177,1.530556853420273,0.8101579745265006,7,1.3733682160731697,07/11/2003,Shipped,4,11,2003,Ships,0.5297169996897844,S24_2011,CAF Imports,+34 913 728 555,"Merchants House, 27-30 Merchant's Quay",,Madrid,CA,28023,Spain,EMEA,Fernandez,Jesus,Medium,1.2399928402646223,0.13337537580854741
10185,-0.5228908557285186,0.8101579745265006,7,-0.2080809055315432,14/11/2003,Shipped,4,11,2003,Ships,0.5297169996897844,S24_2011,Mini Creations Ltd.,5085559555,4575 Hillside Dr.,,New Bedford,MA,50553,USA,EMEA,Tam,Wing C,Medium,-0.42362419657544526,0.21554329104390205
10197,0.6065053843033168,0.8101579745265006,13,0.5325496809316195,26/11/2003,Shipped,4,11,2003,Ships,0.5297169996897844,S24_2011,Enaco Distributors,(93) 203 4555,"Rambla de Catalu¤a, 23",,Barcelona,CA,8022,Spain,EMEA,Saavedra,Eduardo,Medium,0.491365173686592,0.04118450724502748
10208,-0.009528928441320661,0.8101579745265006,7,0.4057807019670137,02/01/2004,Shipped,1,1,2004,Ships,0.5297169996897844,S24_2011,"Saveley & Henriot, Co.",78.32.5555,"2, rue du Commerce",,Lyon,CA,69004,France,EMEA,Saveley,Mary,Medium,-0.007719937365428311,0.413500639332442
10221,1.4278844679628335,0.8101579745265006,1,1.7652307060720054,18/02/2004,Shipped,1,2,2004,Ships,0.5297169996897844,S24_2011,Petit Auto,(02) 5554 67,Rue Joseph-Bens 532,,Bruxelles,CA,B-1180,Belgium,EMEA,Dewey,Catherine,Medium,1.1568119884226191,0.6084187176493863
10232,1.1198673115905147,0.8101579745265006,4,1.1398352664329117,20/03/2004,Shipped,1,3,2004,Ships,0.5297169996897844,S24_2011,giftsbymail.co.uk,(198) 555-8888,Garden House Crowther Way,,Cowes,Isle of Wight,PO31 7PJ,UK,EMEA,Bennett,Helen,Medium,0.9072694328966089,0.23256583353630278
10248,1.325212082505394,0.8101579745265006,10,1.849861013939359,07/05/2004,Cancelled,2,5,2004,Ships,0.5297169996897844,S24_2011,Land of Toys Inc.,2125557818,897 Long Airport Avenue,,NYC,NY,10022,USA,EMEA,Yu,Kwai,Medium,1.0736311365806157,0.7762298773587433
10261,0.09314345701611891,0.8101579745265006,8,0.5206031504659038,17/06/2004,Shipped,2,6,2004,Ships,0.5297169996897844,S24_2011,Quebec Home Shopping Network,(514) 555-8054,43 rue St. Laurent,,Montreal,Quebec,H1J 1C3,Canada,EMEA,Fresnisre,Jean,Medium,0.07546091447657508,0.44514223598932867
10273,-1.344269939388035,0.8101579745265006,11,-0.41765563134692013,21/07/2004,Shipped,3,7,2004,Ships,0.5297169996897844,S24_2011,Petit Auto,(02) 5554 67,Rue Joseph-Bens 532,,Bruxelles,CA,B-1180,Belgium,EMEA,Dewey,Catherine,Small,-1.0890710113114723,0.6714153799645521
10283,0.7091777697607564,0.8101579745265006,13,0.9570642107897038,20/08/2004,Shipped,3,8,2004,Ships,0.5297169996897844,S24_2011,"Royal Canadian Collectables, Ltd.",(604) 555-4555,23 Tsawassen Blvd.,,Tsawassen,BC,T2F 8M4,Canada,EMEA,Lincoln,Elizabeth,Medium,0.5745460255285955,0.38251818526110837
10293,-1.4469423248454747,0.8101579745265006,2,-0.3323302526161067,09/09/2004,Shipped,3,9,2004,Ships,0.5297169996897844,S24_2011,Amica Models & Co.,011-4988555,Via Monte Bianco 34,,Torino,CA,10100,Italy,EMEA,Accorti,Paolo,Small,-1.1722518631534757,0.839921610537369
10306,-0.6255632411859581,0.8101579745265006,7,-0.18815192061828104,14/10/2004,Shipped,4,10,2004,Ships,0.5297169996897844,S24_2011,"AV Stores, Co.",(171) 555-1555,Fauntleroy Circus,,Manchester,CA,EC2 5NT,UK,EMEA,Ashworth,Victoria,Medium,-0.5068050484174486,0.31865312779916755
10315,-0.009528928441320661,0.8101579745265006,6,0.3590263259170996,29/10/2004,Shipped,4,10,2004,Ships,0.5297169996897844,S24_2011,La Rochelle Gifts,40.67.8555,"67, rue des Cinquante Otages",,Nantes,CA,44000,France,EMEA,Labrune,Janine,Medium,-0.007719937365428311,0.3667462632825279
10326,0.6065053843033168,0.8101579745265006,4,0.4232334969292003,09/11/2004,Shipped,4,11,2004,Ships,0.5297169996897844,S24_2011,"Volvo Model Replicas, Co",0921-12 3555,Berguvsvgen  8,,Lule,CA,S-958 22,Sweden,EMEA,Berglund,Christina,Medium,0.491365173686592,-0.06813167675739168
10337,-0.6255632411859581,-0.5794812453659989,4,-0.7964855426558842,21/11/2004,Shipped,4,11,2004,Ships,0.5297169996897844,S24_2011,Classic Legends Inc.,2125558493,5905 Pompton St.,Suite 750,NYC,NY,10022,USA,EMEA,Hernandez,Maria,Small,0.3625021660576297,-1.1589877087135139
10350,-0.11220131389876024,-1.6523243676804367,7,-1.0006137366271193,02/12/2004,Shipped,4,12,2004,Ships,0.5297169996897844,S24_2011,Euro Shopping Channel,(91) 555 94 44,"C/ Moralzarzal, 86",,Madrid,CA,28034,Spain,EMEA,Freyre,Diego,Small,0.1853929650406832,-1.1860067016678024
10372,0.1958158424735585,0.8101579745265006,8,0.1936646233071119,26/01/2005,Shipped,1,1,2005,Ships,0.5297169996897844,S24_2011,"Tokyo Collectables, Ltd",+81 3 3584 0555,2-2-8 Roppongi,,Minato-ku,Tokyo,106-0032,Japan,Japan,Shimamura,Akiko,Medium,0.15864176631857846,0.03502285698853344
10384,-0.7282356266433977,-0.1546076058911958,3,-0.7052629220679038,23/02/2005,Shipped,1,2,2005,Ships,0.5297169996897844,S24_2011,Corporate Gift Ideas Co.,6505551386,7734 Strong St.,,San Francisco,CA,,USA,EMEA,Brown,Julie,Small,0.11259076676001044,-0.8178536888279142
10396,1.4278844679628335,0.8101579745265006,6,1.17665773147292,23/03/2005,Shipped,1,3,2005,Ships,0.5297169996897844,S24_2011,Mini Gifts Distributors Ltd.,4155551450,5677 Strong St.,,San Rafael,CA,97562,USA,EMEA,Nelson,Valarie,Medium,1.1568119884226191,0.019845743050300957
10414,-1.2415975539305957,0.8101579745265006,10,-0.1187371483713524,06/05/2005,On Hold,2,5,2005,Ships,0.5297169996897844,S24_2011,Gifts4AllAges.com,6175559555,8616 Spinnaker Dr.,,Boston,MA,51003,USA,EMEA,Yoshido,Juri,Medium,-1.005890159469469,0.8871530110981165
10101,1.1198673115905147,-1.4822757581823534,2,-0.5869705494928357,09/01/2003,Shipped,1,1,2003,Vintage Cars,-1.4115089935481138,S24_2022,"Blauer See Auto, Co.",+49 69 66 90 2555,Lyonerstr. 34,,Frankfurt,CA,60528,Germany,EMEA,Keitel,Roland,Small,-1.659952168351464,1.0729816188586283
10110,0.40116061338843767,-1.948793955085258,2,-0.990605802241522,18/03/2003,Shipped,1,3,2003,Vintage Cars,-1.4115089935481138,S24_2022,"AV Stores, Co.",(171) 555-1555,Fauntleroy Circus,,Manchester,CA,EC2 5NT,UK,EMEA,Ashworth,Victoria,Small,-0.7817793783896816,-0.20882642385184036
10124,-1.344269939388035,-1.9041747864122915,1,-1.3892669541235738,21/05/2003,Shipped,2,5,2003,Vintage Cars,-1.4115089935481138,S24_2022,Signal Gift Stores,7025551838,8489 Strong St.,,Las Vegas,NV,83030,USA,EMEA,King,Sue,Small,2.5597249247146756,-3.9489918788382496
10149,1.4278844679628335,-1.704380064465564,6,-0.6185962737802576,12/09/2003,Shipped,3,9,2003,Vintage Cars,-1.4115089935481138,S24_2022,Signal Collectibles Ltd.,4155554312,2793 Furth Circle,,Brisbane,CA,94217,USA,EMEA,Taylor,Sue,Small,-2.433657821555872,1.8150615477756142
10162,0.8118501552181959,-2.3483833989787133,4,-1.0824746215228753,18/10/2003,Shipped,4,10,2003,Vintage Cars,-1.4115089935481138,S24_2022,Corporate Gift Ideas Co.,6505551386,7734 Strong St.,,San Francisco,CA,,USA,EMEA,Brown,Julie,Small,-1.9065354269727028,0.8240608054498275
10173,-0.8309080121008373,-2.103969508359019,8,-1.3254942024011354,05/11/2003,Shipped,4,11,2003,Vintage Cars,-1.4115089935481138,S24_2022,Rovelli Gifts,035-640555,Via Ludovico il Moro 22,,Bergamo,CA,24100,Italy,EMEA,Rovelli,Giovanni,Small,1.7482051217113685,-3.073699324112504
10182,-0.42021847027107895,-2.3260738146422297,5,-1.311375575487108,12/11/2003,Shipped,4,11,2003,Vintage Cars,-1.4115089935481138,S24_2022,Mini Gifts Distributors Ltd.,4155551450,5677 Strong St.,,San Rafael,CA,97562,USA,EMEA,Nelson,Valarie,Small,0.9774591801265711,-2.2888347556136788
10193,-1.5496147103029143,-1.6379470799969251,9,-1.380089846629456,21/11/2003,Shipped,4,11,2003,Vintage Cars,-1.4115089935481138,S24_2022,"Australian Collectables, Ltd",61-9-3844-6555,7 Allen Street,,Glen Waverly,Victoria,3150,Australia,APAC,Connery,Sean,Small,2.5381868898609397,-3.9182767364903954
10205,-1.138925168473156,-2.259640830173591,4,-1.433566861186896,03/12/2003,Shipped,4,12,2003,Vintage Cars,-1.4115089935481138,S24_2022,Euro Shopping Channel,(91) 555 94 44,"C/ Moralzarzal, 86",,Madrid,CA,28034,Spain,EMEA,Freyre,Diego,Small,2.5735618131942792,-4.007128674381175
10214,1.4278844679628335,-1.770813048934203,2,-0.6542512369792979,26/01/2004,Shipped,1,1,2004,Vintage Cars,-1.4115089935481138,S24_2022,"Corrida Auto Replicas, Ltd",(91) 555 22 82,"C/ Araquil, 67",,Madrid,CA,28023,Spain,EMEA,Sommer,Mart¡n,Small,-2.5285164482390576,1.8742652112597598
10227,-1.138925168473156,-1.7489992331385305,5,-1.2993313006812182,02/03/2004,Shipped,1,3,2004,Vintage Cars,-1.4115089935481138,S24_2022,"Saveley & Henriot, Co.",78.32.5555,"2, rue du Commerce",,Lyon,CA,69004,France,EMEA,Saveley,Mary,Small,1.9919792462617216,-3.29131054694294
10244,0.40116061338843767,-1.9041747864122915,9,-0.9715456559075847,29/04/2004,Shipped,2,4,2004,Vintage Cars,-1.4115089935481138,S24_2022,Euro Shopping Channel,(91) 555 94 44,"C/ Moralzarzal, 86",,Madrid,CA,28034,Spain,EMEA,Freyre,Diego,Small,-0.7638799253159522,-0.2076657305916325
10255,0.1958158424735585,-1.8818652020758082,2,-1.0116479865845438,04/06/2004,Shipped,2,6,2004,Vintage Cars,-1.4115089935481138,S24_2022,Mini Caravy,88.60.1555,"24, place Kluber",,Strasbourg,CA,67000,France,EMEA,Citeaux,Frederique,Small,-0.36849901996614776,-0.643148966618396
10280,1.017194926133075,-1.793122633270686,11,-0.7693777789809512,17/08/2004,Shipped,3,8,2004,Vintage Cars,-1.4115089935481138,S24_2022,Amica Models & Co.,011-4988555,Via Monte Bianco 34,,Torino,CA,10100,Italy,EMEA,Accorti,Paolo,Small,-1.8239552444973204,1.054577465516369
10289,1.017194926133075,-1.7489992331385305,4,-0.747629663292228,03/09/2004,Shipped,3,9,2004,Vintage Cars,-1.4115089935481138,S24_2022,Herkku Gifts,+47 2267 3215,"Drammen 121, PR 744 Sentrum",,Bergen,CA,N 5804,Norway,EMEA,Oeztan,Veysel,Small,-1.7790731457591524,1.0314434824669245
10304,0.9145225406756355,-2.193207845704952,15,-0.9879829957801853,11/10/2004,Shipped,4,10,2004,Vintage Cars,-1.4115089935481138,S24_2022,Auto Assoc. & Cie.,30.59.8555,"67, avenue de l'Europe",,Versailles,CA,78000,France,EMEA,Tonini,Daniel,Small,-2.00573801128383,1.0177550155036446
10312,-1.2415975539305957,-2.281950414510074,12,-1.4598655189348326,21/10/2004,Shipped,4,10,2004,Vintage Cars,-1.4115089935481138,S24_2022,Mini Gifts Distributors Ltd.,4155551450,5677 Strong St.,,San Rafael,CA,97562,USA,EMEA,Nelson,Valarie,Small,2.8332640528466166,-4.293129571781449
10322,-0.5228908557285186,0.8101579745265006,4,-0.029208763013055226,04/11/2004,Shipped,4,11,2004,Vintage Cars,-1.4115089935481138,S24_2022,Online Diecast Creations Co.,6035558647,2304 Long Airport Avenue,,Nashua,NH,62005,USA,EMEA,Young,Valarie,Medium,-0.42362419657544526,0.39441543356239
10332,-0.9335803975582768,0.09228512743255138,10,-0.722422484009568,17/11/2004,Shipped,4,11,2004,Vintage Cars,-1.4115089935481138,S24_2022,"AV Stores, Co.",(171) 555-1555,Fauntleroy Circus,,Manchester,CA,EC2 5NT,UK,EMEA,Ashworth,Victoria,Small,-0.08615558595719755,-0.6362668980523705
10345,0.8118501552181959,-1.4822757581823534,1,-0.674549478288773,25/11/2004,Shipped,4,11,2004,Vintage Cars,-1.4115089935481138,S24_2022,Atelier graphique,40.32.2555,"54, rue Royale",,Nantes,CA,44000,France,EMEA,Schmitt,Carine,Small,-1.2033858043565127,0.5288363260677397
10356,-0.9335803975582768,-2.5680088625578703,7,-1.480028004216288,09/12/2004,Shipped,4,12,2004,Vintage Cars,-1.4115089935481138,S24_2022,Lyon Souveniers,+33 1 46 62 7555,27 rue du Colonel Pierre Avia,,Paris,CA,75508,France,EMEA,Da Cunha,Daniel,Small,2.397442734839955,-3.877470739056243
10367,-0.7282356266433977,-2.6309714672408337,12,-1.464736445220172,12/01/2005,Resolved,1,1,2005,Vintage Cars,-1.4115089935481138,S24_2022,Toys4GrownUps.com,6265557265,78934 Hillside Dr.,,Pasadena,CA,90003,USA,EMEA,Young,Julie,Small,1.915967155127028,-3.3807036003472
10380,-0.8309080121008373,-0.7589494571394864,5,-0.9277236100628914,16/02/2005,Shipped,1,2,2005,Vintage Cars,-1.4115089935481138,S24_2022,Euro Shopping Channel,(91) 555 94 44,"C/ Moralzarzal, 86",,Madrid,CA,28034,Spain,EMEA,Freyre,Diego,Small,0.6306171847167802,-1.5583407947796717
10391,-1.138925168473156,0.8101579745265006,1,0.26509944525097057,09/03/2005,Shipped,1,3,2005,Vintage Cars,-1.4115089935481138,S24_2022,"Anna's Decorations, Ltd",02 9936 8555,201 Miller Street,Level 15,North Sydney,NSW,2060,Australia,APAC,O'Hara,Anna,Medium,-0.9227093076274656,1.1878087528784362
10421,0.5038329988458772,-1.8818652020758082,2,-0.9371993808186523,29/05/2005,In Process,2,5,2005,Vintage Cars,-1.4115089935481138,S24_2022,Mini Gifts Distributors Ltd.,4155551450,5677 Strong St.,,San Rafael,CA,97562,USA,EMEA,Nelson,Valarie,Small,-0.9481457881855571,0.010946407366904776
10103,0.09314345701611891,0.8101579745265006,1,0.06863332150115609,29/01/2003,Shipped,1,1,2003,Trucks and Buses,0.6541545633588803,S24_2300,Baane Mini Imports,07-98 9555,Erling Skakkes gate 78,,Stavern,CA,4110,Norway,EMEA,Bergulfsen,Jonas,Medium,0.07546091447657508,-0.006827592975418989
10114,-1.4469423248454747,0.8101579745265006,5,-0.3414530576990167,01/04/2003,Shipped,2,4,2003,Trucks and Buses,0.6541545633588803,S24_2300,"La Corne D'abondance, Co.",(1) 42.34.2555,"265, boulevard Charonne",,Paris,CA,75012,France,EMEA,Bertrand,Marie,Small,-1.1722518631534757,0.830798805454459
10126,-0.8309080121008373,0.8101579745265006,1,-0.07500198638459157,28/05/2003,Shipped,2,5,2003,Trucks and Buses,0.6541545633588803,S24_2300,"Corrida Auto Replicas, Ltd",(91) 555 22 82,"C/ Araquil, 67",,Madrid,CA,28023,Spain,EMEA,Sommer,Mart¡n,Medium,-0.6731667521014554,0.5981647657168638
10140,1.2225396970479543,0.8101579745265006,1,0.8423666578365925,24/07/2003,Shipped,3,7,2003,Trucks and Buses,0.6541545633588803,S24_2300,Technics Stores Inc.,6505556809,9408 Furth Circle,,Burlingame,CA,94217,USA,EMEA,Hirano,Juri,Medium,0.9904502847386123,-0.14808362690201982
10151,0.7091777697607564,0.8101579745265006,8,0.838923884966018,21/09/2003,Shipped,3,9,2003,Trucks and Buses,0.6541545633588803,S24_2300,"Oulu Toy Supplies, Inc.",981-443655,Torikatu 38,,Oulu,CA,90110,Finland,EMEA,Koskitalo,Pirkko,Medium,0.5745460255285955,0.26437785943742254
10165,-0.3175460848136394,0.8101579745265006,17,0.6016006270234558,22/10/2003,Shipped,4,10,2003,Trucks and Buses,0.6541545633588803,S24_2300,"Dragon Souveniers, Ltd.",+65 221 7555,"Bronz Sok., Bronz Apt. 3/6 Tesvikiye",,Singapore,CA,79903,Singapore,Japan,Natividad,Eric,Medium,-0.2572624928914385,0.8588631199148944
10175,-0.7282356266433977,0.8101579745265006,6,-0.3170875657900776,06/11/2003,Shipped,4,11,2003,Trucks and Buses,0.6541545633588803,S24_2300,"Stylish Desk Decors, Co.",(171) 555-0297,35 King George,,London,CA,WX3 6FW,UK,EMEA,Brown,Ann,Small,-0.589985900259452,0.2728983344693744
10184,-1.138925168473156,0.8101579745265006,11,-0.031261394156709865,14/11/2003,Shipped,4,11,2003,Trucks and Buses,0.6541545633588803,S24_2300,"Iberia Gift Imports, Corp.",(95) 555 82 82,"C/ Romero, 33",,Sevilla,CA,41101,Spain,EMEA,Roel,Jose Pedro,Medium,-0.9227093076274656,0.8914479134707558
10194,1.4278844679628335,0.8101579745265006,1,1.1984764402962136,25/11/2003,Shipped,4,11,2003,Trucks and Buses,0.6541545633588803,S24_2300,"Saveley & Henriot, Co.",78.32.5555,"2, rue du Commerce",,Lyon,CA,69004,France,EMEA,Saveley,Mary,Medium,1.1568119884226191,0.041664451873594466
10207,1.1198673115905147,0.8101579745265006,12,1.773055683527049,09/12/2003,Shipped,4,12,2003,Trucks and Buses,0.6541545633588803,S24_2300,Diecast Collectables,6175552555,6251 Ingle Ln.,,Boston,MA,51003,USA,EMEA,Franco,Valarie,Medium,0.9072694328966089,0.8657862506304401
10217,-0.7282356266433977,0.8101579745265006,1,-0.21992969165708465,04/02/2004,Shipped,1,2,2004,Trucks and Buses,0.6541545633588803,S24_2300,Handji Gifts& Co,+65 224 1555,Village Close - 106 Linden Road Sandown,2nd Floor,Singapore,CA,69045,Singapore,APAC,Victorino,Wendy,Medium,-0.589985900259452,0.3700562086023673
10229,1.325212082505394,0.8101579745265006,6,1.1677358453114786,11/03/2004,Shipped,1,3,2004,Trucks and Buses,0.6541545633588803,S24_2300,Mini Gifts Distributors Ltd.,4155551450,5677 Strong St.,,San Rafael,CA,97562,USA,EMEA,Nelson,Valarie,Medium,1.0736311365806157,0.09410470873086285
10246,-0.6255632411859581,0.8101579745265006,10,-0.018076768715456555,05/05/2004,Shipped,2,5,2004,Trucks and Buses,0.6541545633588803,S24_2300,Euro Shopping Channel,(91) 555 94 44,"C/ Moralzarzal, 86",,Madrid,CA,28034,Spain,EMEA,Freyre,Diego,Medium,-0.5068050484174486,0.488728279701992
10259,1.2225396970479543,0.8101579745265006,9,0.9403716495844268,15/06/2004,Shipped,2,6,2004,Trucks and Buses,0.6541545633588803,S24_2300,Handji Gifts& Co,+65 224 1555,Village Close - 106 Linden Road Sandown,2nd Floor,Singapore,CA,69045,Singapore,APAC,Victorino,Wendy,Medium,0.9904502847386123,-0.050078635154185536
10271,0.8118501552181959,0.8101579745265006,10,1.1138298417054973,20/07/2004,Shipped,3,7,2004,Trucks and Buses,0.6541545633588803,S24_2300,Mini Gifts Distributors Ltd.,4155551450,5677 Strong St.,,San Rafael,CA,97562,USA,EMEA,Nelson,Valarie,Medium,0.6577268773705988,0.4561029643348985
10281,-1.0362527830157164,0.8101579745265006,6,-0.42051193817645044,19/08/2004,Shipped,3,8,2004,Trucks and Buses,0.6541545633588803,S24_2300,Diecast Classics Inc.,2155551555,7586 Pompton St.,,Allentown,PA,70267,USA,EMEA,Yu,Kyung,Small,-0.8395284557854622,0.41901651760901176
10291,1.325212082505394,0.8101579745265006,1,1.0014401412287168,08/09/2004,Shipped,3,9,2004,Trucks and Buses,0.6541545633588803,S24_2300,Scandinavian Gift Ideas,0695-34 6555,?kergatan 24,,Boras,CA,S-844 67,Sweden,EMEA,Larsson,Maria,Medium,1.0736311365806157,-0.07219099535189888
10305,-1.138925168473156,0.8101579745265006,10,-0.19781774981326927,13/10/2004,Shipped,4,10,2004,Trucks and Buses,0.6541545633588803,S24_2300,Marta's Replicas Co.,6175558555,39323 Spinnaker Dr.,,Cambridge,MA,51247,USA,EMEA,Hernandez,Marta,Medium,-0.9227093076274656,0.7248915578141963
10313,0.7091777697607564,0.8101579745265006,4,1.1012045310996843,22/10/2004,Shipped,4,10,2004,Trucks and Buses,0.6541545633588803,S24_2300,Canadian Gift Exchange Network,(604) 555-3392,1900 Oak St.,,Vancouver,BC,V3F 2K1,Canada,EMEA,Tannamuri,Yoshi,Medium,0.5745460255285955,0.5266585055710888
10324,-0.42021847027107895,0.8101579745265006,2,0.14474358105000626,05/11/2004,Shipped,4,11,2004,Trucks and Buses,0.6541545633588803,S24_2300,Vitachrome Inc.,2125551500,2678 Kingston Rd.,Suite 101,NYC,NY,10022,USA,EMEA,Frick,Michael,Medium,-0.34044334473344184,0.48518692578344813
10334,0.7091777697607564,0.8101579745265006,5,1.0720115548343716,19/11/2004,On Hold,4,11,2004,Trucks and Buses,0.6541545633588803,S24_2300,"Volvo Model Replicas, Co",0921-12 3555,Berguvsvgen  8,,Lule,CA,S-958 22,Sweden,EMEA,Berglund,Christina,Medium,0.5745460255285955,0.49746552930577614
10348,0.1958158424735585,0.8101579745265006,1,1.3182078267682882,01/11/2004,Shipped,4,11,2004,Trucks and Buses,0.6541545633588803,S24_2300,"Corrida Auto Replicas, Ltd",(91) 555 22 82,"C/ Araquil, 67",,Madrid,CA,28023,Spain,EMEA,Sommer,Mart¡n,Medium,0.15864176631857846,1.1595660604497098
10358,0.6065053843033168,0.8101579745265006,7,1.1570545610269045,10/12/2004,Shipped,4,12,2004,Trucks and Buses,0.6541545633588803,S24_2300,Euro Shopping Channel,(91) 555 94 44,"C/ Moralzarzal, 86",,Madrid,CA,28034,Spain,EMEA,Freyre,Diego,Medium,0.491365173686592,0.6656893873403125
10371,-1.5496147103029143,0.8101579745265006,5,-0.05674008549540892,23/01/2005,Shipped,1,1,2005,Trucks and Buses,0.6541545633588803,S24_2300,Mini Gifts Distributors Ltd.,4155551450,5677 Strong St.,,San Rafael,CA,97562,USA,EMEA,Nelson,Valarie,Medium,-1.2554327149954791,1.1986926295000702
10382,-1.5496147103029143,0.8101579745265006,3,-0.4884442545974062,17/02/2005,Shipped,1,2,2005,Trucks and Buses,0.6541545633588803,S24_2300,Mini Gifts Distributors Ltd.,4155551450,5677 Strong St.,,San Rafael,CA,97562,USA,EMEA,Nelson,Valarie,Small,-1.2554327149954791,0.766988460398073
10412,3.5840045625690644,0.8101579745265006,10,2.684771446741501,03/05/2005,Shipped,2,5,2005,Trucks and Buses,0.6541545633588803,S24_2300,Euro Shopping Channel,(91) 555 94 44,"C/ Moralzarzal, 86",,Madrid,CA,28034,Spain,EMEA,Freyre,Diego,Large,2.90360987710469,-0.21883843036318895
10425,1.4278844679628335,0.8101579745265006,9,1.062508632873007,31/05/2005,In Process,2,5,2005,Trucks and Buses,0.6541545633588803,S24_2300,La Rochelle Gifts,40.67.8555,"67, rue des Cinquante Otages",,Nantes,CA,44000,France,EMEA,Labrune,Janine,Medium,1.1568119884226191,-0.09430335554961222
10108,-0.009528928441320661,-1.2289380338280662,15,-0.810973425966125,03/03/2003,Shipped,1,3,2003,Motorcycles,-0.7893211752026337,S24_2360,Cruz & Sons Co.,+63 2 555 3587,15 McCallum Street - NatWest Center #13-03,,Makati City,CA,1227 MM,Philippines,Japan,Cruz,Arnold,Small,0.011710462583164953,-0.82268388854929
10121,-0.3175460848136394,-0.33605889182792653,2,-0.5939212581274339,07/05/2003,Shipped,2,5,2003,Motorcycles,-0.7893211752026337,S24_2360,Reims Collectables,26.47.1555,59 rue de l'Abbaye,,Reims,CA,51100,France,EMEA,Henriot,Paul,Small,0.10671418536676842,-0.7006354434942024
10135,-0.6255632411859581,-1.0916101480234914,16,-0.959159275911086,02/07/2003,Shipped,3,7,2003,Motorcycles,-0.7893211752026337,S24_2360,Mini Gifts Distributors Ltd.,4155551450,5677 Strong St.,,San Rafael,CA,97562,USA,EMEA,Nelson,Valarie,Small,0.6828711823090587,-1.6420304582201446
10145,-0.8309080121008373,-1.1258181773394322,3,-1.0362198276560726,25/08/2003,Shipped,3,8,2003,Motorcycles,-0.7893211752026337,S24_2360,Toys4GrownUps.com,6265557265,78934 Hillside Dr.,,Pasadena,CA,90003,USA,EMEA,Young,Julie,Small,0.9354513437200955,-1.971671171376168
10159,-0.8309080121008373,-0.1645229767074107,11,-0.7519304142598857,10/10/2003,Shipped,4,10,2003,Motorcycles,-0.7893211752026337,S24_2360,Corporate Gift Ideas Co.,6505551386,7734 Strong St.,,San Francisco,CA,,USA,EMEA,Brown,Julie,Small,0.136703459520867,-0.8886338737807526
10169,0.29848822793099805,-0.47338677763250087,11,-0.40059381374543007,04/11/2003,Shipped,4,11,2003,Motorcycles,-0.7893211752026337,S24_2360,"Anna's Decorations, Ltd",02 9936 8555,201 Miller Street,Level 15,North Sydney,NSW,2060,Australia,APAC,O'Hara,Anna,Small,-0.14130038038149062,-0.25929343336393945
10180,-0.009528928441320661,-0.5765066341211343,6,-0.5608565199430053,11/11/2003,Shipped,4,11,2003,Motorcycles,-0.7893211752026337,S24_2360,Daedalus Designs Imports,20.16.1555,"184, chausse de Tournai",,Lille,CA,59000,France,EMEA,Rance,Martine,Small,0.005493490462486921,-0.5663500104054923
10190,0.7091777697607564,-0.3702669211438674,3,-0.19218115952989973,19/11/2003,Shipped,4,11,2003,Motorcycles,-0.7893211752026337,S24_2360,Euro Shopping Channel,(91) 555 94 44,"C/ Moralzarzal, 86",,Madrid,CA,28034,Spain,EMEA,Freyre,Diego,Medium,-0.26258506935298975,0.07040390982309003
10211,-1.4469423248454747,-0.988490291534858,11,-1.2032160328434152,15/01/2004,Shipped,1,1,2004,Motorcycles,-0.7893211752026337,S24_2360,Auto Canal Petit,(1) 47.55.6555,"25, rue Lauriston",,Paris,CA,75016,France,EMEA,Perrier,Dominique,Small,1.4302884405206284,-2.6335044733640434
10224,0.1958158424735585,-0.1645229767074107,4,-0.31566484261643335,21/02/2004,Shipped,1,2,2004,Motorcycles,-0.7893211752026337,S24_2360,Daedalus Designs Imports,20.16.1555,"184, chausse de Tournai",,Lille,CA,59000,France,EMEA,Rance,Martine,Small,-0.03221620529021926,-0.28344863732621406
10237,-0.9335803975582768,-0.19873100602335153,4,-0.8052988239949098,05/04/2004,Shipped,2,4,2004,Motorcycles,-0.7893211752026337,S24_2360,Vitachrome Inc.,2125551500,2678 Kingston Rd.,Suite 101,NYC,NY,10022,USA,EMEA,Frick,Michael,Small,0.18553137161043684,-0.9908301956053467
10252,1.2225396970479543,-0.8853704350462245,8,-0.2504910886848337,26/05/2004,Shipped,2,5,2004,Motorcycles,-0.7893211752026337,S24_2360,Auto Canal Petit,(1) 47.55.6555,"25, rue Lauriston",,Paris,CA,75016,France,EMEA,Perrier,Dominique,Medium,-1.0824005034366269,0.8319094147517931
10264,0.1958158424735585,-0.9200742329029763,6,-0.621865278934967,30/06/2004,Shipped,2,6,2004,Motorcycles,-0.7893211752026337,S24_2360,Gifts4AllAges.com,6175559555,8616 Spinnaker Dr.,,Boston,MA,51003,USA,EMEA,Yoshido,Juri,Small,-0.18016511105410937,-0.44170016788085764
10276,1.1198673115905147,-0.4049707190006192,12,-0.04417450754192444,02/08/2004,Shipped,3,8,2004,Motorcycles,-0.7893211752026337,S24_2360,Online Mini Collectables,6175557555,7635 Spinnaker Dr.,,Brickhaven,MA,58339,USA,EMEA,Barajas,Miguel,Medium,-0.4535134703601012,0.4093389628181768
10285,0.29848822793099805,-1.194730004512125,3,-0.7008318453133472,27/08/2004,Shipped,3,8,2004,Motorcycles,-0.7893211752026337,S24_2360,Marta's Replicas Co.,6175558555,39323 Spinnaker Dr.,,Cambridge,MA,51247,USA,EMEA,Hernandez,Marta,Small,-0.3566128419028175,-0.3442190034105297
10299,-0.21487369935619982,-0.8511624057302837,6,-0.7383602416990568,30/09/2004,Shipped,3,9,2004,Motorcycles,-0.7893211752026337,S24_2360,"Toys of Finland, Co.",90-224 8555,Keskuskatu 45,,Helsinki,CA,21240,Finland,EMEA,Karttunen,Matti,Small,0.18289241487218874,-0.9212526565712456
10309,-1.138925168473156,-1.3662659196326405,2,-1.1987197931954092,15/10/2004,Shipped,4,10,2004,Motorcycles,-0.7893211752026337,S24_2360,Baane Mini Imports,07-98 9555,Erling Skakkes gate 78,,Stavern,CA,4110,Norway,EMEA,Bergulfsen,Jonas,Small,1.5560746426967367,-2.754794435892146
10319,-0.42021847027107895,-0.09561114953471804,7,-0.5540252766130643,03/11/2004,Shipped,4,11,2004,Motorcycles,-0.7893211752026337,S24_2360,Microscale Inc.,2125551957,5290 North Pendale Street,Suite 200,NYC,NY,10022,USA,EMEA,Kuo,Kee,Small,0.040177570998338595,-0.594202847611403
10330,0.7091777697607564,-0.13031494739146987,1,-0.08179521802668703,16/11/2004,Shipped,4,11,2004,Motorcycles,-0.7893211752026337,S24_2360,Cruz & Sons Co.,+63 2 555 3587,15 McCallum Street - NatWest Center #13-03,,Makati City,CA,1227 MM,Philippines,Japan,Cruz,Arnold,Medium,-0.09241646375757291,0.010621245730885881
10341,-0.3175460848136394,0.8101579745265006,6,-0.13395811423289838,24/11/2004,Shipped,4,11,2004,Motorcycles,-0.7893211752026337,S24_2360,Salzburg Collectables,6562-9555,Geislweg 14,,Salzburg,CA,5020,Austria,EMEA,Pipps,Georg,Medium,-0.2572624928914385,0.1233043786585401
10355,0.6065053843033168,-0.644922692753016,3,-0.35689666344651455,07/12/2004,Shipped,4,12,2004,Motorcycles,-0.7893211752026337,S24_2360,Euro Shopping Channel,(91) 555 94 44,"C/ Moralzarzal, 86",,Madrid,CA,28034,Spain,EMEA,Freyre,Diego,Small,-0.39114908561409784,0.034252422167583285
10363,0.8118501552181959,-1.1119366581967318,14,-0.5001247032482038,06/01/2005,Shipped,1,1,2005,Motorcycles,-0.7893211752026337,S24_2360,Suominen Souveniers,+358 9 8045 555,"Software Engineering Center, SEC Oy",,Espoo,CA,FIN-02271,Finland,EMEA,Suominen,Kalle,Small,-0.9027259485498188,0.402601245301615
10375,-1.5496147103029143,0.8101579745265006,14,-0.8188201243856518,03/02/2005,Shipped,1,2,2005,Motorcycles,-0.7893211752026337,S24_2360,La Rochelle Gifts,40.67.8555,"67, rue des Cinquante Otages",,Nantes,CA,44000,France,EMEA,Labrune,Janine,Small,-1.2554327149954791,0.4366125906098274
10390,-0.009528928441320661,-0.918586927280544,4,-0.6919968430098384,04/03/2005,Shipped,1,3,2005,Motorcycles,-0.7893211752026337,S24_2360,Mini Gifts Distributors Ltd.,4155551450,5677 Strong St.,,San Rafael,CA,97562,USA,EMEA,Nelson,Valarie,Small,0.00875314909718893,-0.7007499921070274
10403,-0.8309080121008373,-0.19873100602335153,4,-0.7620469534678984,08/04/2005,Shipped,2,4,2005,Motorcycles,-0.7893211752026337,S24_2360,"UK Collectables, Ltd.",(171) 555-2282,Berkeley Gardens 12  Brewery,,Liverpool,CA,WX1 6LT,UK,EMEA,Devon,Elizabeth,Small,0.16512718515766256,-0.927174138625561
10110,0.8118501552181959,-0.27309628714496226,11,-0.10504208026474574,18/03/2003,Shipped,1,3,2003,Classic Cars,-0.26668340779243027,S24_2766,"AV Stores, Co.",(171) 555-1555,Fauntleroy Circus,,Manchester,CA,EC2 5NT,UK,EMEA,Ashworth,Victoria,Medium,-0.22171326310815062,0.11667118284340489
10124,-0.3175460848136394,-0.5432901418868148,10,-0.6665561633589849,21/05/2003,Shipped,2,5,2003,Classic Cars,-0.26668340779243027,S24_2766,Signal Gift Stores,7025551838,8489 Strong St.,,Las Vegas,NV,83030,USA,EMEA,King,Sue,Small,0.17251965747400466,-0.8390758208329896
10148,-1.4469423248454747,-0.49867097321384873,4,-1.090549390069475,11/09/2003,Shipped,3,9,2003,Classic Cars,-0.26668340779243027,S24_2766,"Anna's Decorations, Ltd",02 9936 8555,201 Miller Street,Level 15,North Sydney,NSW,2060,Australia,APAC,O'Hara,Anna,Small,0.7215481373150017,-1.8120975273844766
10161,-1.5496147103029143,0.8101579745265006,3,-0.7652779469347626,17/10/2003,Shipped,4,10,2003,Classic Cars,-0.26668340779243027,S24_2766,Heintze Collectables,86 21 3555,Smagsloget 45,,Aaarhus,CA,8200,Denmark,EMEA,Ibsen,Palle,Small,-1.2554327149954791,0.49015476806071656
10172,-1.344269939388035,-0.45355603600007105,1,-1.039711472696734,05/11/2003,Shipped,4,11,2003,Classic Cars,-0.26668340779243027,S24_2766,Gift Depot Inc.,2035552570,25593 South Bay Ln.,,Bridgewater,CT,97562,USA,EMEA,King,Julie,Small,0.609701745022893,-1.649413217719627
10182,0.09314345701611891,-0.49867097321384873,14,-0.49105077033538064,12/11/2003,Shipped,4,11,2003,Classic Cars,-0.26668340779243027,S24_2766,Mini Gifts Distributors Ltd.,4155551450,5677 Strong St.,,San Rafael,CA,97562,USA,EMEA,Nelson,Valarie,Small,-0.046447938358730304,-0.44460283197665035
10192,1.1198673115905147,-0.0029024324031104564,2,0.15840606770988824,20/11/2003,Shipped,4,11,2003,Classic Cars,-0.26668340779243027,S24_2766,Online Diecast Creations Co.,6035558647,2304 Long Airport Avenue,,Nashua,NH,62005,USA,EMEA,Young,Valarie,Medium,-0.0032503391723445038,0.16165640688223273
10204,1.2225396970479543,0.6277151515081486,8,0.5284444186443097,02/12/2003,Shipped,4,12,2003,Classic Cars,-0.26668340779243027,S24_2766,Muscle Machine Inc,2125557413,4092 Furth Circle,Suite 400,NYC,NY,10022,USA,EMEA,Young,Jeff,Medium,0.7674066911571827,-0.23896227251287305
10212,1.017194926133075,0.22217648512496505,1,0.22394907803770106,16/01/2004,Shipped,1,1,2004,Classic Cars,-0.26668340779243027,S24_2766,Euro Shopping Channel,(91) 555 94 44,"C/ Moralzarzal, 86",,Madrid,CA,28034,Spain,EMEA,Freyre,Diego,Medium,0.22599679337519507,-0.0020477153374940105
10227,1.2225396970479543,0.22217648512496505,14,0.31967336851480793,02/03/2004,Shipped,1,3,2004,Classic Cars,-0.26668340779243027,S24_2766,"Saveley & Henriot, Co.",78.32.5555,"2, rue du Commerce",,Lyon,CA,69004,France,EMEA,Saveley,Mary,Medium,0.2716195728158541,0.04805379569895385
10241,1.2225396970479543,0.5374852770805946,6,0.48199413609715897,13/04/2004,Shipped,2,4,2004,Classic Cars,-0.26668340779243027,S24_2766,Mini Caravy,88.60.1555,"24, place Kluber",,Strasbourg,CA,67000,France,EMEA,Citeaux,Frederique,Medium,0.6570970878098459,-0.17510295171268692
10267,0.29848822793099805,0.17755731645199832,3,-0.12965736326524072,07/07/2004,Shipped,3,7,2004,Classic Cars,-0.26668340779243027,S24_2766,Muscle Machine Inc,2125557413,4092 Furth Circle,Suite 400,NYC,NY,10022,USA,EMEA,Young,Jeff,Medium,0.052998768743940425,-0.18265613200918113
10279,1.4278844679628335,-0.18286641271740822,3,0.19800881620373578,09/08/2004,Shipped,3,8,2004,Classic Cars,-0.26668340779243027,S24_2766,Euro Shopping Channel,(91) 555 94 44,"C/ Moralzarzal, 86",,Madrid,CA,28034,Spain,EMEA,Freyre,Diego,Medium,-0.26111211043126836,0.45912092663500415
10288,-0.009528928441320661,-0.1382472440444415,9,-0.39284485966607724,01/09/2004,Shipped,3,9,2004,Classic Cars,-0.26668340779243027,S24_2766,Handji Gifts& Co,+65 224 1555,Village Close - 106 Linden Road Sandown,2nd Floor,Singapore,CA,69045,Singapore,APAC,Victorino,Wendy,Small,0.001317348095709277,-0.3941622077617865
10302,1.4278844679628335,0.8101579745265006,5,0.9475612888283391,06/10/2003,Shipped,4,10,2003,Classic Cars,-0.26668340779243027,S24_2766,"UK Collectables, Ltd.",(171) 555-2282,Berkeley Gardens 12  Brewery,,Liverpool,CA,WX1 6LT,UK,EMEA,Devon,Elizabeth,Medium,1.1568119884226191,-0.20925069959428
10311,-0.7282356266433977,0.49286610840762785,4,-0.5066898647632264,16/10/2004,Shipped,4,10,2004,Classic Cars,-0.26668340779243027,S24_2766,Euro Shopping Channel,(91) 555 94 44,"C/ Moralzarzal, 86",,Madrid,CA,28034,Spain,EMEA,Freyre,Diego,Small,-0.35892265930752165,-0.14776720545570476
10321,-0.5228908557285186,-0.5432901418868148,1,-0.7455118692551239,04/11/2004,Shipped,4,11,2004,Classic Cars,-0.26668340779243027,S24_2766,FunGiftIdeas.com,5085552555,1785 First Street,,New Bedford,MA,50553,USA,EMEA,Benitez,Violeta,Small,0.28408144720006484,-1.0295933164551887
10332,0.40116061338843767,0.15177735232984013,7,-0.09329646872049889,17/11/2004,Shipped,4,11,2004,Classic Cars,-0.26668340779243027,S24_2766,"AV Stores, Co.",(171) 555-1555,Fauntleroy Circus,,Manchester,CA,EC2 5NT,UK,EMEA,Ashworth,Victoria,Medium,0.060887095759111685,-0.15418356447961057
10346,-1.0362527830157164,0.8101579745265006,1,-0.36770284327686653,29/11/2004,Shipped,4,11,2004,Classic Cars,-0.26668340779243027,S24_2766,Signal Gift Stores,7025551838,8489 Strong St.,,Las Vegas,NV,83030,USA,EMEA,King,Sue,Small,-0.8395284557854622,0.47182561250859567
10368,0.5038329988458772,0.8101579745265006,2,0.3004611754294888,19/01/2005,Shipped,1,1,2005,Classic Cars,-0.26668340779243027,S24_2766,Mini Gifts Distributors Ltd.,4155551450,5677 Strong St.,,San Rafael,CA,97562,USA,EMEA,Nelson,Valarie,Medium,0.4081843218445886,-0.10772314641509978
10380,0.09314345701611891,-2.288395405540614,6,-1.1967649063919286,16/02/2005,Shipped,1,2,2005,Classic Cars,-0.26668340779243027,S24_2766,Euro Shopping Channel,(91) 555 94 44,"C/ Moralzarzal, 86",,Madrid,CA,28034,Spain,EMEA,Freyre,Diego,Small,-0.21314905909185616,-0.9836158473000725
10407,4.200038875313702,0.5374852770805946,6,1.9701517152468742,22/04/2005,On Hold,2,4,2005,Classic Cars,-0.26668340779243027,S24_2766,The Sharp Gifts Warehouse,4085553659,3086 Ingle Ln.,,San Jose,CA,94217,USA,EMEA,Frick,Sue,Large,2.2574590586472536,-0.28730734340037944
10420,0.40116061338843767,0.8101579745265006,9,0.20637138752973652,29/05/2005,In Process,2,5,2005,Classic Cars,-0.26668340779243027,S24_2766,Souveniers And Things Co.,+61 2 9495 8555,"Monitor Money Building, 815 Pacific Hwy",Level 6,Chatswood,NSW,2067,Australia,APAC,Huxley,Adrian,Medium,0.3250034700025852,-0.1186320824728487
10104,0.9145225406756355,-2.184284011970359,10,-0.9836822448125276,31/01/2003,Shipped,1,1,2003,Classic Cars,-1.6354966081524867,S24_2840,Euro Shopping Channel,(91) 555 94 44,"C/ Moralzarzal, 86",,Madrid,CA,28034,Spain,EMEA,Freyre,Diego,Small,-1.9975769641843029,1.013894719371775
10114,-1.138925168473156,-2.6572471999038028,1,-1.5380881422796662,01/04/2003,Shipped,2,4,2003,Classic Cars,-1.6354966081524867,S24_2840,"La Corne D'abondance, Co.",(1) 42.34.2555,"265, boulevard Charonne",,Paris,CA,75012,France,EMEA,Bertrand,Marie,Small,3.0264057148252608,-4.564493857104927
10127,0.40116061338843767,-2.254187376224673,12,-1.121061914927137,03/06/2003,Shipped,2,6,2003,Classic Cars,-1.6354966081524867,S24_2840,Muscle Machine Inc,2125557413,4092 Furth Circle,Suite 400,NYC,NY,10022,USA,EMEA,Young,Jeff,Small,-0.9042911905387628,-0.2167707243883742
10141,-1.4469423248454747,-2.0439815149209197,6,-1.445996683112361,01/08/2003,Shipped,3,8,2003,Classic Cars,-1.6354966081524867,S24_2840,Suominen Souveniers,+358 9 8045 555,"Software Engineering Center, SEC Oy",,Espoo,CA,FIN-02271,Finland,EMEA,Suominen,Kalle,Small,2.957523365140851,-4.4035200482532115
10151,-0.5228908557285186,-2.149084445572796,4,-1.2731683989613007,21/09/2003,Shipped,3,9,2003,Classic Cars,-1.6354966081524867,S24_2840,"Oulu Toy Supplies, Inc.",981-443655,Torikatu 38,,Oulu,CA,90110,Finland,EMEA,Koskitalo,Pirkko,Small,1.1237366047784083,-2.3969050037397093
10165,-0.8309080121008373,-2.569991936721113,13,-1.463313722046528,22/10/2003,Shipped,4,10,2003,Classic Cars,-1.6354966081524867,S24_2840,"Dragon Souveniers, Ltd.",+65 221 7555,"Bronz Sok., Bronz Apt. 3/6 Tesvikiye",,Singapore,CA,79903,Singapore,Japan,Natividad,Eric,Small,2.1354268912561207,-3.598740613302649
10175,0.1958158424735585,-2.6046957345778647,2,-1.3045877740861331,06/11/2003,Shipped,4,11,2003,Classic Cars,-1.6354966081524867,S24_2840,"Stylish Desk Decors, Co.",(171) 555-0297,35 King George,,London,CA,WX3 6FW,UK,EMEA,Brown,Ann,Small,-0.5100406896536489,-0.7945470844324842
10184,0.7091777697607564,-2.569991936721113,7,-1.204128313351706,14/11/2003,Shipped,4,11,2003,Classic Cars,-1.6354966081524867,S24_2840,"Iberia Gift Imports, Corp.",(95) 555 82 82,"C/ Romero, 33",,Sevilla,CA,41101,Spain,EMEA,Roel,Jose Pedro,Small,-1.822581149987006,0.6184528366352999
10195,-0.3175460848136394,-2.744998231627304,7,-1.4382585895152498,25/11/2003,Shipped,4,11,2003,Classic Cars,-1.6354966081524867,S24_2840,Mini Classics,9145554562,3758 North Pendale Street,,White Plains,NY,24067,USA,EMEA,Frick,Steve,Small,0.871663441273614,-2.3099220307888637
10207,0.7091777697607564,-2.6750948673729895,8,-1.2524791802911297,09/12/2003,Shipped,4,12,2003,Classic Cars,-1.6354966081524867,S24_2840,Diecast Collectables,6175552555,6251 Ingle Ln.,,Boston,MA,51003,USA,EMEA,Franco,Valarie,Small,-1.8971178119420231,0.6446386316508934
10219,-1.4469423248454747,-2.149084445572796,3,-1.4701721165820727,10/02/2004,Shipped,1,2,2004,Classic Cars,-1.6354966081524867,S24_2840,Signal Collectibles Ltd.,4155554312,2793 Furth Circle,,Brisbane,CA,94217,USA,EMEA,Taylor,Sue,Small,3.10960124396635,-4.5797733605484225
10229,-0.21487369935619982,-2.5174404713951746,2,-1.3406445751281113,11/03/2004,Shipped,1,3,2004,Classic Cars,-1.6354966081524867,S24_2840,Mini Gifts Distributors Ltd.,4155551450,5677 Strong St.,,San Rafael,CA,97562,USA,EMEA,Nelson,Valarie,Small,0.5409317469976967,-1.8815763221258082
10246,1.4278844679628335,-2.359290306876549,6,-0.9700903512872157,05/05/2004,Shipped,2,5,2004,Classic Cars,-1.6354966081524867,S24_2840,Euro Shopping Channel,(91) 555 94 44,"C/ Moralzarzal, 86",,Madrid,CA,28034,Spain,EMEA,Freyre,Diego,Small,-3.3687939846042916,2.398703633317076
10259,-0.42021847027107895,-2.4995928039259883,5,-1.3702936916475692,15/06/2004,Shipped,2,6,2004,Classic Cars,-1.6354966081524867,S24_2840,Handji Gifts& Co,+65 224 1555,Village Close - 106 Linden Road Sandown,2nd Floor,Singapore,CA,69045,Singapore,APAC,Victorino,Wendy,Small,1.0503750643663758,-2.420668756013945
10271,0.29848822793099805,-2.0791810813184823,6,-1.0689587513732544,20/07/2004,Shipped,3,7,2004,Classic Cars,-1.6354966081524867,S24_2840,Mini Gifts Distributors Ltd.,4155551450,5677 Strong St.,,San Rafael,CA,97562,USA,EMEA,Nelson,Valarie,Small,-0.6206110765104101,-0.4483476748628442
10281,-1.5496147103029143,-2.131732546644421,2,-1.4882602497553905,19/08/2004,Shipped,3,8,2004,Classic Cars,-1.6354966081524867,S24_2840,Diecast Classics Inc.,2155551555,7586 Pompton St.,,Allentown,PA,70267,USA,EMEA,Yu,Kyung,Small,3.3033641127116877,-4.791624362467078
10292,0.40116061338843767,-2.6572471999038028,9,-1.2932385701437032,08/09/2004,Shipped,3,9,2004,Classic Cars,-1.6354966081524867,S24_2840,Land of Toys Inc.,2125557818,897 Long Airport Avenue,,NYC,NY,10022,USA,EMEA,Yu,Kwai,Small,-1.065982916638118,-0.2272556535055852
10305,1.325212082505394,-2.587343835649489,6,-1.1095769549566874,13/10/2004,Shipped,4,10,2004,Classic Cars,-1.6354966081524867,S24_2840,Marta's Replicas Co.,6175558555,39323 Spinnaker Dr.,,Cambridge,MA,51247,USA,EMEA,Hernandez,Marta,Small,-3.428779312598553,2.319202357641865
10314,0.40116061338843767,-2.306738841550611,15,-1.1435105317204408,22/10/2004,Shipped,4,10,2004,Classic Cars,-1.6354966081524867,S24_2840,Heintze Collectables,86 21 3555,Smagsloget 45,,Aaarhus,CA,8200,Denmark,EMEA,Ibsen,Palle,Small,-0.9253727686033772,-0.21813776311706357
10324,-0.5228908557285186,0.8101579745265006,9,-0.11717866916968864,05/11/2004,Shipped,4,11,2004,Classic Cars,-1.6354966081524867,S24_2840,Vitachrome Inc.,2125551500,2678 Kingston Rd.,Suite 101,NYC,NY,10022,USA,EMEA,Frick,Michael,Medium,-0.42362419657544526,0.3064455274057566
10335,-0.21487369935619982,-2.306738841550611,2,-1.264485443409174,19/11/2004,Shipped,4,11,2004,Classic Cars,-1.6354966081524867,S24_2840,Mini Gifts Distributors Ltd.,4155551450,5677 Strong St.,,San Rafael,CA,97562,USA,EMEA,Nelson,Valarie,Small,0.4956575083326147,-1.7601429517417886
10349,0.09314345701611891,-2.306738841550611,3,-1.2039979875648072,01/12/2004,Shipped,4,12,2004,Classic Cars,-1.6354966081524867,S24_2840,Muscle Machine Inc,2125557413,4092 Furth Circle,Suite 400,NYC,NY,10022,USA,EMEA,Young,Jeff,Small,-0.21485763013538128,-0.989140357429426
10358,0.09314345701611891,-0.035623156096619014,4,-0.30846434289027913,10/12/2004,Shipped,4,12,2004,Classic Cars,-1.6354966081524867,S24_2840,Euro Shopping Channel,(91) 555 94 44,"C/ Moralzarzal, 86",,Madrid,CA,28034,Spain,EMEA,Freyre,Diego,Small,-0.0033180639086639275,-0.3051462789816152
10371,1.017194926133075,0.8101579745265006,8,1.0816556630648768,23/01/2005,Shipped,1,1,2005,Classic Cars,-1.6354966081524867,S24_2840,Mini Gifts Distributors Ltd.,4155551450,5677 Strong St.,,San Rafael,CA,97562,USA,EMEA,Nelson,Valarie,Medium,0.8240885810546055,0.25756708201027134
10383,0.5038329988458772,0.8101579745265006,3,1.3769521752128846,22/02/2005,Shipped,1,2,2005,Classic Cars,-1.6354966081524867,S24_2840,Euro Shopping Channel,(91) 555 94 44,"C/ Moralzarzal, 86",,Madrid,CA,28034,Spain,EMEA,Freyre,Diego,Medium,0.4081843218445886,0.968767853368296
10394,1.1198673115905147,-2.2189878098271105,6,-0.9581601115448624,15/03/2005,Shipped,1,3,2005,Classic Cars,-1.6354966081524867,S24_2840,Euro Shopping Channel,(91) 555 94 44,"C/ Moralzarzal, 86",,Madrid,CA,28034,Spain,EMEA,Freyre,Diego,Small,-2.4849719130432106,1.5268118014983483
10412,-0.5228908557285186,-2.359290306876549,6,-1.3422410660176205,03/05/2005,Shipped,2,5,2005,Classic Cars,-1.6354966081524867,S24_2840,Euro Shopping Channel,(91) 555 94 44,"C/ Moralzarzal, 86",,Madrid,CA,28034,Spain,EMEA,Freyre,Diego,Small,1.2336513274746779,-2.5758923934922984
10425,-0.42021847027107895,-2.4995928039259883,5,-1.3702936916475692,31/05/2005,In Process,2,5,2005,Classic Cars,-1.6354966081524867,S24_2840,La Rochelle Gifts,40.67.8555,"67, rue des Cinquante Otages",,Nantes,CA,44000,France,EMEA,Labrune,Janine,Small,1.0503750643663758,-2.420668756013945
10106,1.4278844679628335,-0.4451279708062884,13,0.057251536112001525,17/02/2003,Shipped,1,2,2003,Planes,-0.8142086879364528,S24_2841,Rovelli Gifts,035-640555,Via Ludovico il Moro 22,,Bergamo,CA,24100,Italy,EMEA,Rovelli,Giovanni,Medium,-0.6355913157701129,0.6928428518821144
10119,0.6065053843033168,-1.192746930348882,4,-0.6029137374234453,28/04/2003,Shipped,2,4,2003,Planes,-0.8142086879364528,S24_2841,Salzburg Collectables,6562-9555,Geislweg 14,,Salzburg,CA,5020,Austria,EMEA,Pipps,Georg,Small,-0.7234074353678501,0.12049369794440479
10131,-0.009528928441320661,-0.8189374505775854,5,-0.6537950967251523,16/06/2003,Shipped,2,6,2003,Planes,-0.8142086879364528,S24_2841,Gift Ideas Corp.,2035554407,2440 Pompton St.,,Glendale,CT,97561,USA,EMEA,Lewis,Dan,Small,0.0078035963644713865,-0.6615986930896237
10143,-0.8309080121008373,-1.124826640257811,8,-1.0359265946355505,10/08/2003,Shipped,3,8,2003,Planes,-0.8142086879364528,S24_2841,Mini Creations Ltd.,5085559555,4575 Hillside Dr.,,New Bedford,MA,50553,USA,EMEA,Tam,Wing C,Small,0.9346274676146815,-1.970554062250232
10155,-1.2415975539305957,-0.5472562902133006,6,-1.0228560042578334,06/10/2003,Shipped,4,10,2003,Planes,-0.8142086879364528,S24_2841,"Toys of Finland, Co.",90-224 8555,Keskuskatu 45,,Helsinki,CA,21240,Finland,EMEA,Karttunen,Matti,Small,0.6794720713019662,-1.7023280755597996
10167,-1.4469423248454747,-0.6830968703954433,2,-1.132970433705007,23/10/2003,Cancelled,4,10,2003,Planes,-0.8142086879364528,S24_2841,Scandinavian Gift Ideas,0695-34 6555,?kergatan 24,,Boras,CA,S-844 67,Sweden,EMEA,Larsson,Maria,Small,0.9884017737446507,-2.1213722074496575
10178,-0.11220131389876024,-0.13973454966687376,5,-0.4373131042041433,08/11/2003,Shipped,4,11,2003,Planes,-0.8142086879364528,S24_2841,Alpha Cognac,61.77.6555,1 rue Alsace-Lorraine,,Toulouse,CA,31000,France,EMEA,Roulet,Annette,Small,0.015678400069674806,-0.4529915042738181
10186,-1.344269939388035,-0.7168091311705732,2,-1.103147549469684,14/11/2003,Shipped,4,11,2003,Planes,-0.8142086879364528,S24_2841,"Double Decker Gift Stores, Ltd",(171) 555-7555,120 Hanover Sq.,,London,CA,WA1 1DP,UK,EMEA,Hardy,Thomas,Small,0.9635849673114565,-2.0667325167811406
10198,1.325212082505394,-0.7852251898024556,5,-0.1621084842030209,27/11/2003,Shipped,4,11,2003,Planes,-0.8142086879364528,S24_2841,Cruz & Sons Co.,+63 2 555 3587,15 McCallum Street - NatWest Center #13-03,,Makati City,CA,1227 MM,Philippines,Japan,Cruz,Arnold,Medium,-1.0405899090138053,0.8784814248107844
10209,0.8118501552181959,-0.0718142595758031,1,-0.010240930778171087,09/01/2004,Shipped,1,1,2004,Planes,-0.8142086879364528,S24_2841,"Men 'R' US Retailers, Ltd.",2155554369,6047 Douglas Av.,,Los Angeles,CA,,USA,EMEA,Chandler,Michael,Medium,-0.05830241778349556,0.04806148700532448
10222,-0.3175460848136394,-0.10552652035093295,5,-0.5131192702502299,19/02/2004,Shipped,1,2,2004,Planes,-0.8142086879364528,S24_2841,Collectable Mini Designs Co.,7605558146,361 Furth Circle,,San Diego,CA,91217,USA,EMEA,Thompson,Valarie,Small,0.0335095333814456,-0.5466288036316754
10249,-1.5496147103029143,-0.7852251898024556,1,-1.1932895520746294,08/05/2004,Shipped,2,5,2004,Planes,-0.8142086879364528,S24_2841,Cambridge Collectables Co.,6175555555,4658 Baden Av.,,Cambridge,MA,51247,USA,EMEA,Tseng,Kyung,Small,1.2167965050182832,-2.4100860570929123
10262,-1.138925168473156,-0.8189374505775854,10,-1.0548401244592267,24/06/2004,Cancelled,2,6,2004,Planes,-0.8142086879364528,S24_2841,Euro Shopping Channel,(91) 555 94 44,"C/ Moralzarzal, 86",,Madrid,CA,28034,Spain,EMEA,Freyre,Diego,Small,0.9327084738680533,-1.98754859832728
10274,0.5038329988458772,-0.9210657699845975,2,-0.5162470891357991,21/07/2004,Shipped,3,7,2004,Planes,-0.8142086879364528,S24_2841,Collectables For Less Inc.,6175558555,7825 Douglas Av.,,Brickhaven,MA,58339,USA,EMEA,Nelson,Allen,Small,-0.4640633290256267,-0.052183760110172395
10284,-0.5228908557285186,-0.47933600012222993,12,-0.724496836117706,21/08/2004,Shipped,3,8,2004,Planes,-0.8142086879364528,S24_2841,"Norway Gifts By Mail, Co.",+47 2212 1555,"Drammensveien 126 A, PB 744 Sentrum",,Oslo,CA,N 0106,Norway,EMEA,Klaeboe,Jan,Small,0.2506404112853981,-0.9751372474031041
10296,-1.4469423248454747,-0.615176580304372,8,-1.1173476300005234,15/09/2004,Shipped,3,9,2004,Planes,-0.8142086879364528,S24_2841,"Bavarian Collectables Imports, Co.",+49 89 61 08 9555,Hansastr. 15,,Munich,CA,80686,Germany,EMEA,Donnermeyer,Michael,Small,0.8901250312960968,-2.00747266129662
10307,-1.0362527830157164,-0.41141571003115857,2,-0.9067900305422851,14/10/2004,Shipped,4,10,2004,Planes,-0.8142086879364528,S24_2841,"Classic Gift Ideas, Inc",2155554695,782 First Street,,Philadelphia,PA,71270,USA,EMEA,Cervantes,Francisca,Small,0.42633067449617507,-1.3331207050384601
10316,-0.11220131389876024,-0.9889860600756686,10,-0.7535812075606028,01/11/2004,Shipped,4,11,2004,Planes,-0.8142086879364528,S24_2841,giftsbymail.co.uk,(198) 555-8888,Garden House Crowther Way,,Cowes,Isle of Wight,PO31 7PJ,UK,EMEA,Bennett,Helen,Small,0.11096553536804825,-0.864546742928651
10328,1.325212082505394,-1.2264591911240121,1,-0.39408838488273584,12/11/2004,Shipped,4,11,2004,Planes,-0.8142086879364528,S24_2841,Rovelli Gifts,035-640555,Via Ludovico il Moro 22,,Bergamo,CA,24100,Italy,EMEA,Rovelli,Giovanni,Small,-1.625318538777333,1.2312301538945971
10339,2.043918780707471,0.8101579745265006,12,1.4447487356058206,23/11/2004,Shipped,4,11,2004,Planes,-0.8142086879364528,S24_2841,"Tokyo Collectables, Ltd",+81 3 3584 0555,2-2-8 Roppongi,,Minato-ku,Tokyo,106-0032,Japan,Japan,Shimamura,Akiko,Medium,1.6558970994746394,-0.21114836386881874
10351,-1.0362527830157164,-0.4451279708062884,5,-0.9160214404476108,03/12/2004,Shipped,4,12,2004,Planes,-0.8142086879364528,S24_2841,"Stylish Desk Decors, Co.",(171) 555-0297,35 King George,,London,CA,WX3 6FW,UK,EMEA,Brown,Ann,Small,0.46126509854615494,-1.3772865389937659
10373,0.29848822793099805,-0.6553338321100419,7,-0.47632395641582576,31/01/2005,Shipped,1,1,2005,Planes,-0.8142086879364528,S24_2841,"Oulu Toy Supplies, Inc.",981-443655,Torikatu 38,,Oulu,CA,90110,Finland,EMEA,Koskitalo,Pirkko,Small,-0.1956094342497566,-0.2807145221660692
10386,0.40116061338843767,-1.3732066792039908,1,-0.7447299145337315,01/03/2005,Resolved,1,3,2005,Planes,-0.8142086879364528,S24_2841,Euro Shopping Channel,(91) 555 94 44,"C/ Moralzarzal, 86",,Madrid,CA,28034,Spain,EMEA,Freyre,Diego,Small,-0.5508764337385725,-0.19385348079515896
10398,-0.7282356266433977,-1.2943794812150835,3,-1.0548184034947434,30/03/2005,Shipped,1,3,2005,Planes,-0.8142086879364528,S24_2841,Reims Collectables,26.47.1555,59 rue de l'Abbaye,,Reims,CA,51100,France,EMEA,Henriot,Paul,Small,0.9426132526170223,-1.9974316561117658
10400,-1.138925168473156,-1.0906186109418703,2,-1.1262586556797232,01/04/2005,Shipped,2,4,2005,Planes,-0.8142086879364528,S24_2841,The Sharp Gifts Warehouse,4085553659,3086 Ingle Ln.,,San Jose,CA,94217,USA,EMEA,Frick,Sue,Small,1.2421329852069292,-2.368391640886652
10415,-1.4469423248454747,-0.7852251898024556,1,-1.1564616567935004,09/05/2005,Disputed,2,5,2005,Planes,-0.8142086879364528,S24_2841,"Australian Collectables, Ltd",61-9-3844-6555,7 Allen Street,,Glen Waverly,Victoria,3150,Australia,APAC,Connery,Sean,Small,1.1361755616599942,-2.2926372184534944
10110,1.1198673115905147,0.8101579745265006,10,1.2969538630215556,18/03/2003,Shipped,1,3,2003,Classic Cars,0.4052794360206883,S24_2887,"AV Stores, Co.",(171) 555-1555,Fauntleroy Circus,,Manchester,CA,EC2 5NT,UK,EMEA,Ashworth,Victoria,Medium,0.9072694328966089,0.3896844301249467
10124,-1.0362527830157164,0.5102180073360041,9,-0.6544195744540421,21/05/2003,Shipped,2,5,2003,Classic Cars,0.4052794360206883,S24_2887,Signal Gift Stores,7025551838,8489 Strong St.,,Las Vegas,NV,83030,USA,EMEA,King,Sue,Small,-0.5287148300466674,-0.12570474440737467
10148,-0.11220131389876024,0.8101579745265006,3,0.45517960544274805,11/09/2003,Shipped,3,9,2003,Classic Cars,0.4052794360206883,S24_2887,"Anna's Decorations, Ltd",02 9936 8555,201 Miller Street,Level 15,North Sydney,NSW,2060,Australia,APAC,O'Hara,Anna,Medium,-0.0909007892074317,0.5460803946501798
10161,-1.0362527830157164,0.8101579745265006,2,-0.43123666438999064,17/10/2003,Shipped,4,10,2003,Classic Cars,0.4052794360206883,S24_2887,Heintze Collectables,86 21 3555,Smagsloget 45,,Aaarhus,CA,8200,Denmark,EMEA,Ibsen,Palle,Small,-0.8395284557854622,0.40829179139547156
10173,-1.2415975539305957,0.8101579745265006,16,-0.4484613892251042,05/11/2003,Shipped,4,11,2003,Classic Cars,0.4052794360206883,S24_2887,Rovelli Gifts,035-640555,Via Ludovico il Moro 22,,Bergamo,CA,24100,Italy,EMEA,Rovelli,Giovanni,Small,-1.005890159469469,0.5574287702443648
10182,-1.5496147103029143,0.8101579745265006,13,-0.6288702899807728,12/11/2003,Shipped,4,11,2003,Classic Cars,0.4052794360206883,S24_2887,Mini Gifts Distributors Ltd.,4155551450,5677 Strong St.,,San Rafael,CA,97562,USA,EMEA,Nelson,Valarie,Small,-1.2554327149954791,0.6265624250147064
10192,-1.2415975539305957,0.8101579745265006,1,-0.2723586696782141,20/11/2003,Shipped,4,11,2003,Classic Cars,0.4052794360206883,S24_2887,Online Diecast Creations Co.,6035558647,2304 Long Airport Avenue,,Nashua,NH,62005,USA,EMEA,Young,Valarie,Medium,-1.005890159469469,0.7335314897912548
10204,0.7091777697607564,0.8101579745265006,7,0.3736608257376012,02/12/2003,Shipped,4,12,2003,Classic Cars,0.4052794360206883,S24_2887,Muscle Machine Inc,2125557413,4092 Furth Circle,Suite 400,NYC,NY,10022,USA,EMEA,Young,Jeff,Medium,0.5745460255285955,-0.20088519979099428
10213,-0.8309080121008373,0.8101579745265006,3,-0.4145658241491966,22/01/2004,Shipped,1,1,2004,Classic Cars,0.4052794360206883,S24_2887,"Double Decker Gift Stores, Ltd",(171) 555-7555,120 Hanover Sq.,,London,CA,WA1 1DP,UK,EMEA,Hardy,Thomas,Small,-0.6731667521014554,0.25860092795225875
10227,-0.21487369935619982,0.8101579745265006,13,0.4271432705361617,02/03/2004,Shipped,1,3,2004,Classic Cars,0.4052794360206883,S24_2887,"Saveley & Henriot, Co.",78.32.5555,"2, rue du Commerce",,Lyon,CA,69004,France,EMEA,Saveley,Mary,Medium,-0.17408164104943508,0.6012249115855968
10241,-0.7282356266433977,0.7432292215170513,5,-0.42990625531539967,13/04/2004,Shipped,2,4,2004,Classic Cars,0.4052794360206883,S24_2887,Mini Caravy,88.60.1555,"24, place Kluber",,Strasbourg,CA,67000,France,EMEA,Citeaux,Frederique,Small,-0.5412459978711545,0.1113397425557548
10267,0.8118501552181959,0.8101579745265006,2,0.592890520265725,07/07/2004,Shipped,3,7,2004,Classic Cars,0.4052794360206883,S24_2887,Muscle Machine Inc,2125557413,4092 Furth Circle,Suite 400,NYC,NY,10022,USA,EMEA,Young,Jeff,Medium,0.6577268773705988,-0.06483635710487379
10279,1.325212082505394,0.8101579745265006,2,1.1007483908455387,09/08/2004,Shipped,3,8,2004,Classic Cars,0.4052794360206883,S24_2887,Euro Shopping Channel,(91) 555 94 44,"C/ Moralzarzal, 86",,Madrid,CA,28034,Spain,EMEA,Freyre,Diego,Medium,1.0736311365806157,0.027117254264922952
10288,1.325212082505394,0.8101579745265006,8,1.6210089321452135,01/09/2004,Shipped,3,9,2004,Classic Cars,0.4052794360206883,S24_2887,Handji Gifts& Co,+65 224 1555,Village Close - 106 Linden Road Sandown,2nd Floor,Singapore,CA,69045,Singapore,APAC,Victorino,Wendy,Medium,1.0736311365806157,0.5473777955645978
10302,1.017194926133075,0.8101579745265006,4,1.0833661890179223,06/10/2003,Shipped,4,10,2003,Classic Cars,0.4052794360206883,S24_2887,"UK Collectables, Ltd.",(171) 555-2282,Berkeley Gardens 12  Brewery,,Liverpool,CA,WX1 6LT,UK,EMEA,Devon,Elizabeth,Medium,0.8240885810546055,0.2592776079633168
10311,0.8118501552181959,0.8101579745265006,3,0.5655709771870814,16/10/2004,Shipped,4,10,2004,Classic Cars,0.4052794360206883,S24_2887,Euro Shopping Channel,(91) 555 94 44,"C/ Moralzarzal, 86",,Madrid,CA,28034,Spain,EMEA,Freyre,Diego,Medium,0.6577268773705988,-0.09215590018351738
10332,0.9145225406756355,-2.0524095801147024,11,-0.9201267027349204,17/11/2004,Shipped,4,11,2004,Classic Cars,0.4052794360206883,S24_2887,"AV Stores, Co.",(171) 555-1555,Fauntleroy Circus,,Manchester,CA,EC2 5NT,UK,EMEA,Ashworth,Victoria,Small,-1.876974823713512,0.9568481209785916
10346,-1.138925168473156,0.17755731645199832,5,-0.7928852927928071,29/11/2004,Shipped,4,11,2004,Classic Cars,0.4052794360206883,S24_2887,Signal Gift Stores,7025551838,8489 Strong St.,,Las Vegas,NV,83030,USA,EMEA,King,Sue,Small,-0.20222449655373367,-0.5906607962390734
10368,-0.42021847027107895,0.8101579745265006,5,0.36341396074268967,19/01/2005,Shipped,1,1,2005,Classic Cars,0.4052794360206883,S24_2887,Mini Gifts Distributors Ltd.,4155551450,5677 Strong St.,,San Rafael,CA,97562,USA,EMEA,Nelson,Valarie,Medium,-0.34044334473344184,0.7038573054761315
10380,0.9145225406756355,-2.3483833989787133,7,-1.0627682764955653,16/02/2005,Shipped,1,2,2005,Classic Cars,0.4052794360206883,S24_2887,Euro Shopping Channel,(91) 555 94 44,"C/ Moralzarzal, 86",,Madrid,CA,28034,Spain,EMEA,Freyre,Diego,Small,-2.1476495525144976,1.0848812760189324
10407,2.4546083225372293,0.7432292215170513,5,1.2307429330358874,22/04/2005,On Hold,2,4,2005,Classic Cars,0.4052794360206883,S24_2887,The Sharp Gifts Warehouse,4085553659,3086 Ingle Ln.,,San Jose,CA,94217,USA,EMEA,Frick,Sue,Medium,1.8243366326886201,-0.5935936996527327
10420,2.043918780707471,0.6267236144265274,8,0.9462797519238353,29/05/2005,In Process,2,5,2005,Classic Cars,0.4052794360206883,S24_2887,Souveniers And Things Co.,+61 2 9495 8555,"Monitor Money Building, 815 Pacific Hwy",Level 6,Chatswood,NSW,2067,Australia,APAC,Huxley,Adrian,Medium,1.2809721658392468,-0.3346924139154115
10109,-0.6255632411859581,-2.556110417578412,6,-1.4243463117638115,10/03/2003,Shipped,1,3,2003,Classic Cars,-1.5857215826848483,S24_2972,Motor Mint Distributors Inc.,2155559857,11328 Douglas Av.,,Philadelphia,PA,71270,USA,EMEA,Hernandez,Rosa,Small,1.5990087176495442,-3.0233550294133558
10122,0.40116061338843767,-2.6126280312308365,4,-1.274178423809766,08/05/2003,Shipped,2,5,2003,Classic Cars,-1.5857215826848483,S24_2972,Marseille Mini Autos,91.24.4555,"12, rue des Bouchers",,Marseille,CA,13008,France,EMEA,Lebihan,Laurence,Small,-1.0480834635643888,-0.22609496024537723
10135,-1.5496147103029143,-2.369205677692764,1,-1.5402819596924613,02/07/2003,Shipped,3,7,2003,Classic Cars,-1.5857215826848483,S24_2972,Mini Gifts Distributors Ltd.,4155551450,5677 Strong St.,,San Rafael,CA,97562,USA,EMEA,Nelson,Valarie,Small,3.6713559698858926,-5.2116379295783535
10147,-1.0362527830157164,-2.032083069941462,1,-1.3505764861380176,05/09/2003,Shipped,3,9,2003,Classic Cars,-1.5857215826848483,S24_2972,Collectables For Less Inc.,6175558555,7825 Douglas Av.,,Brickhaven,MA,58339,USA,EMEA,Nelson,Allen,Small,2.105751736545961,-3.4563282226839784
10160,0.7091777697607564,-2.3131838325811507,2,-1.0859879875280198,11/10/2003,Shipped,4,10,2003,Classic Cars,-1.5857215826848483,S24_2972,"Men 'R' US Retailers, Ltd.",2155554369,6047 Douglas Av.,,Los Angeles,CA,,USA,EMEA,Chandler,Michael,Small,-1.6404585514365393,0.5544705639085195
10171,0.09314345701611891,-2.3880448822435723,4,-1.2360581311418912,05/11/2003,Shipped,4,11,2003,Classic Cars,-1.5857215826848483,S24_2972,Quebec Home Shopping Network,(514) 555-8054,43 rue St. Laurent,,Montreal,Quebec,H1J 1C3,Canada,EMEA,Fresnisre,Jean,Small,-0.22243075584181693,-1.0136273753000742
10181,0.1958158424735585,-2.032083069941462,8,-1.0725264197896067,12/11/2003,Shipped,4,11,2003,Classic Cars,-1.5857215826848483,S24_2972,Herkku Gifts,+47 2267 3215,"Drammen 121, PR 744 Sentrum",,Bergen,CA,N 5804,Norway,EMEA,Oeztan,Veysel,Small,-0.39791405831684246,-0.6746123614727643
10192,-0.5228908557285186,-2.6309714672408337,13,-1.431514230043241,20/11/2003,Shipped,4,11,2003,Classic Cars,-1.5857215826848483,S24_2972,Online Diecast Creations Co.,6035558647,2304 Long Airport Avenue,,Nashua,NH,62005,USA,EMEA,Young,Valarie,Small,1.3757109219028756,-2.807225151946117
10203,-1.4469423248454747,-2.3131838325811507,2,-1.5079177226126135,02/12/2003,Shipped,4,12,2003,Classic Cars,-1.5857215826848483,S24_2972,Euro Shopping Channel,(91) 555 94 44,"C/ Moralzarzal, 86",,Madrid,CA,28034,Spain,EMEA,Freyre,Diego,Small,3.3470435925099356,-4.854961315122549
10212,-0.11220131389876024,-1.9949004293806567,12,-1.128191821518721,16/01/2004,Shipped,1,1,2004,Classic Cars,-1.5857215826848483,S24_2972,Euro Shopping Channel,(91) 555 94 44,"C/ Moralzarzal, 86",,Madrid,CA,28034,Spain,EMEA,Freyre,Diego,Small,0.22383044927371065,-1.3520222707924316
10225,0.7091777697607564,-2.331527268591148,3,-1.0944265822297117,22/02/2004,Shipped,1,2,2004,Classic Cars,-1.5857215826848483,S24_2972,"Vida Sport, Ltd",0897-034555,Grenzacherweg 237,,Gensve,CA,1203,Switzerland,EMEA,Holz,Michael,Small,-1.6534673084758584,0.5590407262461468
10239,-1.5496147103029143,-1.9383828157282323,2,-1.4459043690133078,12/04/2004,Shipped,2,4,2004,Classic Cars,-1.5857215826848483,S24_2972,"Oulu Toy Supplies, Inc.",981-443655,Torikatu 38,,Oulu,CA,90110,Finland,EMEA,Koskitalo,Pirkko,Small,3.003746525450852,-4.44965089446416
10253,0.5038329988458772,-2.032083069941462,7,-1.0030139032025038,01/06/2004,Cancelled,2,6,2004,Classic Cars,-1.5857215826848483,S24_2972,"UK Collectables, Ltd.",(171) 555-2282,Berkeley Gardens 12  Brewery,,Liverpool,CA,WX1 6LT,UK,EMEA,Devon,Elizabeth,Small,-1.0238305070325433,0.02081660383003947
10266,-0.11220131389876024,-2.1446225287055,8,-1.1839495373468882,06/07/2004,Shipped,3,7,2004,Classic Cars,-1.5857215826848483,S24_2972,L'ordine Souveniers,0522-556555,Strada Provinciale 124,,Reggio Emilia,CA,42100,Italy,EMEA,Moroni,Maurizio,Small,0.24062946553763875,-1.4245790028845269
10278,-0.42021847027107895,-2.219483578367921,8,-1.2751830184171102,06/08/2004,Shipped,3,8,2004,Classic Cars,-1.5857215826848483,S24_2972,Signal Gift Stores,7025551838,8489 Strong St.,,Las Vegas,NV,83030,USA,EMEA,King,Sue,Small,0.9326679940935482,-2.2078510125106585
10287,0.09314345701611891,-2.181805169266305,6,-1.1547348401170925,30/08/2004,Shipped,3,8,2004,Classic Cars,-1.5857215826848483,S24_2972,"Vida Sport, Ltd",0897-034555,Grenzacherweg 237,,Gensve,CA,1203,Switzerland,EMEA,Holz,Michael,Small,-0.20322087600110214,-0.9515139641159903
10301,1.325212082505394,-2.4440667273551857,10,-1.0342486501292296,05/10/2003,Shipped,4,10,2003,Classic Cars,-1.5857215826848483,S24_2972,"Norway Gifts By Mail, Co.",+47 2212 1555,"Drammensveien 126 A, PB 744 Sentrum",,Oslo,CA,N 0106,Norway,EMEA,Klaeboe,Jan,Small,-3.2389067575405086,2.204658107411279
10310,-0.21487369935619982,-2.0697614790430783,4,-1.178828819969993,16/10/2004,Shipped,4,10,2004,Classic Cars,-1.5857215826848483,S24_2972,"Toms Spezialitten, Ltd",0221-5554327,Mehrheimerstr. 369,,Koln,CA,50739,Germany,EMEA,Pfalzheim,Henriette,Small,0.44473730578694587,-1.623566125756939
10321,0.1958158424735585,-2.500088572466799,12,-1.2621938816562048,04/11/2004,Shipped,4,11,2004,Classic Cars,-1.5857215826848483,S24_2972,FunGiftIdeas.com,5085552555,1785 First Street,,New Bedford,MA,50553,USA,EMEA,Benitez,Violeta,Small,-0.48955695007610245,-0.7726369315801024
10331,-0.8309080121008373,-2.053401117196324,13,-1.3105393183545078,17/11/2004,Shipped,4,11,2004,Classic Cars,-1.5857215826848483,S24_2972,Motor Mint Distributors Inc.,2155559857,11328 Douglas Av.,,Philadelphia,PA,71270,USA,EMEA,Hernandez,Rosa,Small,1.706187440335236,-3.0167267586897437
10342,0.40116061338843767,-2.1446225287055,9,-1.0742586667071354,24/11/2004,Shipped,4,11,2004,Classic Cars,-1.5857215826848483,S24_2972,"Australian Collectors, Co.",03 9520 4555,636 St Kilda Road,Level 3,Melbourne,Victoria,3004,Australia,APAC,Ferguson,Peter,Small,-0.8603380891021606,-0.21392057760497485
10355,0.09314345701611891,-2.237827014377918,4,-1.1768250609964248,07/12/2004,Shipped,4,12,2004,Classic Cars,-1.5857215826848483,S24_2972,Euro Shopping Channel,(91) 555 94 44,"C/ Moralzarzal, 86",,Madrid,CA,28034,Spain,EMEA,Freyre,Diego,Small,-0.20843894432321933,-0.9683861166732055
10367,0.09314345701611891,0.8101579745265006,2,0.7952647463549477,12/01/2005,Resolved,1,1,2005,Classic Cars,-1.5857215826848483,S24_2972,Toys4GrownUps.com,6265557265,78934 Hillside Dr.,,Pasadena,CA,90003,USA,EMEA,Young,Julie,Medium,0.07546091447657508,0.7198038318783726
10378,0.6065053843033168,0.8101579745265006,7,1.2505633131267337,10/02/2005,Shipped,1,2,2005,Classic Cars,-1.5857215826848483,S24_2972,Euro Shopping Channel,(91) 555 94 44,"C/ Moralzarzal, 86",,Madrid,CA,28034,Spain,EMEA,Freyre,Diego,Medium,0.491365173686592,0.7591981394401417
10390,0.1958158424735585,0.8101579745265006,5,0.7281089544142634,04/03/2005,Shipped,1,3,2005,Classic Cars,-1.5857215826848483,S24_2972,Mini Gifts Distributors Ltd.,4155551450,5677 Strong St.,,San Rafael,CA,97562,USA,EMEA,Nelson,Valarie,Medium,0.15864176631857846,0.569467188095685
10405,1.2225396970479543,-1.9383828157282323,2,-0.7925811992900434,14/04/2005,Shipped,2,4,2005,Classic Cars,-1.5857215826848483,S24_2972,Mini Caravy,88.60.1555,"24, place Kluber",,Strasbourg,CA,67000,France,EMEA,Citeaux,Frederique,Small,-2.369749940303354,1.5771687410133106
10419,-2.062976637590112,-2.032083069941462,7,-1.5822848747616933,17/05/2005,Shipped,2,5,2005,Classic Cars,-1.5857215826848483,S24_2972,Salzburg Collectables,6562-9555,Geislweg 14,,Salzburg,CA,5020,Austria,EMEA,Pipps,Georg,Small,4.1921398989316305,-5.774424773693324
10105,0.9145225406756355,-0.5492393643765439,4,-0.19568909529392353,11/02/2003,Shipped,1,2,2003,Vintage Cars,-0.3164584332600687,S24_3151,Danish Wholesale Imports,31 12 3555,Vinb'ltet 34,,Kobenhavn,CA,1734,Denmark,EMEA,Petersen,Jytte,Medium,-0.502291778948708,0.3066026836547845
10119,-0.009528928441320661,0.19639652100280686,13,-0.2645554131876535,28/04/2003,Shipped,2,4,2003,Vintage Cars,-0.3164584332600687,S24_3151,Salzburg Collectables,6562-9555,Geislweg 14,,Salzburg,CA,5020,Austria,EMEA,Pipps,Georg,Medium,-0.0018714483947600768,-0.26268396479289347
10129,0.6065053843033168,0.5478964164376198,4,0.17877490215393355,12/06/2003,Shipped,2,6,2003,Vintage Cars,-0.3164584332600687,S24_3151,"Stylish Desk Decors, Co.",(171) 555-0297,35 King George,,London,CA,WX3 6FW,UK,EMEA,Brown,Ann,Medium,0.33230212660990865,-0.1535272244559751
10142,1.4278844679628335,0.7233984798846215,1,0.6844063738742275,08/08/2003,Shipped,3,8,2003,Vintage Cars,-0.3164584332600687,S24_3151,Mini Gifts Distributors Ltd.,4155551450,5677 Strong St.,,San Rafael,CA,97562,USA,EMEA,Nelson,Valarie,Medium,1.0329294535751752,-0.34852307970094765
10154,-0.42021847027107895,0.3723943529906188,2,-0.39511470045456315,02/10/2003,Shipped,4,10,2003,Vintage Cars,-0.3164584332600687,S24_3151,Boards & Toys Co.,3105552373,4097 Douglas Av.,,Glendale,CA,92561,USA,EMEA,Young,Leslie,Small,-0.15648698535130603,-0.23862771510325712
10167,-1.5496147103029143,-0.19823523748254124,11,-1.0647014423345629,23/10/2003,Cancelled,4,10,2003,Vintage Cars,-0.3164584332600687,S24_3151,Scandinavian Gift Ideas,0695-34 6555,?kergatan 24,,Boras,CA,S-844 67,Sweden,EMEA,Larsson,Maria,Small,0.30718824010333756,-1.3718896824379003
10177,1.017194926133075,-0.5492393643765439,2,-0.15627640523930347,07/11/2003,Shipped,4,11,2003,Vintage Cars,-0.3164584332600687,S24_3151,CAF Imports,+34 913 728 555,"Merchants House, 27-30 Merchant's Quay",,Madrid,CA,28023,Spain,EMEA,Fernandez,Jesus,Medium,-0.5586834946763756,0.4024070894370721
10185,-0.21487369935619982,-0.4614883326530434,2,-0.5975106475082692,14/11/2003,Shipped,4,11,2003,Vintage Cars,-0.3164584332600687,S24_3151,Mini Creations Ltd.,5085559555,4575 Hillside Dr.,,New Bedford,MA,50553,USA,EMEA,Tam,Wing C,Small,0.09916170524688397,-0.6966723527551532
10197,1.2225396970479543,-0.022733174035539566,8,0.1935940301725417,26/11/2003,Shipped,4,11,2003,Vintage Cars,-0.3164584332600687,S24_3151,Enaco Distributors,(93) 203 4555,"Rambla de Catalu¤a, 23",,Barcelona,CA,8022,Spain,EMEA,Saavedra,Eduardo,Medium,-0.027792207698346963,0.22138623787088868
10208,-1.5496147103029143,0.28464332126711833,2,-0.9589203453017716,02/01/2004,Shipped,1,1,2004,Vintage Cars,-0.3164584332600687,S24_3151,"Saveley & Henriot, Co.",78.32.5555,"2, rue du Commerce",,Lyon,CA,69004,France,EMEA,Saveley,Mary,Small,-0.44108747782500496,-0.5178328674767667
10222,1.2225396970479543,-0.6369903961000444,14,-0.12262520101383068,19/02/2004,Shipped,1,2,2004,Vintage Cars,-0.3164584332600687,S24_3151,Collectable Mini Designs Co.,7605558146,361 Furth Circle,,San Diego,CA,91217,USA,EMEA,Thompson,Valarie,Medium,-0.7787460458706047,0.656120844856774
10233,0.5038329988458772,0.5478964164376198,2,0.12734508849902765,29/03/2004,Shipped,1,3,2004,Vintage Cars,-0.3164584332600687,S24_3151,Tekni Collectables Inc.,2015559350,7476 Moss Rd.,,Newark,NJ,94019,USA,EMEA,Brown,William,Medium,0.27604829455067553,-0.14870320605164788
10248,-0.5228908557285186,0.8101579745265006,5,-0.27161472664466735,07/05/2004,Cancelled,2,5,2004,Vintage Cars,-0.3164584332600687,S24_3151,Land of Toys Inc.,2125557818,897 Long Airport Avenue,,NYC,NY,10022,USA,EMEA,Yu,Kwai,Medium,-0.42362419657544526,0.1520094699307779
10261,-1.344269939388035,0.3723943529906188,3,-0.8406822751379114,17/06/2004,Shipped,2,6,2004,Vintage Cars,-0.3164584332600687,S24_3151,Quebec Home Shopping Network,(514) 555-8054,43 rue St. Laurent,,Montreal,Quebec,H1J 1C3,Canada,EMEA,Fresnisre,Jean,Small,-0.5005985343231457,-0.34008374081476567
10273,-0.8309080121008373,0.8101579745265006,6,-0.4114868774337144,21/07/2004,Shipped,3,7,2004,Vintage Cars,-0.3164584332600687,S24_3151,Petit Auto,(02) 5554 67,Rue Joseph-Bens 532,,Bruxelles,CA,B-1180,Belgium,EMEA,Dewey,Catherine,Small,-0.6731667521014554,0.26167987466774095
10283,-0.11220131389876024,0.4601453847141193,8,-0.21391298449526064,20/08/2004,Shipped,3,8,2004,Vintage Cars,-0.3164584332600687,S24_3151,"Royal Canadian Collectables, Ltd.",(604) 555-4555,23 Tsawassen Blvd.,,Tsawassen,BC,T2F 8M4,Canada,EMEA,Lincoln,Elizabeth,Medium,-0.05162891674937469,-0.16228406774588594
10295,1.1198673115905147,0.06501785768796092,3,0.1926274472530428,10/09/2004,Shipped,3,9,2004,Vintage Cars,-0.3164584332600687,S24_3151,Gifts4AllAges.com,6175559555,8616 Spinnaker Dr.,,Boston,MA,51003,USA,EMEA,Yoshido,Juri,Medium,0.07281137349439147,0.11981607375865132
10306,-0.42021847027107895,0.020894457555805178,2,-0.5144659700481833,14/10/2004,Shipped,4,10,2004,Vintage Cars,-0.3164584332600687,S24_3151,"AV Stores, Co.",(171) 555-1555,Fauntleroy Circus,,Manchester,CA,EC2 5NT,UK,EMEA,Ashworth,Victoria,Small,-0.00878023699124444,-0.5056857330569389
10315,-1.138925168473156,0.1527688894114614,1,-0.7994015821377429,29/10/2004,Shipped,4,10,2004,Vintage Cars,-0.3164584332600687,S24_3151,La Rochelle Gifts,40.67.8555,"67, rue des Cinquante Otages",,Nantes,CA,44000,France,EMEA,Labrune,Janine,Small,-0.17399233311040563,-0.6254092490273373
10326,0.6065053843033168,0.10864548927930566,3,-0.018484036799515043,09/11/2004,Shipped,4,11,2004,Vintage Cars,-0.3164584332600687,S24_3151,"Volvo Model Replicas, Co",0921-12 3555,Berguvsvgen  8,,Lule,CA,S-958 22,Sweden,EMEA,Berglund,Christina,Medium,0.06589407422816716,-0.08437811102768221
10339,2.043918780707471,0.8101579745265006,13,3.912005940037745,23/11/2004,Shipped,4,11,2004,Vintage Cars,-0.3164584332600687,S24_3151,"Tokyo Collectables, Ltd",+81 3 3584 0555,2-2-8 Roppongi,,Minato-ku,Tokyo,106-0032,Japan,Japan,Shimamura,Akiko,Large,1.6558970994746394,2.2561088405631056
10350,-0.5228908557285186,0.8101579745265006,9,-0.2893716151096173,02/12/2004,Shipped,4,12,2004,Vintage Cars,-0.3164584332600687,S24_3151,Euro Shopping Channel,(91) 555 94 44,"C/ Moralzarzal, 86",,Madrid,CA,28034,Spain,EMEA,Freyre,Diego,Medium,-0.42362419657544526,0.13425258146582797
10373,-0.21487369935619982,-1.3057821576537305,12,-0.9026847682549756,31/01/2005,Shipped,1,1,2005,Vintage Cars,-0.3164584332600687,S24_3151,"Oulu Toy Supplies, Inc.",981-443655,Torikatu 38,,Oulu,CA,90110,Finland,EMEA,Koskitalo,Pirkko,Small,0.2805782427683776,-1.183263011023353
10384,0.8118501552181959,0.7045592753338136,2,0.3554206458129016,23/02/2005,Shipped,1,2,2005,Vintage Cars,-0.3164584332600687,S24_3151,Corporate Gift Ideas Co.,6505551386,7734 Strong St.,,San Francisco,CA,,USA,EMEA,Brown,Julie,Medium,0.5719965570401762,-0.21657591122727454
10396,-0.8309080121008373,-0.022733174035539566,7,-0.7099980923252237,23/03/2005,Shipped,1,3,2005,Vintage Cars,-0.3164584332600687,S24_3151,Mini Gifts Distributors Ltd.,4155551450,5677 Strong St.,,San Rafael,CA,97562,USA,EMEA,Nelson,Valarie,Small,0.01888917644661255,-0.7288872687718363
10414,2.5572807079946687,0.8101579745265006,5,1.3866180044078724,06/05/2005,On Hold,2,5,2005,Vintage Cars,-0.3164584332600687,S24_3151,Gifts4AllAges.com,6175559555,8616 Spinnaker Dr.,,Boston,MA,51003,USA,EMEA,Yoshido,Juri,Medium,2.0718013586846564,-0.685183354276784
10110,-0.8309080121008373,-0.49767943613222676,12,-0.850456709155315,18/03/2003,Shipped,1,3,2003,Classic Cars,-0.3911209714615263,S24_3191,"AV Stores, Co.",(171) 555-1555,Fauntleroy Circus,,Manchester,CA,EC2 5NT,UK,EMEA,Ashworth,Victoria,Small,0.41352583094009415,-1.2639825400954092
10124,1.4278844679628335,-0.03066547068851121,11,0.2796959333836268,21/05/2003,Shipped,2,5,2003,Classic Cars,-0.3911209714615263,S24_3191,Signal Gift Stores,7025551838,8489 Strong St.,,Las Vegas,NV,83030,USA,EMEA,King,Sue,Medium,-0.043786749298894694,0.3234826826825215
10148,-0.42021847027107895,-0.49767943613222676,5,-0.6905469686305904,11/09/2003,Shipped,3,9,2003,Classic Cars,-0.3911209714615263,S24_3191,"Anna's Decorations, Ltd",02 9936 8555,201 Miller Street,Level 15,North Sydney,NSW,2060,Australia,APAC,O'Hara,Anna,Small,0.20913409133685745,-0.8996810599674478
10161,-1.5496147103029143,-0.3276308266341439,4,-1.0930473009850337,17/10/2003,Shipped,4,10,2003,Classic Cars,-0.3911209714615263,S24_3191,Heintze Collectables,86 21 3555,Smagsloget 45,,Aaarhus,CA,8200,Denmark,EMEA,Ibsen,Palle,Small,0.5077015485009733,-1.600748849486007
10172,-1.138925168473156,-0.11544189116714786,2,-0.8699078328499484,05/11/2003,Shipped,4,11,2003,Classic Cars,-0.3911209714615263,S24_3191,Gift Depot Inc.,2035552570,25593 South Bay Ln.,,Bridgewater,CT,97562,USA,EMEA,King,Julie,Small,0.13147967534640362,-1.0013875081963521
10182,-0.21487369935619982,0.5211249152338403,15,-0.24234029676254304,12/11/2003,Shipped,4,11,2003,Classic Cars,-0.3911209714615263,S24_3191,Mini Gifts Distributors Ltd.,4155551450,5677 Strong St.,,San Rafael,CA,97562,USA,EMEA,Nelson,Valarie,Medium,-0.11197603836298131,-0.13036425839956173
10192,-0.3175460848136394,-0.5398197621011399,3,-0.6653397893479304,20/11/2003,Shipped,4,11,2003,Classic Cars,-0.3911209714615263,S24_3191,Online Diecast Creations Co.,6035558647,2304 Long Airport Avenue,,Nashua,NH,62005,USA,EMEA,Young,Valarie,Small,0.17141765196024722,-0.8367574413081775
10204,0.5038329988458772,-0.2002183116457838,9,-0.20042426555124343,02/12/2003,Shipped,4,12,2003,Classic Cars,-0.3911209714615263,S24_3191,Muscle Machine Inc,2125557413,4092 Furth Circle,Suite 400,NYC,NY,10022,USA,EMEA,Young,Jeff,Medium,-0.10087659238035367,-0.09954767317088976
10212,-0.8309080121008373,-0.2002183116457838,2,-0.7624868029986818,16/01/2004,Shipped,1,1,2004,Classic Cars,-0.3911209714615263,S24_3191,Euro Shopping Channel,(91) 555 94 44,"C/ Moralzarzal, 86",,Madrid,CA,28034,Spain,EMEA,Freyre,Diego,Small,0.16636299931578413,-0.9288498023144659
10227,0.5038329988458772,-0.2002183116457838,15,-0.20042426555124343,02/03/2004,Shipped,1,3,2004,Classic Cars,-0.3911209714615263,S24_3191,"Saveley & Henriot, Co.",78.32.5555,"2, rue du Commerce",,Lyon,CA,69004,France,EMEA,Saveley,Mary,Medium,-0.10087659238035367,-0.09954767317088976
10241,-0.9335803975582768,-0.11544189116714786,7,-0.7815795307793436,13/04/2004,Shipped,2,4,2004,Classic Cars,-0.3911209714615263,S24_3191,Mini Caravy,88.60.1555,"24, place Kluber",,Strasbourg,CA,67000,France,EMEA,Citeaux,Frederique,Small,0.10777428665070522,-0.8893538174300488
10267,0.9145225406756355,0.6485374302221997,4,0.3815672568094568,07/07/2004,Shipped,3,7,2004,Classic Cars,-0.3911209714615263,S24_3191,Muscle Machine Inc,2125557413,4092 Furth Circle,Suite 400,NYC,NY,10022,USA,EMEA,Young,Jeff,Medium,0.5931020984100538,-0.211534841600597
10279,-0.21487369935619982,-0.6245961825797759,4,-0.656466775356576,09/08/2004,Shipped,3,8,2004,Classic Cars,-0.3911209714615263,S24_3191,Euro Shopping Channel,(91) 555 94 44,"C/ Moralzarzal, 86",,Madrid,CA,28034,Spain,EMEA,Freyre,Diego,Small,0.13420929235467685,-0.7906760677112529
10288,-0.11220131389876024,-0.752008697568136,10,-0.6653289288656888,01/09/2004,Shipped,3,9,2004,Classic Cars,-0.3911209714615263,S24_3191,Handji Gifts& Co,+65 224 1555,Village Close - 106 Linden Road Sandown,2nd Floor,Singapore,CA,69045,Singapore,APAC,Victorino,Wendy,Small,0.08437636393044029,-0.7497052927961292
10302,1.325212082505394,-0.4550433416225033,6,0.011485463946068924,06/10/2003,Shipped,4,10,2003,Classic Cars,-0.3911209714615263,S24_3191,"UK Collectables, Ltd.",(171) 555-2282,Berkeley Gardens 12  Brewery,,Liverpool,CA,WX1 6LT,UK,EMEA,Devon,Elizabeth,Medium,-0.603028934381771,0.6145143983278399
10311,-1.0362527830157164,-0.03066547068851121,5,-0.8025294010233122,16/10/2004,Shipped,4,10,2004,Classic Cars,-0.3911209714615263,S24_3191,Euro Shopping Channel,(91) 555 94 44,"C/ Moralzarzal, 86",,Madrid,CA,28034,Spain,EMEA,Freyre,Diego,Small,0.03177717934345662,-0.8343065803667687
10321,0.40116061338843767,0.05411094979012473,2,-0.13501701125145035,04/11/2004,Shipped,4,11,2004,Classic Cars,-0.3911209714615263,S24_3191,FunGiftIdeas.com,5085552555,1785 First Street,,New Bedford,MA,50553,USA,EMEA,Benitez,Violeta,Medium,0.02170718180883739,-0.15672419306028773
10332,1.017194926133075,-2.4524947925489684,12,-1.0943777100596248,17/11/2004,Shipped,4,11,2004,Classic Cars,-0.3911209714615263,S24_3191,"AV Stores, Co.",(171) 555-1555,Fauntleroy Circus,,Manchester,CA,EC2 5NT,UK,EMEA,Ashworth,Victoria,Small,-2.494665259348599,1.4002875492889741
10346,-1.138925168473156,0.8101579745265006,2,-0.12379270285479839,29/11/2004,Shipped,4,11,2004,Classic Cars,-0.3911209714615263,S24_3191,Signal Gift Stores,7025551838,8489 Strong St.,,Las Vegas,NV,83030,USA,EMEA,King,Sue,Medium,-0.9227093076274656,0.7989166047726672
10368,1.1198673115905147,-0.2002183116457838,1,0.05898921327065097,19/01/2005,Shipped,1,1,2005,Classic Cars,-0.3911209714615263,S24_3191,Mini Gifts Distributors Ltd.,4155551450,5677 Strong St.,,San Rafael,CA,97562,USA,EMEA,Nelson,Valarie,Medium,-0.22421794239395573,0.2832071556646067
10380,0.9145225406756355,-0.22798134993118524,9,-0.040862060458248785,16/02/2005,Shipped,1,2,2005,Classic Cars,-0.3911209714615263,S24_3191,Euro Shopping Channel,(91) 555 94 44,"C/ Moralzarzal, 86",,Madrid,CA,28034,Spain,EMEA,Freyre,Diego,Medium,-0.20849408336572867,0.1676320229074799
10407,-2.2683214085049914,-0.11544189116714786,7,-1.3557134942382754,22/04/2005,On Hold,2,4,2005,Classic Cars,-0.3911209714615263,S24_3191,The Sharp Gifts Warehouse,4085553659,3086 Ingle Ln.,,San Jose,CA,94217,USA,EMEA,Frick,Sue,Small,0.26185931317274475,-1.61757280741102
10420,-0.009528928441320661,0.6485374302221997,10,-0.0912221166123609,29/05/2005,In Process,2,5,2005,Classic Cars,-0.3911209714615263,S24_3191,Souveniers And Things Co.,+61 2 9495 8555,"Monitor Money Building, 815 Pacific Hwy",Level 6,Chatswood,NSW,2067,Australia,APAC,Huxley,Adrian,Medium,-0.006179866764105332,-0.08504224984825558
10108,-0.5228908557285186,-1.020715246687556,5,-0.9023915352344535,03/03/2003,Shipped,1,3,2003,Classic Cars,-0.9884212770731873,S24_3371,Cruz & Sons Co.,+63 2 555 3587,15 McCallum Street - NatWest Center #13-03,,Makati City,CA,1227 MM,Philippines,Japan,Cruz,Arnold,Small,0.533722668795602,-1.4361142040300554
10122,-0.11220131389876024,-1.6582735901701653,9,-1.0028292750043972,08/05/2003,Shipped,2,5,2003,Classic Cars,-0.9884212770731873,S24_3371,Marseille Mini Autos,91.24.4555,"12, rue des Bouchers",,Marseille,CA,13008,France,EMEA,Lebihan,Laurence,Small,0.18606047562070682,-1.188889750625104
10135,-0.8309080121008373,-0.8690100731994702,6,-0.9602724753408458,02/07/2003,Shipped,3,7,2003,Classic Cars,-0.9884212770731873,S24_3371,Mini Gifts Distributors Ltd.,4155551450,5677 Strong St.,,San Rafael,CA,97562,USA,EMEA,Nelson,Valarie,Small,0.7220674324177749,-1.6823399077586207
10147,-0.5228908557285186,-0.7475467807008392,6,-0.8126296495079627,05/09/2003,Shipped,3,9,2003,Classic Cars,-0.9884212770731873,S24_3371,Collectables For Less Inc.,6175558555,7825 Douglas Av.,,Brickhaven,MA,58339,USA,EMEA,Nelson,Allen,Small,0.39088537585776106,-1.2035150253657236
10159,1.530556853420273,-0.6870630187219292,1,-0.03469330654504282,10/10/2003,Shipped,4,10,2003,Classic Cars,-0.9884212770731873,S24_3371,Corporate Gift Ideas Co.,6505551386,7734 Strong St.,,San Francisco,CA,,USA,EMEA,Brown,Julie,Medium,-1.05158901203647,1.0168957054914272
10169,-0.11220131389876024,-1.6582735901701653,1,-1.0028292750043972,04/11/2003,Shipped,4,11,2003,Classic Cars,-0.9884212770731873,S24_3371,"Anna's Decorations, Ltd",02 9936 8555,201 Miller Street,Level 15,North Sydney,NSW,2060,Australia,APAC,O'Hara,Anna,Small,0.18606047562070682,-1.188889750625104
10181,-1.2415975539305957,-0.8992519541889252,13,-1.1115318417601683,12/11/2003,Shipped,4,11,2003,Classic Cars,-0.9884212770731873,S24_3371,Herkku Gifts,+47 2267 3215,"Drammen 121, PR 744 Sentrum",,Bergen,CA,N 5804,Norway,EMEA,Oeztan,Veysel,Small,1.1165090266882776,-2.2280408684484456
10191,1.325212082505394,-1.1724204201756419,2,-0.3656773633388156,20/11/2003,Shipped,4,11,2003,Classic Cars,-0.9884212770731873,S24_3371,"Toms Spezialitten, Ltd",0221-5554327,Mehrheimerstr. 369,,Koln,CA,50739,Germany,EMEA,Pfalzheim,Henriette,Small,-1.5537057065928113,1.1880283432539955
10203,-0.11220131389876024,-0.9299896037191905,7,-0.7316104519859276,02/12/2003,Shipped,4,12,2003,Classic Cars,-0.9884212770731873,S24_3371,Euro Shopping Channel,(91) 555 94 44,"C/ Moralzarzal, 86",,Madrid,CA,28034,Spain,EMEA,Freyre,Diego,Small,0.10434605544948054,-0.8359565074354081
10211,1.325212082505394,-1.7192531206898862,1,-0.6531760492373835,15/01/2004,Shipped,1,1,2004,Classic Cars,-0.9884212770731873,S24_3371,Auto Canal Petit,(1) 47.55.6555,"25, rue Lauriston",,Paris,CA,75016,France,EMEA,Perrier,Dominique,Small,-2.2783750084233416,1.6251989591859581
10225,-1.138925168473156,-1.6582735901701653,8,-1.275481681678753,22/02/2004,Shipped,1,2,2004,Classic Cars,-0.9884212770731873,S24_3371,"Vida Sport, Ltd",0897-034555,Grenzacherweg 237,,Gensve,CA,1203,Switzerland,EMEA,Holz,Michael,Small,1.8886495280591409,-3.164131209737894
10238,1.2225396970479543,-1.0514528962178216,2,-0.3359902351315122,09/04/2004,Shipped,2,4,2004,Classic Cars,-0.9884212770731873,S24_3371,Danish Wholesale Imports,31 12 3555,Vinb'ltet 34,,Kobenhavn,CA,1734,Denmark,EMEA,Petersen,Jytte,Small,-1.2854429052023297,0.9494526700708175
10253,-1.138925168473156,-1.5368102976715348,12,-1.2435518638885676,01/06/2004,Cancelled,2,6,2004,Classic Cars,-0.9884212770731873,S24_3371,"UK Collectables, Ltd.",(171) 555-2282,Berkeley Gardens 12  Brewery,,Liverpool,CA,WX1 6LT,UK,EMEA,Devon,Elizabeth,Small,1.750311927186834,-2.993863791075402
10266,1.2225396970479543,-1.0514528962178216,13,-0.3359902351315122,06/07/2004,Shipped,3,7,2004,Classic Cars,-0.9884212770731873,S24_3371,L'ordine Souveniers,0522-556555,Strada Provinciale 124,,Reggio Emilia,CA,42100,Italy,EMEA,Moroni,Maurizio,Small,-1.2854429052023297,0.9494526700708175
10276,-1.5496147103029143,-1.1119366581967318,2,-1.2648601300465079,02/08/2004,Shipped,3,8,2004,Classic Cars,-0.9884212770731873,S24_3371,Online Mini Collectables,6175557555,7635 Spinnaker Dr.,,Brickhaven,MA,58339,USA,EMEA,Barajas,Miguel,Small,1.7230734024667191,-2.9879335325132272
10287,-1.5496147103029143,-0.7777886616902941,11,-1.1916604797383954,30/08/2004,Shipped,3,8,2004,Classic Cars,-0.9884212770731873,S24_3371,"Vida Sport, Ltd",0897-034555,Grenzacherweg 237,,Gensve,CA,1203,Switzerland,EMEA,Holz,Michael,Small,1.2052727516620967,-2.3969332314004923
10300,-0.42021847027107895,-1.2333999506953626,4,-0.9403597811509461,04/10/2003,Shipped,4,10,2003,Classic Cars,-0.9884212770731873,S24_3371,"Blauer See Auto, Co.",+49 69 66 90 2555,Lyonerstr. 34,,Frankfurt,CA,60528,Germany,EMEA,Keitel,Roland,Small,0.5182974405136295,-1.4586572216645757
10310,0.29848822793099805,-1.3246213622045386,9,-0.7548953259118315,16/10/2004,Shipped,4,10,2004,Classic Cars,-0.9884212770731873,S24_3371,"Toms Spezialitten, Ltd",0221-5554327,Mehrheimerstr. 369,,Koln,CA,50739,Germany,EMEA,Pfalzheim,Henriette,Small,-0.3953838830839774,-0.3595114428278541
10320,-0.9335803975582768,-1.1119366581967318,2,-1.065363931751298,03/11/2004,Shipped,4,11,2004,Classic Cars,-0.9884212770731873,S24_3371,"Volvo Model Replicas, Co",0921-12 3555,Berguvsvgen  8,,Lule,CA,S-958 22,Sweden,EMEA,Berglund,Christina,Small,1.0380822674189267,-2.1034461991702247
10331,-1.0362527830157164,0.8101579745265006,9,-0.25814772866513325,17/11/2004,Shipped,4,11,2004,Classic Cars,-0.9884212770731873,S24_3371,Motor Mint Distributors Inc.,2155559857,11328 Douglas Av.,,Philadelphia,PA,71270,USA,EMEA,Hernandez,Rosa,Medium,-0.8395284557854622,0.581380727120329
10342,1.325212082505394,-1.0514528962178216,10,-0.3020783793322422,24/11/2004,Shipped,4,11,2004,Classic Cars,-0.9884212770731873,S24_3371,"Australian Collectors, Co.",03 9520 4555,636 St Kilda Road,Level 3,Melbourne,Victoria,3004,Australia,APAC,Ferguson,Peter,Small,-1.393398082253147,1.091319702920905
10355,0.9145225406756355,-1.0514528962178216,6,-0.43772580252932247,07/12/2004,Shipped,4,12,2004,Classic Cars,-0.9884212770731873,S24_3371,Euro Shopping Channel,(91) 555 94 44,"C/ Moralzarzal, 86",,Madrid,CA,28034,Spain,EMEA,Freyre,Diego,Small,-0.9615773740498775,0.5238515715205551
10363,-1.4469423248454747,0.8101579745265006,15,-0.6006547571172007,06/01/2005,Shipped,1,1,2005,Classic Cars,-0.9884212770731873,S24_3371,Suominen Souveniers,+358 9 8045 555,"Software Engineering Center, SEC Oy",,Espoo,CA,FIN-02271,Finland,EMEA,Suominen,Kalle,Small,-1.1722518631534757,0.571597106036275
10378,1.1198673115905147,-2.0881049150530755,6,-0.892215263374112,10/02/2005,Shipped,1,2,2005,Classic Cars,-0.9884212770731873,S24_3371,Euro Shopping Channel,(91) 555 94 44,"C/ Moralzarzal, 86",,Madrid,CA,28034,Spain,EMEA,Freyre,Diego,Small,-2.338400437539428,1.4461851741653158
10390,1.1198673115905147,-1.527886463936941,6,-0.609951329915976,04/03/2005,Shipped,1,3,2005,Classic Cars,-0.9884212770731873,S24_3371,Mini Gifts Distributors Ltd.,4155551450,5677 Strong St.,,San Rafael,CA,97562,USA,EMEA,Nelson,Valarie,Small,-1.7110301067845999,1.1010787768686239
10419,2.043918780707471,-1.5368102976715348,12,-0.3570867218857418,17/05/2005,Shipped,2,5,2005,Classic Cars,-0.9884212770731873,S24_3371,Salzburg Collectables,6562-9555,Geislweg 14,,Salzburg,CA,5020,Austria,EMEA,Pipps,Georg,Small,-3.1411154297954886,2.784028707909747
10106,-0.42021847027107895,-1.5397849089163989,14,-1.0443923405428464,17/02/2003,Shipped,1,2,2003,Vintage Cars,-0.8888712261379105,S24_3420,Rovelli Gifts,035-640555,Via Ludovico il Moro 22,,Bergamo,CA,24100,Italy,EMEA,Rovelli,Giovanni,Small,0.6470460589713417,-1.6914383995141882
10119,-1.5496147103029143,-0.529408622744114,5,-1.1372494637081816,28/04/2003,Shipped,2,4,2003,Vintage Cars,-0.8888712261379105,S24_3420,Salzburg Collectables,6562-9555,Geislweg 14,,Salzburg,CA,5020,Austria,EMEA,Pipps,Georg,Small,0.8203793895654852,-1.9576288532736668
10131,-0.6255632411859581,-1.213569209062933,6,-0.9978986160667292,16/06/2003,Shipped,2,6,2003,Vintage Cars,-0.8888712261379105,S24_3420,Gift Ideas Corp.,2035554407,2440 Pompton St.,,Glendale,CT,97561,USA,EMEA,Lewis,Dan,Small,0.759164287824888,-1.7570629038916172
10143,-0.21487369935619982,-0.3008593254303637,9,-0.5394505094448914,10/08/2003,Shipped,3,8,2003,Vintage Cars,-0.8888712261379105,S24_3420,Mini Creations Ltd.,5085559555,4575 Hillside Dr.,,New Bedford,MA,50553,USA,EMEA,Tam,Wing C,Small,0.06464675624103305,-0.6040972656859245
10155,-0.11220131389876024,-1.376677058989666,7,-0.8979604584798971,06/10/2003,Shipped,4,10,2003,Vintage Cars,-0.8888712261379105,S24_3420,"Toys of Finland, Co.",90-224 8555,Keskuskatu 45,,Helsinki,CA,21240,Finland,EMEA,Karttunen,Matti,Small,0.1544649748329216,-1.0524254333128187
10167,-0.3175460848136394,-1.0182364039835023,3,-0.8330256351576119,23/10/2003,Cancelled,4,10,2003,Vintage Cars,-0.8888712261379105,S24_3420,Scandinavian Gift Ideas,0695-34 6555,?kergatan 24,,Boras,CA,S-844 67,Sweden,EMEA,Larsson,Maria,Small,0.32333698349968043,-1.1563626186572922
10178,-0.8309080121008373,-0.4966878990506055,6,-0.8501634761347929,08/11/2003,Shipped,4,11,2003,Vintage Cars,-0.8888712261379105,S24_3420,Alpha Cognac,61.77.6555,1 rue Alsace-Lorraine,,Toulouse,CA,31000,France,EMEA,Roulet,Annette,Small,0.41270195483468,-1.262865430969473
10186,-1.4469423248454747,-0.7247414278235448,3,-1.1425493790420627,14/11/2003,Shipped,4,11,2003,Vintage Cars,-0.8888712261379105,S24_3420,"Double Decker Gift Stores, Ltd",(171) 555-7555,120 Hanover Sq.,,London,CA,WA1 1DP,UK,EMEA,Hardy,Thomas,Small,1.0486590464868286,-2.1912084255288913
10198,-0.8309080121008373,-0.5943543015903209,6,-0.8790469286562209,27/11/2003,Shipped,4,11,2003,Vintage Cars,-0.8888712261379105,S24_3420,Cruz & Sons Co.,+63 2 555 3587,15 McCallum Street - NatWest Center #13-03,,Makati City,CA,1227 MM,Philippines,Japan,Cruz,Arnold,Small,0.4938537512179951,-1.372900679874216
10209,0.09314345701611891,-0.3008593254303637,2,-0.41305078687649904,09/01/2004,Shipped,1,1,2004,Vintage Cars,-0.8888712261379105,S24_3420,"Men 'R' US Retailers, Ltd.",2155554369,6047 Douglas Av.,,Los Angeles,CA,,USA,EMEA,Chandler,Michael,Small,-0.02802307764612161,-0.38502770923037744
10222,0.8118501552181959,-0.6597957489773387,6,-0.2871723674557014,19/02/2004,Shipped,1,2,2004,Vintage Cars,-0.8888712261379105,S24_3420,Collectable Mini Designs Co.,7605558146,361 Furth Circle,,San Diego,CA,91217,USA,EMEA,Thompson,Valarie,Medium,-0.5356552812195583,0.2484829137638569
10249,-1.0362527830157164,-0.6920207041300362,2,-0.9836279424013199,08/05/2004,Shipped,2,5,2004,Vintage Cars,-0.8888712261379105,S24_3420,Cambridge Collectables Co.,6175555555,4658 Baden Av.,,Cambridge,MA,51247,USA,EMEA,Tseng,Kyung,Small,0.7171083805592458,-1.7007363229605656
10262,1.1198673115905147,-0.6597957489773387,11,-0.172567128601643,24/06/2004,Cancelled,2,6,2004,Vintage Cars,-0.8888712261379105,S24_3420,Euro Shopping Channel,(91) 555 94 44,"C/ Moralzarzal, 86",,Madrid,CA,28034,Spain,EMEA,Freyre,Diego,Medium,-0.7388836916061023,0.5663165630044593
10274,-1.138925168473156,-0.5616335778968123,3,-0.9872010410587929,21/07/2004,Shipped,3,7,2004,Vintage Cars,-0.8888712261379105,S24_3420,Collectables For Less Inc.,6175558555,7825 Douglas Av.,,Brickhaven,MA,58339,USA,EMEA,Nelson,Allen,Small,0.6396586173263085,-1.6268596583851014
10284,0.40116061338843767,-0.5943543015903209,13,-0.4120244713046715,21/08/2004,Shipped,3,8,2004,Vintage Cars,-0.8888712261379105,S24_3420,"Norway Gifts By Mail, Co.",+47 2212 1555,"Drammensveien 126 A, PB 744 Sentrum",,Oslo,CA,N 0106,Norway,EMEA,Klaeboe,Jan,Small,-0.2384315361960296,-0.1735929351086419
10296,-0.42021847027107895,-1.4743434615293813,9,-1.0221717938766153,15/09/2004,Shipped,3,9,2004,Vintage Cars,-0.8888712261379105,S24_3420,"Bavarian Collectables Imports, Co.",+49 89 61 08 9555,Hansastr. 15,,Munich,CA,80686,Germany,EMEA,Donnermeyer,Michael,Small,0.6195463540580439,-1.6417181479346592
10307,-1.344269939388035,-0.5943543015903209,3,-1.0736396192193665,14/10/2004,Shipped,4,10,2004,Vintage Cars,-0.8888712261379105,S24_3420,"Classic Gift Ideas, Inc",2155554695,782 First Street,,Philadelphia,PA,71270,USA,EMEA,Cervantes,Francisca,Small,0.7989726209738386,-1.872612240193205
10316,1.2225396970479543,-0.3335800491238723,11,0.033570254584280576,01/11/2004,Shipped,4,11,2004,Vintage Cars,-0.8888712261379105,S24_3420,giftsbymail.co.uk,(198) 555-8888,Garden House Crowther Way,,Cowes,Isle of Wight,PO31 7PJ,UK,EMEA,Bennett,Helen,Medium,-0.40781485219714053,0.4413851067814211
10328,-1.5496147103029143,-0.529408622744114,2,-1.1372494637081816,12/11/2004,Shipped,4,11,2004,Vintage Cars,-0.8888712261379105,S24_3420,Rovelli Gifts,035-640555,Via Ludovico il Moro 22,,Bergamo,CA,24100,Italy,EMEA,Rovelli,Giovanni,Small,0.8203793895654852,-1.9576288532736668
10339,-0.6255632411859581,0.7947891497613676,14,-0.35995931943863435,23/11/2004,Shipped,4,11,2004,Vintage Cars,-0.8888712261379105,S24_3420,"Tokyo Collectables, Ltd",+81 3 3584 0555,2-2-8 Roppongi,,Minato-ku,Tokyo,106-0032,Japan,Japan,Shimamura,Akiko,Small,-0.49719087658415295,0.1372315571455186
10351,0.29848822793099805,-0.7574621515170541,4,-0.5188318839092902,03/12/2004,Shipped,4,12,2004,Vintage Cars,-0.8888712261379105,S24_3420,"Stylish Desk Decors, Co.",(171) 555-0297,35 King George,,London,CA,WX3 6FW,UK,EMEA,Brown,Ann,Small,-0.2260935353311266,-0.2927383485781636
10361,-0.11220131389876024,0.8101579745265006,6,0.17269846233978087,17/12/2004,Shipped,4,12,2004,Vintage Cars,-0.8888712261379105,S24_3420,Souveniers And Things Co.,+61 2 9495 8555,"Monitor Money Building, 815 Pacific Hwy",Level 6,Chatswood,NSW,2067,Australia,APAC,Huxley,Adrian,Medium,-0.0909007892074317,0.2635992515472126
10373,1.1198673115905147,-0.8754550642300096,11,-0.28122625342844754,31/01/2005,Shipped,1,1,2005,Vintage Cars,-0.8888712261379105,S24_3420,"Oulu Toy Supplies, Inc.",981-443655,Torikatu 38,,Oulu,CA,90110,Finland,EMEA,Koskitalo,Pirkko,Medium,-0.9803935091975622,0.6991672557691146
10386,-0.009528928441320661,-0.9865072173716151,9,-0.718034849183978,01/03/2005,Resolved,1,3,2005,Vintage Cars,-0.8888712261379105,S24_3420,Euro Shopping Channel,(91) 555 94 44,"C/ Moralzarzal, 86",,Madrid,CA,28034,Spain,EMEA,Freyre,Diego,Small,0.009400356681180487,-0.7274352058651584
10398,-0.11220131389876024,-0.5943543015903209,13,-0.606617161867817,30/03/2005,Shipped,1,3,2005,Vintage Cars,-0.8888712261379105,S24_3420,Reims Collectables,26.47.1555,59 rue de l'Abbaye,,Reims,CA,51100,France,EMEA,Henriot,Paul,Small,0.066687333559814,-0.673304495427631
10400,0.29848822793099805,-1.3117313801434591,3,-0.749530247684501,01/04/2005,Shipped,2,4,2005,Vintage Cars,-0.8888712261379105,S24_3420,The Sharp Gifts Warehouse,4085553659,3086 Ingle Ln.,,San Jose,CA,94217,USA,EMEA,Frick,Sue,Small,-0.3915363751805035,-0.35799387250399756
10415,-1.7549594812177935,-0.6920207041300362,2,-1.2485694066841684,09/05/2005,Disputed,2,5,2005,Vintage Cars,-0.8888712261379105,S24_3420,"Australian Collectables, Ltd",61-9-3844-6555,7 Allen Street,,Glen Waverly,Victoria,3150,Australia,APAC,Connery,Sean,Small,1.2144682959120205,-2.463037702596189
10110,0.1958158424735585,0.8101579745265006,14,0.09260240580827823,18/03/2003,Shipped,1,3,2003,Classic Cars,0.15640430868249622,S24_3432,"AV Stores, Co.",(171) 555-1555,Fauntleroy Circus,,Manchester,CA,EC2 5NT,UK,EMEA,Ashworth,Victoria,Medium,0.15864176631857846,-0.06603936051030022
10124,0.8118501552181959,0.8101579745265006,13,0.8955069974445438,21/05/2003,Shipped,2,5,2003,Classic Cars,0.15640430868249622,S24_3432,Signal Gift Stores,7025551838,8489 Strong St.,,Las Vegas,NV,83030,USA,EMEA,King,Sue,Medium,0.6577268773705988,0.237780120073945
10148,-0.8309080121008373,0.8101579745265006,7,-0.04582530084264149,11/09/2003,Shipped,3,9,2003,Classic Cars,0.15640430868249622,S24_3432,"Anna's Decorations, Ltd",02 9936 8555,201 Miller Street,Level 15,North Sydney,NSW,2060,Australia,APAC,O'Hara,Anna,Medium,-0.6731667521014554,0.6273414512588139
10161,-0.5228908557285186,0.8101579745265006,6,-0.22029894805329786,17/10/2003,Shipped,4,10,2003,Classic Cars,0.15640430868249622,S24_3432,Heintze Collectables,86 21 3555,Smagsloget 45,,Aaarhus,CA,8200,Denmark,EMEA,Ibsen,Palle,Medium,-0.42362419657544526,0.2033252485221474
10172,-1.344269939388035,0.7362884619457009,4,-0.7529947415195586,05/11/2003,Shipped,4,11,2003,Classic Cars,0.15640430868249622,S24_3432,Gift Depot Inc.,2035552570,25593 South Bay Ln.,,Bridgewater,CT,97562,USA,EMEA,King,Julie,Small,-0.9897704461118568,0.23677570459229824
10182,1.4278844679628335,0.8101579745265006,17,1.4608331098055705,12/11/2003,Shipped,4,11,2003,Classic Cars,0.15640430868249622,S24_3432,Mini Gifts Distributors Ltd.,4155551450,5677 Strong St.,,San Rafael,CA,97562,USA,EMEA,Nelson,Valarie,Medium,1.1568119884226191,0.30402112138295134
10192,1.1198673115905147,0.8101579745265006,5,1.092624750128852,20/11/2003,Shipped,4,11,2003,Classic Cars,0.15640430868249622,S24_3432,Online Diecast Creations Co.,6035558647,2304 Long Airport Avenue,,Nashua,NH,62005,USA,EMEA,Young,Valarie,Medium,0.9072694328966089,0.18535531723224308
10204,1.325212082505394,0.36495782487845746,11,0.442603167007022,02/12/2003,Shipped,4,12,2003,Classic Cars,0.15640430868249622,S24_3432,Muscle Machine Inc,2125557413,4092 Furth Circle,Suite 400,NYC,NY,10022,USA,EMEA,Young,Jeff,Medium,0.48364651913381945,-0.04104335212679744
10212,1.1198673115905147,0.20581612327821078,4,0.2635681172549108,16/01/2004,Shipped,1,1,2004,Classic Cars,0.15640430868249622,S24_3432,Euro Shopping Channel,(91) 555 94 44,"C/ Moralzarzal, 86",,Madrid,CA,28034,Spain,EMEA,Freyre,Diego,Medium,0.23048674865755184,0.03308136859735897
10226,1.325212082505394,0.4180050587452068,2,0.4704928854033471,26/02/2004,Shipped,1,2,2004,Classic Cars,0.15640430868249622,S24_3432,Collectable Mini Designs Co.,7605558146,361 Furth Circle,,San Diego,CA,91217,USA,EMEA,Thompson,Valarie,Medium,0.553945354397525,-0.08345246899417791
10241,-0.8309080121008373,0.15227312087065112,9,-0.6582424642030711,13/04/2004,Shipped,2,4,2004,Classic Cars,0.15640430868249622,S24_3432,Mini Caravy,88.60.1555,"24, place Kluber",,Strasbourg,CA,67000,France,EMEA,Citeaux,Frederique,Small,-0.12652495615902323,-0.5317175080440478
10267,0.8118501552181959,0.8101579745265006,6,0.8455379186511275,07/07/2004,Shipped,3,7,2004,Classic Cars,0.15640430868249622,S24_3432,Muscle Machine Inc,2125557413,4092 Furth Circle,Suite 400,NYC,NY,10022,USA,EMEA,Young,Jeff,Medium,0.6577268773705988,0.18781104128052872
10279,1.325212082505394,0.8101579745265006,6,1.4195252655997983,09/08/2004,Shipped,3,8,2004,Classic Cars,0.15640430868249622,S24_3432,Euro Shopping Channel,(91) 555 94 44,"C/ Moralzarzal, 86",,Madrid,CA,28034,Spain,EMEA,Freyre,Diego,Medium,1.0736311365806157,0.3458941290191826
10288,0.6065053843033168,0.8101579745265006,12,0.7164502267279494,01/09/2004,Shipped,3,9,2004,Classic Cars,0.15640430868249622,S24_3432,Handji Gifts& Co,+65 224 1555,Village Close - 106 Linden Road Sandown,2nd Floor,Singapore,CA,69045,Singapore,APAC,Victorino,Wendy,Medium,0.491365173686592,0.22508505304135745
10301,-1.344269939388035,0.6301939942122029,2,-0.7785603167161901,05/10/2003,Shipped,4,10,2003,Classic Cars,0.15640430868249622,S24_3432,"Norway Gifts By Mail, Co.",+47 2212 1555,"Drammensveien 126 A, PB 744 Sentrum",,Oslo,CA,N 0106,Norway,EMEA,Klaeboe,Jan,Small,-0.8471508424023417,0.06859052568615165
10311,1.1198673115905147,0.4180050587452068,7,0.37047870444082437,16/10/2004,Shipped,4,10,2004,Classic Cars,0.15640430868249622,S24_3432,Euro Shopping Channel,(91) 555 94 44,"C/ Moralzarzal, 86",,Madrid,CA,28034,Spain,EMEA,Freyre,Diego,Medium,0.4681102013682299,-0.09763149692740553
10321,-1.4469423248454747,0.3119105910117088,4,-0.904102061187499,04/11/2004,Shipped,4,11,2004,Classic Cars,0.15640430868249622,S24_3432,FunGiftIdeas.com,5085552555,1785 First Street,,New Bedford,MA,50553,USA,EMEA,Benitez,Violeta,Small,-0.451316635702408,-0.45278542548509104
10332,-0.42021847027107895,-2.3042599988465575,13,-1.3039687265983642,17/11/2004,Shipped,4,11,2004,Classic Cars,0.15640430868249622,S24_3432,"AV Stores, Co.",(171) 555-1555,Fauntleroy Circus,,Manchester,CA,EC2 5NT,UK,EMEA,Ashworth,Victoria,Small,0.9682926118221385,-2.2722613384205026
10346,-0.9335803975582768,0.6059013357124763,6,-0.5761535091802422,29/11/2004,Shipped,4,11,2004,Classic Cars,0.15640430868249622,S24_3432,Signal Gift Stores,7025551838,8489 Strong St.,,Las Vegas,NV,83030,USA,EMEA,King,Sue,Small,-0.5656576098755446,-0.010495899304697631
10368,-1.5496147103029143,0.7893356958124496,4,-0.8483606360826941,19/01/2005,Shipped,1,1,2005,Classic Cars,0.15640430868249622,S24_3432,Mini Gifts Distributors Ltd.,4155551450,5677 Strong St.,,San Rafael,CA,97562,USA,EMEA,Nelson,Valarie,Small,-1.2231662055981583,0.3748055695154642
10380,-0.11220131389876024,0.8101579745265006,11,0.21682460168723772,16/02/2005,Shipped,1,2,2005,Classic Cars,0.15640430868249622,S24_3432,Euro Shopping Channel,(91) 555 94 44,"C/ Moralzarzal, 86",,Madrid,CA,28034,Spain,EMEA,Freyre,Diego,Medium,-0.0909007892074317,0.30772539089466944
10407,0.8118501552181959,0.15227312087065112,9,0.09530123564530571,22/04/2005,On Hold,2,4,2005,Classic Cars,0.15640430868249622,S24_3432,The Sharp Gifts Warehouse,4085553659,3086 Ingle Ln.,,San Jose,CA,94217,USA,EMEA,Frick,Sue,Medium,0.12362295681439722,-0.028321721169091513
10420,-0.9335803975582768,0.8101579745265006,12,-0.5086664725311905,29/05/2005,In Process,2,5,2005,Classic Cars,0.15640430868249622,S24_3432,Souveniers And Things Co.,+61 2 9495 8555,"Monitor Money Building, 815 Pacific Hwy",Level 6,Chatswood,NSW,2067,Australia,APAC,Huxley,Adrian,Small,-0.7563476039434588,0.24768113141226833
10105,1.530556853420273,-0.19773946894173025,1,0.2332890927654423,11/02/2003,Shipped,1,2,2003,Vintage Cars,-0.44089599692916476,S24_3816,Danish Wholesale Imports,31 12 3555,Vinb'ltet 34,,Kobenhavn,CA,1734,Denmark,EMEA,Petersen,Jytte,Medium,-0.30265149938045044,0.5359405921458927
10119,-0.009528928441320661,0.34264824054197407,10,-0.2084881736156017,28/04/2003,Shipped,2,4,2003,Vintage Cars,-0.44089599692916476,S24_3816,Salzburg Collectables,6562-9555,Geislweg 14,,Salzburg,CA,5020,Austria,EMEA,Pipps,Georg,Medium,-0.0032650705646689,-0.2052231030509328
10129,1.530556853420273,-0.2810285837979346,1,0.18767506735089162,12/06/2003,Shipped,2,6,2003,Vintage Cars,-0.44089599692916476,S24_3816,"Stylish Desk Decors, Co.",(171) 555-0297,35 King George,,London,CA,WX3 6FW,UK,EMEA,Brown,Ann,Medium,-0.4301302249389223,0.6178052922898138
10143,-1.2415975539305957,-0.15609491151362806,14,-0.9243134186390417,10/08/2003,Shipped,3,8,2003,Vintage Cars,-0.44089599692916476,S24_3816,Mini Creations Ltd.,5085559555,4575 Hillside Dr.,,New Bedford,MA,50553,USA,EMEA,Tam,Wing C,Small,0.19380706031633338,-1.1181204789553751
10155,0.1958158424735585,-0.7797717358535368,12,-0.5650052241592813,06/10/2003,Shipped,4,10,2003,Vintage Cars,-0.44089599692916476,S24_3816,"Toys of Finland, Co.",90-224 8555,Keskuskatu 45,,Helsinki,CA,21240,Finland,EMEA,Karttunen,Matti,Small,-0.1526916593932294,-0.41231356476605197
10167,-0.6255632411859581,0.009987549657968994,8,-0.6092453985702745,23/10/2003,Cancelled,4,10,2003,Vintage Cars,-0.44089599692916476,S24_3816,Scandinavian Gift Ideas,0695-34 6555,?kergatan 24,,Boras,CA,S-844 67,Sweden,EMEA,Larsson,Maria,Small,-0.00624784393554479,-0.6029975546347297
10178,-1.4469423248454747,-0.5720447172538375,11,-1.1074265794728586,08/11/2003,Shipped,4,11,2003,Vintage Cars,-0.44089599692916476,S24_3816,Alpha Cognac,61.77.6555,1 rue Alsace-Lorraine,,Toulouse,CA,31000,France,EMEA,Roulet,Annette,Small,0.82771571309884,-1.9351422925716986
10186,0.09314345701611891,0.09327666451417337,8,-0.2576372859997799,14/11/2003,Shipped,4,11,2003,Vintage Cars,-0.44089599692916476,S24_3816,"Double Decker Gift Stores, Ltd",(171) 555-7555,120 Hanover Sq.,,London,CA,WA1 1DP,UK,EMEA,Hardy,Thomas,Medium,0.008688110991782851,-0.26632539699156277
10197,-1.344269939388035,0.13492122194227485,5,-0.8979061560686894,26/11/2003,Shipped,4,11,2003,Vintage Cars,-0.44089599692916476,S24_3816,Enaco Distributors,(93) 203 4555,"Rambla de Catalu¤a, 23",,Barcelona,CA,8022,Spain,EMEA,Saavedra,Eduardo,Small,-0.18137054284250145,-0.716535613226188
10209,-1.344269939388035,0.3010036831138726,7,-0.857885279008542,09/01/2004,Shipped,1,1,2004,Vintage Cars,-0.44089599692916476,S24_3816,"Men 'R' US Retailers, Ltd.",2155554369,6047 Douglas Av.,,Los Angeles,CA,,USA,EMEA,Chandler,Michael,Small,-0.40463020285506085,-0.4532550761534811
10222,1.1198673115905147,-0.15609491151362806,11,0.08122062041912367,19/02/2004,Shipped,1,2,2004,Vintage Cars,-0.44089599692916476,S24_3816,Collectable Mini Designs Co.,7605558146,361 Furth Circle,,San Diego,CA,91217,USA,EMEA,Thompson,Valarie,Medium,-0.17480558890972592,0.25602620932884956
10248,-1.2415975539305957,-0.36431769865413827,2,-0.9767695478657749,07/05/2004,Cancelled,2,5,2004,Vintage Cars,-0.44089599692916476,S24_3816,Land of Toys Inc.,2125557818,897 Long Airport Avenue,,NYC,NY,10022,USA,EMEA,Yu,Kwai,Small,0.45233596350260197,-1.4291055113683768
10262,1.4278844679628335,0.17607001082956605,16,0.39065205020452126,24/06/2004,Cancelled,2,6,2004,Vintage Cars,-0.44089599692916476,S24_3816,Euro Shopping Channel,(91) 555 94 44,"C/ Moralzarzal, 86",,Madrid,CA,28034,Spain,EMEA,Freyre,Diego,Medium,0.25140763373758523,0.13924441646693603
10273,1.325212082505394,-0.031657007770133194,3,0.23408190796907616,21/07/2004,Shipped,3,7,2004,Vintage Cars,-0.44089599692916476,S24_3816,Petit Auto,(02) 5554 67,Rue Joseph-Bens 532,,Bruxelles,CA,B-1180,Belgium,EMEA,Dewey,Catherine,Medium,-0.04195224919294765,0.2760341571620238
10283,-0.21487369935619982,-0.5304001598257361,5,-0.6224191635292865,20/08/2004,Shipped,3,8,2004,Vintage Cars,-0.44089599692916476,S24_3816,"Royal Canadian Collectables, Ltd.",(604) 555-4555,23 Tsawassen Blvd.,,Tsawassen,BC,T2F 8M4,Canada,EMEA,Lincoln,Elizabeth,Small,0.11396904448087555,-0.736388208010162
10296,-1.344269939388035,-0.3226731412260361,14,-1.0081726322672449,15/09/2004,Shipped,3,9,2004,Vintage Cars,-0.44089599692916476,S24_3816,"Bavarian Collectables Imports, Co.",+49 89 61 08 9555,Hansastr. 15,,Munich,CA,80686,Germany,EMEA,Donnermeyer,Michael,Small,0.4337598039980704,-1.4419324362653152
10307,-1.344269939388035,0.38429279797007626,8,-0.8378151078261397,14/10/2004,Shipped,4,10,2004,Vintage Cars,-0.44089599692916476,S24_3816,"Classic Gift Ideas, Inc",2155554695,782 First Street,,Philadelphia,PA,71270,USA,EMEA,Cervantes,Francisca,Small,-0.5165932562344928,-0.32122185159164685
10316,-1.0362527830157164,0.42593735539817845,16,-0.6774980992173564,01/11/2004,Shipped,4,11,2004,Vintage Cars,-0.44089599692916476,S24_3816,giftsbymail.co.uk,(198) 555-8888,Garden House Crowther Way,,Cowes,Isle of Wight,PO31 7PJ,UK,EMEA,Bennett,Helen,Small,-0.4413787699217167,-0.23611932929563967
10326,-1.5496147103029143,0.42593735539817845,2,-0.9279679709133265,09/11/2004,Shipped,4,11,2004,Vintage Cars,-0.44089599692916476,S24_3816,"Volvo Model Replicas, Co",0921-12 3555,Berguvsvgen  8,,Lule,CA,S-958 22,Sweden,EMEA,Berglund,Christina,Small,-0.6600387915925378,-0.26792917932078875
10339,0.7091777697607564,-1.20464537532834,16,-0.5760231833933436,23/11/2004,Shipped,4,11,2004,Vintage Cars,-0.44089599692916476,S24_3816,"Tokyo Collectables, Ltd",+81 3 3584 0555,2-2-8 Roppongi,,Minato-ku,Tokyo,106-0032,Japan,Japan,Shimamura,Akiko,Small,-0.8543077206279615,0.2782845372346179
10350,-1.0362527830157164,-1.1560600583288874,10,-1.1106955846275681,02/12/2004,Shipped,4,12,2004,Vintage Cars,-0.44089599692916476,S24_3816,Euro Shopping Channel,(91) 555 94 44,"C/ Moralzarzal, 86",,Madrid,CA,28034,Spain,EMEA,Freyre,Diego,Small,1.197970452776621,-2.308666037404189
10373,-1.2415975539305957,0.8101579745265006,10,-0.6296848261488898,31/01/2005,Shipped,1,1,2005,Vintage Cars,-0.44089599692916476,S24_3816,"Oulu Toy Supplies, Inc.",981-443655,Torikatu 38,,Oulu,CA,90110,Finland,EMEA,Koskitalo,Pirkko,Small,-1.005890159469469,0.37620533332057915
10385,0.1958158424735585,0.09327666451417337,2,-0.21118700345262917,28/02/2005,Shipped,1,2,2005,Vintage Cars,-0.44089599692916476,S24_3816,Mini Gifts Distributors Ltd.,4155551450,5677 Strong St.,,San Rafael,CA,97562,USA,EMEA,Nelson,Valarie,Medium,0.018265048644966336,-0.2294520520975955
10396,0.1958158424735585,0.34264824054197407,8,-0.11012478595379549,23/03/2005,Shipped,1,3,2005,Vintage Cars,-0.44089599692916476,S24_3816,Mini Gifts Distributors Ltd.,4155551450,5677 Strong St.,,San Rafael,CA,97562,USA,EMEA,Nelson,Valarie,Medium,0.06709595389380917,-0.17722073984760467
10400,0.7091777697607564,-0.5304001598257361,8,-0.26584781057439894,01/04/2005,Shipped,2,4,2005,Vintage Cars,-0.44089599692916476,S24_3816,The Sharp Gifts Warehouse,4085553659,3086 Ingle Ln.,,San Jose,CA,94217,USA,EMEA,Frick,Sue,Medium,-0.37614800242596425,0.11030019185156531
10414,1.6332292388777125,-0.36431769865413827,2,0.18349921192901192,06/05/2005,On Hold,2,5,2005,Vintage Cars,-0.44089599692916476,S24_3816,Gifts4AllAges.com,6175559555,8616 Spinnaker Dr.,,Boston,MA,51003,USA,EMEA,Yoshido,Juri,Medium,-0.5950143176825781,0.7785135296115899
10108,0.5038329988458772,0.8101579745265006,1,1.0289823241933123,03/03/2003,Shipped,1,3,2003,Classic Cars,0.97769222889853,S24_3856,Cruz & Sons Co.,+63 2 555 3587,15 McCallum Street - NatWest Center #13-03,,Makati City,CA,1227 MM,Philippines,Japan,Cruz,Arnold,Medium,0.4081843218445886,0.6207980023487236
10122,0.8118501552181959,0.8101579745265006,5,1.054053747447953,08/05/2003,Shipped,2,5,2003,Classic Cars,0.97769222889853,S24_3856,Marseille Mini Autos,91.24.4555,"12, rue des Bouchers",,Marseille,CA,13008,France,EMEA,Lebihan,Laurence,Medium,0.6577268773705988,0.39632687007735423
10135,1.2225396970479543,0.8101579745265006,2,1.5107913281167449,02/07/2003,Shipped,3,7,2003,Classic Cars,0.97769222889853,S24_3856,Mini Gifts Distributors Ltd.,4155551450,5677 Strong St.,,San Rafael,CA,97562,USA,EMEA,Nelson,Valarie,Medium,0.9904502847386123,0.5203410433781326
10147,-1.2415975539305957,0.8101579745265006,2,-0.3512926546098699,05/09/2003,Shipped,3,9,2003,Classic Cars,0.97769222889853,S24_3856,Collectables For Less Inc.,6175558555,7825 Douglas Av.,,Brickhaven,MA,58339,USA,EMEA,Nelson,Allen,Small,-1.005890159469469,0.654597504859599
10160,-0.009528928441320661,0.8101579745265006,3,0.6591286014569973,11/10/2003,Shipped,4,10,2003,Classic Cars,0.97769222889853,S24_3856,"Men 'R' US Retailers, Ltd.",2155554369,6047 Douglas Av.,,Los Angeles,CA,,USA,EMEA,Chandler,Michael,Medium,-0.007719937365428311,0.6668485388224256
10170,-0.11220131389876024,0.8101579745265006,1,0.14426571983137756,04/11/2003,Shipped,4,11,2003,Classic Cars,0.97769222889853,S24_3856,Mini Auto Werke,7675-3555,Kirchgasse 6,,Graz,CA,8010,Austria,EMEA,Mendel,Roland,Medium,-0.0909007892074317,0.23516650903880926
10181,-1.0362527830157164,0.8101579745265006,9,0.16717590711994773,12/11/2003,Shipped,4,11,2003,Classic Cars,0.97769222889853,S24_3856,Herkku Gifts,+47 2267 3215,"Drammen 121, PR 744 Sentrum",,Bergen,CA,N 5804,Norway,EMEA,Oeztan,Veysel,Medium,-0.8395284557854622,1.00670436290541
10192,1.017194926133075,0.8101579745265006,14,1.5017119649628015,20/11/2003,Shipped,4,11,2003,Classic Cars,0.97769222889853,S24_3856,Online Diecast Creations Co.,6035558647,2304 Long Airport Avenue,,Nashua,NH,62005,USA,EMEA,Young,Valarie,Medium,0.8240885810546055,0.677623383908196
10203,1.2225396970479543,0.8101579745265006,3,1.8693773005274419,02/12/2003,Shipped,4,12,2003,Classic Cars,0.97769222889853,S24_3856,Euro Shopping Channel,(91) 555 94 44,"C/ Moralzarzal, 86",,Madrid,CA,28034,Spain,EMEA,Freyre,Diego,Medium,0.9904502847386123,0.8789270157888296
10212,1.4278844679628335,0.8101579745265006,13,1.8439909232877962,16/01/2004,Shipped,1,1,2004,Classic Cars,0.97769222889853,S24_3856,Euro Shopping Channel,(91) 555 94 44,"C/ Moralzarzal, 86",,Madrid,CA,28034,Spain,EMEA,Freyre,Diego,Medium,1.1568119884226191,0.6871789348651771
10225,0.5038329988458772,0.8101579745265006,4,0.5409122522576202,22/02/2004,Shipped,1,2,2004,Classic Cars,0.97769222889853,S24_3856,"Vida Sport, Ltd",0897-034555,Grenzacherweg 237,,Gensve,CA,1203,Switzerland,EMEA,Holz,Michael,Medium,0.4081843218445886,0.1327279304130316
10239,-0.6255632411859581,0.8101579745265006,3,0.5026996454906926,12/04/2004,Shipped,2,4,2004,Classic Cars,0.97769222889853,S24_3856,"Oulu Toy Supplies, Inc.",981-443655,Torikatu 38,,Oulu,CA,90110,Finland,EMEA,Koskitalo,Pirkko,Medium,-0.5068050484174486,1.0095046939081411
10253,0.40116061338843767,0.8101579745265006,8,0.8656406712802547,01/06/2004,Cancelled,2,6,2004,Classic Cars,0.97769222889853,S24_3856,"UK Collectables, Ltd.",(171) 555-2282,Berkeley Gardens 12  Brewery,,Liverpool,CA,WX1 6LT,UK,EMEA,Devon,Elizabeth,Medium,0.3250034700025852,0.5406372012776695
10266,-1.138925168473156,0.8101579745265006,9,-0.3376573191555917,06/07/2004,Shipped,3,7,2004,Classic Cars,0.97769222889853,S24_3856,L'ordine Souveniers,0522-556555,Strada Provinciale 124,,Reggio Emilia,CA,42100,Italy,EMEA,Moroni,Maurizio,Small,-0.9227093076274656,0.5850519884718739
10278,-1.0362527830157164,0.8101579745265006,9,-0.21402701955879702,06/08/2004,Shipped,3,8,2004,Classic Cars,0.97769222889853,S24_3856,Signal Gift Stores,7025551838,8489 Strong St.,,Las Vegas,NV,83030,USA,EMEA,King,Sue,Medium,-0.8395284557854622,0.6255014362266652
10287,0.09314345701611891,0.8101579745265006,7,0.40370091961775506,30/08/2004,Shipped,3,8,2004,Classic Cars,0.97769222889853,S24_3856,"Vida Sport, Ltd",0897-034555,Grenzacherweg 237,,Gensve,CA,1203,Switzerland,EMEA,Holz,Michael,Medium,0.07546091447657508,0.32824000514118
10301,1.530556853420273,0.8101579745265006,11,2.2641992719371027,05/10/2003,Shipped,4,10,2003,Classic Cars,0.97769222889853,S24_3856,"Norway Gifts By Mail, Co.",+47 2212 1555,"Drammensveien 126 A, PB 744 Sentrum",,Oslo,CA,N 0106,Norway,EMEA,Klaeboe,Jan,Large,1.2399928402646223,1.0242064316724804
10310,1.017194926133075,0.8101579745265006,5,1.0555090520683217,16/10/2004,Shipped,4,10,2004,Classic Cars,0.97769222889853,S24_3856,"Toms Spezialitten, Ltd",0221-5554327,Mehrheimerstr. 369,,Koln,CA,50739,Germany,EMEA,Pfalzheim,Henriette,Medium,0.8240885810546055,0.2314204710137162
10321,-0.9335803975582768,0.8101579745265006,13,0.2709641056614129,04/11/2004,Shipped,4,11,2004,Classic Cars,0.97769222889853,S24_3856,FunGiftIdeas.com,5085552555,1785 First Street,,New Bedford,MA,50553,USA,EMEA,Benitez,Violeta,Medium,-0.7563476039434588,1.0273117096048716
10331,-1.4469423248454747,0.8101579745265006,1,-0.2269618539084947,17/11/2004,Shipped,4,11,2004,Classic Cars,0.97769222889853,S24_3856,Motor Mint Distributors Inc.,2155559857,11328 Douglas Av.,,Philadelphia,PA,71270,USA,EMEA,Hernandez,Rosa,Medium,-1.1722518631534757,0.9452900092449811
10342,0.7091777697607564,0.8101579745265006,6,0.7926256491702489,24/11/2004,Shipped,4,11,2004,Classic Cars,0.97769222889853,S24_3856,"Australian Collectors, Co.",03 9520 4555,636 St Kilda Road,Level 3,Melbourne,Victoria,3004,Australia,APAC,Ferguson,Peter,Medium,0.5745460255285955,0.21807962364165345
10355,-0.3175460848136394,0.8101579745265006,8,0.9496573619009605,07/12/2004,Shipped,4,12,2004,Classic Cars,0.97769222889853,S24_3856,Euro Shopping Channel,(91) 555 94 44,"C/ Moralzarzal, 86",,Madrid,CA,28034,Spain,EMEA,Freyre,Diego,Medium,-0.2572624928914385,1.206919854792399
10363,-0.42021847027107895,0.5414514254070804,1,-0.33771162156679946,06/01/2005,Shipped,1,1,2005,Classic Cars,0.97769222889853,S24_3856,Suominen Souveniers,+358 9 8045 555,"Software Engineering Center, SEC Oy",,Espoo,CA,FIN-02271,Finland,EMEA,Suominen,Kalle,Small,-0.22752788971065852,-0.11018373185614094
10378,-0.21487369935619982,-1.5065684166820792,3,-0.9752599408341981,10/02/2005,Shipped,1,2,2005,Classic Cars,0.97769222889853,S24_3856,Euro Shopping Channel,(91) 555 94 44,"C/ Moralzarzal, 86",,Madrid,CA,28034,Spain,EMEA,Freyre,Diego,Small,0.3237219290256911,-1.2989818698598892
10390,1.017194926133075,0.8101579745265006,8,1.7426517634918028,04/03/2005,Shipped,1,3,2005,Classic Cars,0.97769222889853,S24_3856,Mini Gifts Distributors Ltd.,4155551450,5677 Strong St.,,San Rafael,CA,97562,USA,EMEA,Nelson,Valarie,Medium,0.8240885810546055,0.9185631824371974
10405,4.200038875313702,0.8101579745265006,3,4.445092710864702,14/04/2005,Shipped,2,4,2005,Classic Cars,0.97769222889853,S24_3856,Mini Caravy,88.60.1555,"24, place Kluber",,Strasbourg,CA,67000,France,EMEA,Citeaux,Frederique,Large,3.40269498815671,1.042397722707992
10419,3.5840045625690644,0.8101579745265006,8,3.0876953379033654,17/05/2005,Shipped,2,5,2005,Classic Cars,0.97769222889853,S24_3856,Salzburg Collectables,6562-9555,Geislweg 14,,Salzburg,CA,5020,Austria,EMEA,Pipps,Georg,Large,2.90360987710469,0.18408546079867527
10106,1.530556853420273,-0.933459983504866,11,-0.16963479839642184,17/02/2003,Shipped,1,2,2003,Planes,-0.8142086879364528,S24_3949,Rovelli Gifts,035-640555,Via Ludovico il Moro 22,,Bergamo,CA,24100,Italy,EMEA,Rovelli,Giovanni,Medium,-1.4287135751469475,1.2590787767505256
10119,-0.7282356266433977,-0.6627703602222026,2,-0.8611108422342851,28/04/2003,Shipped,2,4,2003,Planes,-0.8142086879364528,S24_3949,Salzburg Collectables,6562-9555,Geislweg 14,,Salzburg,CA,5020,Austria,EMEA,Pipps,Georg,Small,0.4826529885970861,-1.3437638308313713
10131,1.530556853420273,-0.0876788528817464,3,0.29356476920609853,16/06/2003,Shipped,2,6,2003,Planes,-0.8142086879364528,S24_3949,Gift Ideas Corp.,2035554407,2440 Pompton St.,,Glendale,CT,97561,USA,EMEA,Lewis,Dan,Medium,-0.1341974691781848,0.4277622383842833
10143,-0.7282356266433977,-0.8660354619546057,6,-0.9234500103008377,10/08/2003,Shipped,3,8,2003,Planes,-0.8142086879364528,S24_3949,Mini Creations Ltd.,5085559555,4575 Hillside Dr.,,New Bedford,MA,50553,USA,EMEA,Tam,Wing C,Small,0.6306778773319167,-1.5541278876327544
10155,0.9145225406756355,-0.32465621538927936,4,-0.08745352927453966,06/10/2003,Shipped,4,10,2003,Planes,-0.8142086879364528,S24_3949,"Toys of Finland, Co.",90-224 8555,Keskuskatu 45,,Helsinki,CA,21240,Finland,EMEA,Karttunen,Matti,Medium,-0.2969054269439401,0.20945189766940048
10168,-0.8309080121008373,-0.5274255485808715,18,-0.8592536997709784,28/10/2003,Shipped,4,10,2003,Planes,-0.8142086879364528,S24_3949,Technics Stores Inc.,6505556809,9408 Furth Circle,,Burlingame,CA,94217,USA,EMEA,Hirano,Juri,Small,0.43824211410252556,-1.297495813873504
10178,-0.5228908557285186,-0.5616335778968123,3,-0.7515394368991895,08/11/2003,Shipped,4,11,2003,Planes,-0.8142086879364528,S24_3949,Alpha Cognac,61.77.6555,1 rue Alsace-Lorraine,,Toulouse,CA,31000,France,EMEA,Roulet,Annette,Small,0.2936730621523338,-1.0452124990515232
10198,0.8118501552181959,-0.8660354619546057,3,-0.3843085206242112,27/11/2003,Shipped,4,11,2003,Planes,-0.8142086879364528,S24_3949,Cruz & Sons Co.,+63 2 555 3587,15 McCallum Street - NatWest Center #13-03,,Makati City,CA,1227 MM,Philippines,Japan,Cruz,Arnold,Small,-0.7030910242123086,0.3187825035880974
10210,-0.6255632411859581,-0.6969783895381441,16,-0.833807589879004,12/01/2004,Shipped,1,1,2004,Planes,-0.8142086879364528,S24_3949,Osaka Souveniers Co.,+81 06 6342 5555,"Dojima Avanza 4F, 1-6-20 Dojima, Kita-ku",,Osaka,Osaka,530-0003,Japan,Japan,Kentary,Mory,Small,0.43600406039605066,-1.2698116502750547
10222,1.325212082505394,-1.3394944184288606,3,-0.45351694370855045,19/02/2004,Shipped,1,2,2004,Planes,-0.8142086879364528,S24_3949,Collectable Mini Designs Co.,7605558146,361 Furth Circle,,San Diego,CA,91217,USA,EMEA,Thompson,Valarie,Small,-1.775114187750462,1.3215972440419115
10235,-0.21487369935619982,-1.1704373460123991,12,-0.85376372599787,02/04/2004,Shipped,2,4,2004,Planes,-0.8142086879364528,S24_3949,"Royal Canadian Collectables, Ltd.",(604) 555-4555,23 Tsawassen Blvd.,,Tsawassen,BC,T2F 8M4,Canada,EMEA,Lincoln,Elizabeth,Small,0.25149620240233667,-1.1052599284002067
10250,0.5038329988458772,-0.42628876625548057,13,-0.29947186359426775,11/05/2004,Shipped,2,5,2004,Planes,-0.8142086879364528,S24_3949,The Sharp Gifts Warehouse,4085553659,3086 Ingle Ln.,,San Jose,CA,94217,USA,EMEA,Frick,Sue,Medium,-0.21477834747680793,-0.08469351611745982
10262,1.325212082505394,-1.1025170559213275,8,-0.32892549143337774,24/06/2004,Cancelled,2,6,2004,Planes,-0.8142086879364528,S24_3949,Euro Shopping Channel,(91) 555 94 44,"C/ Moralzarzal, 86",,Madrid,CA,28034,Spain,EMEA,Freyre,Diego,Small,-1.4610689236752183,1.1321434322418407
10275,0.6065053843033168,-0.0876788528817464,18,-0.1066494316364966,23/07/2004,Shipped,3,7,2004,Planes,-0.8142086879364528,S24_3949,La Rochelle Gifts,40.67.8555,"67, rue des Cinquante Otages",,Nantes,CA,44000,France,EMEA,Labrune,Janine,Medium,-0.053177696362317575,-0.05347173527417902
10284,-1.4469423248454747,-1.3732066792039908,10,-1.2917072421476434,21/08/2004,Shipped,3,8,2004,Planes,-0.8142086879364528,S24_3949,"Norway Gifts By Mail, Co.",+47 2212 1555,"Drammensveien 126 A, PB 744 Sentrum",,Oslo,CA,N 0106,Norway,EMEA,Klaeboe,Jan,Small,1.9869508649007563,-3.2786581070483996
10296,-0.3175460848136394,-0.5953458386719421,6,-0.6848017735248052,15/09/2004,Shipped,3,9,2004,Planes,-0.8142086879364528,S24_3949,"Bavarian Collectables Imports, Co.",+49 89 61 08 9555,Hansastr. 15,,Munich,CA,80686,Germany,EMEA,Donnermeyer,Michael,Small,0.1890497401803678,-0.873851513705173
10308,0.8118501552181959,-0.3583684761644092,16,-0.14520414359403347,15/10/2004,Shipped,4,10,2004,Planes,-0.8142086879364528,S24_3949,Mini Classics,9145554562,3758 North Pendale Street,,White Plains,NY,24067,USA,EMEA,Frick,Steve,Medium,-0.2909415029993839,0.14573735940535046
10316,-0.5228908557285186,-0.2909439546141488,8,-0.6625920873408159,01/11/2004,Shipped,4,11,2004,Planes,-0.8142086879364528,S24_3949,giftsbymail.co.uk,(198) 555-8888,Garden House Crowther Way,,Cowes,Isle of Wight,PO31 7PJ,UK,EMEA,Bennett,Helen,Small,0.15213193339723152,-0.8147240207380474
10328,-0.009528928441320661,-0.3583684761644092,3,-0.4772308066829958,12/11/2004,Shipped,4,11,2004,Planes,-0.8142086879364528,S24_3949,Rovelli Gifts,035-640555,Via Ludovico il Moro 22,,Bergamo,CA,24100,Italy,EMEA,Rovelli,Giovanni,Small,0.0034148675649957843,-0.48064567424799154
10339,1.017194926133075,0.6574612639567934,11,0.43849790471971223,23/11/2004,Shipped,4,11,2004,Planes,-0.8142086879364528,S24_3949,"Tokyo Collectables, Ltd",+81 3 3584 0555,2-2-8 Roppongi,,Minato-ku,Tokyo,106-0032,Japan,Japan,Shimamura,Akiko,Medium,0.6687662618258886,-0.23026835710617638
10351,-0.11220131389876024,-1.2041496067875292,3,-0.8337098455388301,03/12/2004,Shipped,4,12,2004,Planes,-0.8142086879364528,S24_3949,"Stylish Desk Decors, Co.",(171) 555-0297,35 King George,,London,CA,WX3 6FW,UK,EMEA,Brown,Ann,Small,0.1351071680122363,-0.9688170135510664
10361,-0.9335803975582768,0.8101579745265006,7,0.0853041617419501,17/12/2004,Shipped,4,12,2004,Planes,-0.8142086879364528,S24_3949,Souveniers And Things Co.,+61 2 9495 8555,"Monitor Money Building, 815 Pacific Hwy",Level 6,Chatswood,NSW,2067,Australia,APAC,Huxley,Adrian,Medium,-0.7563476039434588,0.8416517656854089
10373,0.40116061338843767,-0.5284170856624928,13,-0.3838578106111865,31/01/2005,Shipped,1,1,2005,Planes,-0.8142086879364528,S24_3949,"Oulu Toy Supplies, Inc.",981-443655,Torikatu 38,,Oulu,CA,90110,Finland,EMEA,Koskitalo,Pirkko,Small,-0.2119801222092962,-0.1718776884018903
10386,0.6065053843033168,-0.5125524923565495,12,-0.29745181389733777,01/03/2005,Resolved,1,3,2005,Planes,-0.8142086879364528,S24_3949,Euro Shopping Channel,(91) 555 94 44,"C/ Moralzarzal, 86",,Madrid,CA,28034,Spain,EMEA,Freyre,Diego,Medium,-0.31086584635233194,0.013414032454994174
10398,0.6065053843033168,-0.7644029110884044,2,-0.41055287596094014,30/03/2005,Shipped,1,3,2005,Planes,-0.8142086879364528,S24_3949,Reims Collectables,26.47.1555,59 rue de l'Abbaye,,Reims,CA,51100,France,EMEA,Henriot,Paul,Small,-0.4636144813522468,0.053061605391306665
10401,2.967970249824427,-1.1704373460123991,12,0.15710280984090103,03/04/2005,On Hold,2,4,2005,Planes,-0.8142086879364528,S24_3949,Tekni Collectables Inc.,2015559350,7476 Moss Rd.,,Newark,NJ,94019,USA,EMEA,Brown,William,Medium,-3.4738232222482597,3.6309260320891608
10416,-1.7549594812177935,-0.42628876625548057,13,-1.1961784403508844,10/05/2005,Shipped,2,5,2005,Planes,-0.8142086879364528,S24_3949,L'ordine Souveniers,0522-556555,Strada Provinciale 124,,Reggio Emilia,CA,42100,Italy,EMEA,Moroni,Maurizio,Small,0.7481195120766915,-1.9442979524275759
10100,1.4278844679628335,-2.4386132734062675,1,-1.0126634416741296,06/01/2003,Shipped,1,1,2003,Vintage Cars,-1.4861715317495714,S24_3969,Online Diecast Creations Co.,6035558647,2304 Long Airport Avenue,,Nashua,NH,62005,USA,EMEA,Young,Valarie,Small,-3.482058016464812,2.4693945747906825
10110,1.325212082505394,-2.4386132734062675,5,-1.031381482817458,18/03/2003,Shipped,1,3,2003,Vintage Cars,-1.4861715317495714,S24_3969,"AV Stores, Co.",(171) 555-1555,Fauntleroy Circus,,Manchester,CA,EC2 5NT,UK,EMEA,Ashworth,Victoria,Small,-3.2316797744760155,2.200298291658558
10124,1.1198673115905147,-2.500088572466799,4,-1.0997916604570424,21/05/2003,Shipped,2,5,2003,Vintage Cars,-1.4861715317495714,S24_3969,Signal Gift Stores,7025551838,8489 Strong St.,,Las Vegas,NV,83030,USA,EMEA,King,Sue,Small,-2.799767468386562,1.6999758079295197
10149,-0.9335803975582768,-2.2150216615006246,9,-1.3795033805884118,12/09/2003,Shipped,3,9,2003,Vintage Cars,-1.4861715317495714,S24_3969,Signal Collectibles Ltd.,4155554312,2793 Furth Circle,,Brisbane,CA,94217,USA,EMEA,Taylor,Sue,Small,2.067900803343948,-3.4474041839323597
10162,0.1958158424735585,-2.2150216615006246,7,-1.1466655018116136,18/10/2003,Shipped,4,10,2003,Vintage Cars,-1.4861715317495714,S24_3969,Corporate Gift Ideas Co.,6505551386,7734 Strong St.,,San Francisco,CA,,USA,EMEA,Brown,Julie,Small,-0.4337363327439261,-0.7129291690676876
10173,-0.009528928441320661,-2.500088572466799,11,-1.2982832641449076,05/11/2003,Shipped,4,11,2003,Vintage Cars,-1.4861715317495714,S24_3969,Rovelli Gifts,035-640555,Via Ludovico il Moro 22,,Bergamo,CA,24100,Italy,EMEA,Rovelli,Giovanni,Small,0.023823165103999653,-1.3221064292489073
10182,-1.2415975539305957,-2.0524095801147024,8,-1.402038881239648,12/11/2003,Shipped,4,11,2003,Vintage Cars,-1.4861715317495714,S24_3969,Mini Gifts Distributors Ltd.,4155551450,5677 Strong St.,,San Rafael,CA,97562,USA,EMEA,Nelson,Valarie,Small,2.5482667143341353,-3.9503055955737834
10193,-1.344269939388035,-2.113389110634423,12,-1.439681312688894,21/11/2003,Shipped,4,11,2003,Vintage Cars,-1.4861715317495714,S24_3969,"Australian Collectables, Ltd",61-9-3844-6555,7 Allen Street,,Glen Waverly,Victoria,3150,Australia,APAC,Connery,Sean,Small,2.8409654516558693,-4.280646764344763
10204,0.40116061338843767,-2.500088572466799,2,-1.2261044991675019,02/12/2003,Shipped,4,12,2003,Vintage Cars,-1.4861715317495714,S24_3969,Muscle Machine Inc,2125557413,4092 Furth Circle,Suite 400,NYC,NY,10022,USA,EMEA,Young,Jeff,Small,-1.0029370652562046,-0.22316743391129723
10214,0.9145225406756355,-2.418286763233027,5,-1.0964574924088835,26/01/2004,Shipped,1,1,2004,Vintage Cars,-1.4861715317495714,S24_3969,"Corrida Auto Replicas, Ltd",(91) 555 22 82,"C/ Araquil, 67",,Madrid,CA,28023,Spain,EMEA,Sommer,Mart¡n,Small,-2.211577754794127,1.1151202623852434
10227,-0.8309080121008373,-1.9711035394217413,8,-1.2862009776511725,02/03/2004,Shipped,1,3,2004,Vintage Cars,-1.4861715317495714,S24_3969,"Saveley & Henriot, Co.",78.32.5555,"2, rue du Commerce",,Lyon,CA,69004,France,EMEA,Saveley,Mary,Small,1.6378057235858434,-2.924006701237016
10242,1.1198673115905147,-2.3166542123668257,1,-1.0073689565813693,20/04/2004,Shipped,2,4,2004,Vintage Cars,-1.4861715317495714,S24_3969,Microscale Inc.,2125551957,5290 North Pendale Street,Suite 200,NYC,NY,10022,USA,EMEA,Kuo,Kee,Small,-2.5943453246880783,1.586976368106709
10280,-0.21487369935619982,-2.0727360902879424,14,-1.1799040077119072,17/08/2004,Shipped,3,8,2004,Vintage Cars,-1.4861715317495714,S24_3969,Amica Models & Co.,011-4988555,Via Monte Bianco 34,,Torino,CA,10100,Italy,EMEA,Accorti,Paolo,Small,0.4453764715092764,-1.6252804792211837
10288,-0.21487369935619982,-2.1337156208076635,3,-1.2019453564211526,01/09/2004,Shipped,3,9,2004,Vintage Cars,-1.4861715317495714,S24_3969,Handji Gifts& Co,+65 224 1555,Village Close - 106 Linden Road Sandown,2nd Floor,Singapore,CA,69045,Singapore,APAC,Victorino,Wendy,Small,0.45847936881705315,-1.6604247252382058
10303,-1.138925168473156,-2.1540421309809035,1,-1.4058074685774693,06/10/2004,Shipped,4,10,2004,Vintage Cars,-1.4861715317495714,S24_3969,"Iberia Gift Imports, Corp.",(95) 555 82 82,"C/ Romero, 33",,Sevilla,CA,41101,Spain,EMEA,Roel,Jose Pedro,Small,2.4532927969257017,-3.859100265503171
10312,-0.42021847027107895,-2.3979602530597868,15,-1.3357845093250134,21/10/2004,Shipped,4,10,2004,Vintage Cars,-1.4861715317495714,S24_3969,Mini Gifts Distributors Ltd.,4155551450,5677 Strong St.,,San Rafael,CA,97562,USA,EMEA,Nelson,Valarie,Small,1.007667189311633,-2.3434516986366463
10332,0.6065053843033168,-0.31821122435874,14,-0.21017697860416404,17/11/2004,Shipped,4,11,2004,Vintage Cars,-1.4861715317495714,S24_3969,"AV Stores, Co.",(171) 555-1555,Fauntleroy Circus,,Manchester,CA,EC2 5NT,UK,EMEA,Ashworth,Victoria,Medium,-0.19299682091932657,-0.017180157684837466
10346,-1.344269939388035,0.6832412280789515,4,-0.7657775291178743,29/11/2004,Shipped,4,11,2004,Vintage Cars,-1.4861715317495714,S24_3969,Signal Gift Stores,7025551838,8489 Strong St.,,Las Vegas,NV,83030,USA,EMEA,King,Sue,Small,-0.9184606442570987,0.1526831151392244
10368,1.1198673115905147,-2.2963277021935853,3,-0.9971275218275785,19/01/2005,Shipped,1,1,2005,Vintage Cars,-1.4861715317495714,S24_3969,Mini Gifts Distributors Ltd.,4155551450,5677 Strong St.,,San Rafael,CA,97562,USA,EMEA,Nelson,Valarie,Small,-2.5715823303863545,1.5744548085587762
10380,0.8118501552181959,0.5637610097435638,12,0.28910654124593826,16/02/2005,Shipped,1,2,2005,Vintage Cars,-1.4861715317495714,S24_3969,Euro Shopping Channel,(91) 555 94 44,"C/ Moralzarzal, 86",,Madrid,CA,28034,Spain,EMEA,Freyre,Diego,Medium,0.45768946326627913,-0.16858292202034086
10408,-2.062976637590112,-2.3166542123668257,1,-1.6290392508116078,22/04/2005,Shipped,2,4,2005,Vintage Cars,-1.4861715317495714,S24_3969,"Tokyo Collectables, Ltd",+81 3 3584 0555,2-2-8 Roppongi,,Minato-ku,Tokyo,106-0032,Japan,Japan,Shimamura,Akiko,Small,4.779203517487484,-6.4082427682990915
10420,-2.062976637590112,-1.9914300495949815,3,-1.5756056781831342,29/05/2005,In Process,2,5,2005,Vintage Cars,-1.4861715317495714,S24_3969,Souveniers And Things Co.,+61 2 9495 8555,"Monitor Money Building, 815 Pacific Hwy",Level 6,Chatswood,NSW,2067,Australia,APAC,Huxley,Adrian,Small,4.108273667709366,-5.6838793458925
10104,-0.9335803975582768,0.8101579745265006,5,-0.3433373513679274,31/01/2003,Shipped,1,1,2003,Classic Cars,0.4301669487545075,S24_4048,Euro Shopping Channel,(91) 555 94 44,"C/ Moralzarzal, 86",,Madrid,CA,28034,Spain,EMEA,Freyre,Diego,Small,-0.7563476039434588,0.41301025257553137
10115,0.9145225406756355,0.8101579745265006,1,1.094058333784738,04/04/2003,Shipped,2,4,2003,Classic Cars,0.4301669487545075,S24_4048,Classic Legends Inc.,2125558493,5905 Pompton St.,Suite 750,NYC,NY,10022,USA,EMEA,Hernandez,Maria,Medium,0.7409077292126022,0.3531506045721359
10127,-1.5496147103029143,0.6609316437424682,7,-0.8764892850883337,03/06/2003,Shipped,2,6,2003,Classic Cars,0.4301669487545075,S24_4048,Muscle Machine Inc,2125557413,4092 Furth Circle,Suite 400,NYC,NY,10022,USA,EMEA,Young,Jeff,Small,-1.0241893976480139,0.14770011255968019
10141,0.5038329988458772,0.5434344995703236,1,0.12539020169554696,01/08/2003,Shipped,3,8,2003,Classic Cars,0.4301669487545075,S24_4048,Suominen Souveniers,+358 9 8045 555,"Software Engineering Center, SEC Oy",,Espoo,CA,FIN-02271,Finland,EMEA,Suominen,Kalle,Medium,0.2738002335948247,-0.14841003189927773
10152,-1.2415975539305957,0.8101579745265006,3,-0.4082450234846087,25/09/2003,Shipped,3,9,2003,Classic Cars,0.4301669487545075,S24_4048,"Australian Gift Network, Co",61-7-3844-6555,31 Duncan St. West End,,South Brisbane,Queensland,4101,Australia,APAC,Calaghan,Tony,Small,-1.005890159469469,0.5976451359848602
10165,-1.138925168473156,0.7784287879146133,8,-0.6349304390715633,22/10/2003,Shipped,4,10,2003,Classic Cars,0.4301669487545075,S24_4048,"Dragon Souveniers, Ltd.",+65 221 7555,"Bronz Sok., Bronz Apt. 3/6 Tesvikiye",,Singapore,CA,79903,Singapore,Japan,Natividad,Eric,Small,-0.8865721384200057,0.2516416993484424
10176,-0.6255632411859581,0.8101579745265006,7,-0.34657377507591225,06/11/2003,Shipped,4,11,2003,Classic Cars,0.4301669487545075,S24_4048,L'ordine Souveniers,0522-556555,Strada Provinciale 124,,Reggio Emilia,CA,42100,Italy,EMEA,Moroni,Maurizio,Small,-0.5068050484174486,0.1602312733415363
10184,1.4278844679628335,0.8101579745265006,2,1.2173682491554065,14/11/2003,Shipped,4,11,2003,Classic Cars,0.4301669487545075,S24_4048,"Iberia Gift Imports, Corp.",(95) 555 82 82,"C/ Romero, 33",,Sevilla,CA,41101,Spain,EMEA,Roel,Jose Pedro,Medium,1.1568119884226191,0.060556260732787415
10195,-0.11220131389876024,0.8101579745265006,2,0.07927659409788453,25/11/2003,Shipped,4,11,2003,Classic Cars,0.4301669487545075,S24_4048,Mini Classics,9145554562,3758 North Pendale Street,,White Plains,NY,24067,USA,EMEA,Frick,Steve,Medium,-0.0909007892074317,0.17017738330531623
10207,-0.7282356266433977,0.8101579745265006,3,-0.3113097892375679,09/12/2003,Shipped,4,12,2003,Classic Cars,0.4301669487545075,S24_4048,Diecast Collectables,6175552555,6251 Ingle Ln.,,Boston,MA,51003,USA,EMEA,Franco,Valarie,Small,-0.589985900259452,0.27867611102188405
10220,0.1958158424735585,0.8101579745265006,7,0.8030517121221461,12/02/2004,Shipped,1,2,2004,Classic Cars,0.4301669487545075,S24_4048,"Clover Collections, Co.",+353 1862 1555,25 Maiden Lane,Floor No. 4,Dublin,CA,2,Ireland,EMEA,Cassidy,Dean,Medium,0.15864176631857846,0.6444099458035677
10230,1.017194926133075,0.8101579745265006,5,0.6425392148330148,15/03/2004,Shipped,1,3,2004,Classic Cars,0.4301669487545075,S24_4048,"Blauer See Auto, Co.",+49 69 66 90 2555,Lyonerstr. 34,,Frankfurt,CA,60528,Germany,EMEA,Keitel,Roland,Medium,0.8240885810546055,-0.18154936622159068
10246,1.1198673115905147,0.8101579745265006,1,1.4972863184493657,05/05/2004,Shipped,2,5,2004,Classic Cars,0.4301669487545075,S24_4048,Euro Shopping Channel,(91) 555 94 44,"C/ Moralzarzal, 86",,Madrid,CA,28034,Spain,EMEA,Freyre,Diego,Medium,0.9072694328966089,0.5900168855527568
10271,-1.344269939388035,0.8101579745265006,1,-0.262470200597274,20/07/2004,Shipped,3,7,2004,Classic Cars,0.4301669487545075,S24_4048,Mini Gifts Distributors Ltd.,4155551450,5677 Strong St.,,San Rafael,CA,97562,USA,EMEA,Nelson,Valarie,Medium,-1.0890710113114723,0.8266008107141983
10282,0.40116061338843767,0.8101579745265006,10,0.6752509873445929,20/08/2004,Shipped,3,8,2004,Classic Cars,0.4301669487545075,S24_4048,Mini Gifts Distributors Ltd.,4155551450,5677 Strong St.,,San Rafael,CA,97562,USA,EMEA,Nelson,Valarie,Medium,0.3250034700025852,0.35024751734200765
10292,-0.8309080121008373,0.8101579745265006,4,0.1512272889482174,08/09/2004,Shipped,3,9,2004,Classic Cars,0.4301669487545075,S24_4048,Land of Toys Inc.,2125557818,897 Long Airport Avenue,,NYC,NY,10022,USA,EMEA,Yu,Kwai,Medium,-0.6731667521014554,0.8243940410496728
10305,0.09314345701611891,0.8101579745265006,1,0.5905880980305139,13/10/2004,Shipped,4,10,2004,Classic Cars,0.4301669487545075,S24_4048,Marta's Replicas Co.,6175558555,39323 Spinnaker Dr.,,Cambridge,MA,51247,USA,EMEA,Hernandez,Marta,Medium,0.07546091447657508,0.5151271835539388
10314,0.29848822793099805,0.8101579745265006,10,0.24239017688386943,22/10/2004,Shipped,4,10,2004,Classic Cars,0.4301669487545075,S24_4048,Heintze Collectables,86 21 3555,Smagsloget 45,,Aaarhus,CA,8200,Denmark,EMEA,Ibsen,Palle,Medium,0.24182261816058184,0.0005675587232875923
10325,0.9145225406756355,0.8101579745265006,5,0.9621686374432372,05/11/2004,Shipped,4,11,2004,Classic Cars,0.4301669487545075,S24_4048,Baane Mini Imports,07-98 9555,Erling Skakkes gate 78,,Stavern,CA,4110,Norway,EMEA,Bergulfsen,Jonas,Medium,0.7409077292126022,0.22126090823063504
10336,-0.42021847027107895,0.8101579745265006,5,0.5782125785162567,20/11/2004,Shipped,4,11,2004,Classic Cars,0.4301669487545075,S24_4048,"La Corne D'abondance, Co.",(1) 42.34.2555,"265, boulevard Charonne",,Paris,CA,75012,France,EMEA,Bertrand,Marie,Medium,-0.34044334473344184,0.9186559232496986
10349,-1.2415975539305957,0.8101579745265006,2,-0.20141799967634635,01/12/2004,Shipped,4,12,2004,Classic Cars,0.4301669487545075,S24_4048,Muscle Machine Inc,2125557413,4092 Furth Circle,Suite 400,NYC,NY,10022,USA,EMEA,Young,Jeff,Medium,-1.005890159469469,0.8044721597931226
10359,-1.344269939388035,0.8101579745265006,7,-0.5163339729937315,15/12/2004,Shipped,4,12,2004,Classic Cars,0.4301669487545075,S24_4048,Reims Collectables,26.47.1555,59 rue de l'Abbaye,,Reims,CA,51100,France,EMEA,Henriot,Paul,Small,-1.0890710113114723,0.5727370383177408
10371,-0.7282356266433977,-1.6528201362212471,9,-1.1647482047438107,23/01/2005,Shipped,1,1,2005,Classic Cars,0.4301669487545075,S24_4048,Mini Gifts Distributors Ltd.,4155551450,5677 Strong St.,,San Rafael,CA,97562,USA,EMEA,Nelson,Valarie,Small,1.2036425076299058,-2.3683907123737162
10383,-1.4469423248454747,0.5082349331727608,4,-0.858944176027094,22/02/2005,Shipped,1,2,2005,Classic Cars,0.4301669487545075,S24_4048,Euro Shopping Channel,(91) 555 94 44,"C/ Moralzarzal, 86",,Madrid,CA,28034,Spain,EMEA,Freyre,Diego,Small,-0.735386635772679,-0.12355754025441501
10394,0.1958158424735585,0.8101579745265006,7,0.8980863619769142,15/03/2005,Shipped,1,3,2005,Classic Cars,0.4301669487545075,S24_4048,Euro Shopping Channel,(91) 555 94 44,"C/ Moralzarzal, 86",,Madrid,CA,28034,Spain,EMEA,Freyre,Diego,Medium,0.15864176631857846,0.7394445956583358
10412,-0.42021847027107895,0.8101579745265006,1,0.37974269579287445,03/05/2005,Shipped,2,5,2005,Classic Cars,0.4301669487545075,S24_4048,Euro Shopping Channel,(91) 555 94 44,"C/ Moralzarzal, 86",,Madrid,CA,28034,Spain,EMEA,Freyre,Diego,Medium,-0.34044334473344184,0.7201860405263163
10103,-1.0362527830157164,0.8101579745265006,15,-0.36973918369715897,29/01/2003,Shipped,1,1,2003,Vintage Cars,-0.09247081865569584,S24_4258,Baane Mini Imports,07-98 9555,Erling Skakkes gate 78,,Stavern,CA,4110,Norway,EMEA,Bergulfsen,Jonas,Small,-0.8395284557854622,0.46978927208830323
10111,-0.9335803975582768,0.14979427816659757,3,-0.7060448767892961,25/03/2003,Shipped,1,3,2003,Vintage Cars,-0.09247081865569584,S24_4258,Mini Wheels Co.,6505555787,5557 North Pendale Street,,San Francisco,CA,,USA,EMEA,Murphy,Julie,Small,-0.13984500176272727,-0.5661998750265688
10126,-0.11220131389876024,0.8101579745265006,15,0.012071929987113109,28/05/2003,Shipped,2,5,2003,Vintage Cars,-0.09247081865569584,S24_4258,"Corrida Auto Replicas, Ltd",(91) 555 22 82,"C/ Araquil, 67",,Madrid,CA,28023,Spain,EMEA,Sommer,Mart¡n,Medium,-0.0909007892074317,0.10297271919454482
10139,-0.6255632411859581,0.8101579745265006,4,-0.15082987339516118,16/07/2003,Shipped,3,7,2003,Vintage Cars,-0.09247081865569584,S24_4258,Souveniers And Things Co.,+61 2 9495 8555,"Monitor Money Building, 815 Pacific Hwy",Level 6,Chatswood,NSW,2067,Australia,APAC,Huxley,Adrian,Medium,-0.5068050484174486,0.35597517502228737
10149,-1.5496147103029143,0.34264824054197407,1,-0.9462135810791468,12/09/2003,Shipped,3,9,2003,Vintage Cars,-0.09247081865569584,S24_4258,Signal Collectibles Ltd.,4155554312,2793 Furth Circle,,Brisbane,CA,94217,USA,EMEA,Taylor,Sue,Small,-0.5309727540032545,-0.41524082707589227
10163,0.7091777697607564,0.39123355754142664,5,0.15813455565384926,20/10/2003,Shipped,4,10,2003,Vintage Cars,-0.09247081865569584,S24_4258,Classic Legends Inc.,2125558493,5905 Pompton St.,Suite 750,NYC,NY,10022,USA,EMEA,Hernandez,Maria,Medium,0.2774541417927955,-0.11931958613894622
10173,-1.344269939388035,0.8101579745265006,3,-0.5336564421690193,05/11/2003,Shipped,4,11,2003,Vintage Cars,-0.09247081865569584,S24_4258,Rovelli Gifts,035-640555,Via Ludovico il Moro 22,,Bergamo,CA,24100,Italy,EMEA,Rovelli,Giovanni,Small,-1.0890710113114723,0.555414569142453
10183,1.2225396970479543,0.8101579745265006,12,0.8043386792677709,13/11/2003,Shipped,4,11,2003,Vintage Cars,-0.09247081865569584,S24_4258,"Classic Gift Ideas, Inc",2155554695,782 First Street,,Philadelphia,PA,71270,USA,EMEA,Cervantes,Francisca,Medium,0.9904502847386123,-0.18611160547084138
10193,-1.5496147103029143,0.8101579745265006,4,-0.6922955062714814,21/11/2003,Shipped,4,11,2003,Vintage Cars,-0.09247081865569584,S24_4258,"Australian Collectables, Ltd",61-9-3844-6555,7 Allen Street,,Glen Waverly,Victoria,3150,Australia,APAC,Connery,Sean,Small,-1.2554327149954791,0.5631372087239978
10206,-0.21487369935619982,0.680762385374898,10,-0.1846385546131366,05/12/2003,Shipped,4,12,2003,Vintage Cars,-0.09247081865569584,S24_4258,Canadian Gift Exchange Network,(604) 555-3392,1900 Oak St.,,Vancouver,BC,V3F 2K1,Canada,EMEA,Tannamuri,Yoshi,Medium,-0.14627793212805526,-0.03836062248508135
10215,0.40116061338843767,0.34264824054197407,7,-0.011761398291989541,29/01/2004,Shipped,1,1,2004,Vintage Cars,-0.09247081865569584,S24_4258,West Coast Collectables Co.,3105553722,3675 Furth Circle,,Burbank,CA,94019,USA,EMEA,Thompson,Steve,Medium,0.13745697835228726,-0.1492183766442768
10228,-0.21487369935619982,0.8101579745265006,6,-0.07998694773346739,10/03/2004,Shipped,1,3,2004,Vintage Cars,-0.09247081865569584,S24_4258,Cambridge Collectables Co.,6175555555,4658 Baden Av.,,Cambridge,MA,51247,USA,EMEA,Tseng,Kyung,Medium,-0.17408164104943508,0.09409469331596769
10244,0.5038329988458772,0.14979427816659757,4,-0.04707425630042095,29/04/2004,Shipped,2,4,2004,Vintage Cars,-0.09247081865569584,S24_4258,Euro Shopping Channel,(91) 555 94 44,"C/ Moralzarzal, 86",,Madrid,CA,28034,Spain,EMEA,Freyre,Diego,Medium,0.07547130037863035,-0.1225455566790513
10257,1.1198673115905147,-0.23640941512496788,4,0.04075446358707231,14/06/2004,Shipped,2,6,2004,Vintage Cars,-0.09247081865569584,S24_4258,The Sharp Gifts Warehouse,4085553659,3086 Ingle Ln.,,San Jose,CA,94217,USA,EMEA,Frick,Sue,Medium,-0.2647471761506837,0.305501639737756
10269,1.325212082505394,0.680762385374898,2,0.6086382195159865,16/07/2004,Shipped,3,7,2004,Vintage Cars,-0.09247081865569584,S24_4258,Salzburg Collectables,6562-9555,Geislweg 14,,Salzburg,CA,5020,Austria,EMEA,Pipps,Georg,Medium,0.9021545384140081,-0.29351631889802154
10280,-1.4469423248454747,-0.23640941512496788,6,-1.0302248414587316,17/08/2004,Shipped,3,8,2004,Vintage Cars,-0.09247081865569584,S24_4258,Amica Models & Co.,011-4988555,Via Monte Bianco 34,,Torino,CA,10100,Italy,EMEA,Accorti,Paolo,Small,0.34207078873627994,-1.3722956301950116
10290,1.017194926133075,0.8101579745265006,1,0.8783474355028793,07/09/2004,Shipped,3,9,2004,Vintage Cars,-0.09247081865569584,S24_4258,Auto-Moto Classics Inc.,6175558428,16780 Pompton St.,,Brickhaven,MA,58339,USA,EMEA,Taylor,Leslie,Medium,0.8240885810546055,0.05425885444827383
10304,-0.21487369935619982,0.8101579745265006,10,-0.11475135138869991,11/10/2004,Shipped,4,10,2004,Vintage Cars,-0.09247081865569584,S24_4258,Auto Assoc. & Cie.,30.59.8555,"67, avenue de l'Europe",,Versailles,CA,78000,France,EMEA,Tonini,Daniel,Medium,-0.17408164104943508,0.05933028966073517
10312,0.9145225406756355,0.8101579745265006,7,0.7227601669102955,21/10/2004,Shipped,4,10,2004,Vintage Cars,-0.09247081865569584,S24_4258,Mini Gifts Distributors Ltd.,4155551450,5677 Strong St.,,San Rafael,CA,97562,USA,EMEA,Nelson,Valarie,Medium,0.7409077292126022,-0.01814756230230663
10324,-0.21487369935619982,0.8101579745265006,3,1.4736593393328523,05/11/2004,Shipped,4,11,2004,Vintage Cars,-0.09247081865569584,S24_4258,Vitachrome Inc.,2125551500,2678 Kingston Rd.,Suite 101,NYC,NY,10022,USA,EMEA,Frick,Michael,Medium,-0.17408164104943508,1.6477409803822873
10333,0.40116061338843767,0.8101579745265006,1,0.47257809799372663,18/11/2004,Shipped,4,11,2004,Vintage Cars,-0.09247081865569584,S24_4258,Mini Wheels Co.,6505555787,5557 North Pendale Street,,San Francisco,CA,,USA,EMEA,Murphy,Julie,Medium,0.3250034700025852,0.1475746279911414
10348,0.40116061338843767,-1.6533159047620578,2,-0.8643852776301154,01/11/2004,Shipped,4,11,2004,Vintage Cars,-0.09247081865569584,S24_4258,"Corrida Auto Replicas, Ltd",(91) 555 22 82,"C/ Araquil, 67",,Madrid,CA,28023,Spain,EMEA,Sommer,Mart¡n,Small,-0.6632452224792069,-0.2011400551509085
10358,0.6065053843033168,0.8101579745265006,6,1.7882386377007495,10/12/2004,Shipped,4,12,2004,Vintage Cars,-0.09247081865569584,S24_4258,Euro Shopping Channel,(91) 555 94 44,"C/ Moralzarzal, 86",,Madrid,CA,28034,Spain,EMEA,Freyre,Diego,Medium,0.491365173686592,1.2968734640141575
10369,0.5038329988458772,0.16169272314605504,3,-0.041861224824472104,20/01/2005,Shipped,1,1,2005,Vintage Cars,-0.09247081865569584,S24_4258,Collectables For Less Inc.,6175558555,7825 Douglas Av.,,Brickhaven,MA,58339,USA,EMEA,Nelson,Allen,Medium,0.08146612959423309,-0.1233273544187052
10382,-0.21487369935619982,0.8101579745265006,4,0.564050509673263,17/02/2005,Shipped,1,2,2005,Vintage Cars,-0.09247081865569584,S24_4258,Mini Gifts Distributors Ltd.,4155551450,5677 Strong St.,,San Rafael,CA,97562,USA,EMEA,Nelson,Valarie,Medium,-0.17408164104943508,0.7381321507226981
10423,-0.7282356266433977,-0.23640941512496788,4,-0.7303506360459066,30/05/2005,In Process,2,5,2005,Vintage Cars,-0.09247081865569584,S24_4258,Petit Auto,(02) 5554 67,Rue Joseph-Bens 532,,Bruxelles,CA,B-1180,Belgium,EMEA,Dewey,Catherine,Small,0.17216175856793012,-0.9025123946138367
10106,-0.9335803975582768,-0.9865072173716151,3,-1.0296438056588082,17/02/2003,Shipped,1,2,2003,Planes,-0.714658637001176,S24_4278,Rovelli Gifts,035-640555,Via Ludovico il Moro 22,,Bergamo,CA,24100,Italy,EMEA,Rovelli,Giovanni,Small,0.9209838001879018,-1.95062760584671
10120,-0.6255632411859581,0.09079782181011911,9,-0.5835766487923483,29/04/2003,Shipped,2,4,2003,Planes,-0.714658637001176,S24_4278,"Australian Collectors, Co.",03 9520 4555,636 St Kilda Road,Level 3,Melbourne,Victoria,3004,Australia,APAC,Ferguson,Peter,Small,-0.05679977970416319,-0.5267768690881851
10133,1.1198673115905147,-0.30432970521603925,4,0.00653308404391777,27/06/2003,Shipped,2,6,2003,Planes,-0.714658637001176,S24_4278,Euro Shopping Channel,(91) 555 94 44,"C/ Moralzarzal, 86",,Madrid,CA,28034,Spain,EMEA,Freyre,Diego,Medium,-0.3408088888174197,0.3473419728613375
10145,-0.21487369935619982,0.05510248687174601,15,-0.41078637632913384,25/08/2003,Shipped,3,8,2003,Planes,-0.714658637001176,S24_4278,Toys4GrownUps.com,6265557265,78934 Hillside Dr.,,Pasadena,CA,90003,USA,EMEA,Young,Julie,Small,-0.011840075197858499,-0.3989463011312753
10168,1.325212082505394,-0.26813860173685516,10,0.10975110726770093,28/10/2003,Shipped,4,10,2003,Planes,-0.714658637001176,S24_4278,Technics Stores Inc.,6505556809,9408 Furth Circle,,Burlingame,CA,94217,USA,EMEA,Hirano,Juri,Medium,-0.3553405148077823,0.4650916220754832
10210,0.5038329988458772,-0.6275707938246404,8,-0.3876589793957324,12/01/2004,Shipped,1,1,2004,Planes,-0.714658637001176,S24_4278,Osaka Souveniers Co.,+81 06 6342 5555,"Dojima Avanza 4F, 1-6-20 Dojima, Kita-ku",,Osaka,Osaka,530-0003,Japan,Japan,Kentary,Mory,Small,-0.31619087504075627,-0.07146810435497614
10223,-1.2415975539305957,-0.44810258205115294,10,-0.9978768951022462,20/02/2004,Shipped,1,2,2004,Planes,-0.714658637001176,S24_4278,"Australian Collectors, Co.",03 9520 4555,636 St Kilda Road,Level 3,Melbourne,Victoria,3004,Australia,APAC,Ferguson,Peter,Small,0.5563630697846955,-1.5542399648869418
10235,0.5038329988458772,-0.12486149344255176,4,-0.16740839953690215,02/04/2004,Shipped,2,4,2004,Planes,-0.714658637001176,S24_4278,"Royal Canadian Collectables, Ltd.",(604) 555-4555,23 Tsawassen Blvd.,,Tsawassen,BC,T2F 8M4,Canada,EMEA,Lincoln,Elizabeth,Medium,-0.06290934068153568,-0.10449905885536646
10250,0.1958158424735585,-0.44810258205115294,5,-0.4305904656966178,11/05/2004,Shipped,2,5,2004,Planes,-0.714658637001176,S24_4278,The Sharp Gifts Warehouse,4085553659,3086 Ingle Ln.,,San Jose,CA,94217,USA,EMEA,Frick,Sue,Small,-0.08774558461892339,-0.3428448810776944
10263,-1.138925168473156,-0.4119114785719696,11,-0.9478426534153807,28/06/2004,Shipped,2,6,2004,Planes,-0.714658637001176,S24_4278,Gift Depot Inc.,2035552570,25593 South Bay Ln.,,Bridgewater,CT,97562,USA,EMEA,King,Julie,Small,0.46913635012860727,-1.416979003543988
10275,-0.8309080121008373,-1.058393655789172,10,-1.016279982260569,23/07/2004,Shipped,3,7,2004,Planes,-0.714658637001176,S24_4278,La Rochelle Gifts,40.67.8555,"67, rue des Cinquante Otages",,Nantes,CA,44000,France,EMEA,Labrune,Janine,Small,0.8794277685519187,-1.8957077508124878
10284,-1.4469423248454747,-0.6275707938246404,2,-1.1201985065889328,21/08/2004,Shipped,3,8,2004,Planes,-0.714658637001176,S24_4278,"Norway Gifts By Mail, Co.",+47 2212 1555,"Drammensveien 126 A, PB 744 Sentrum",,Oslo,CA,N 0106,Norway,EMEA,Klaeboe,Jan,Small,0.9080587434217453,-2.028257250010678
10297,-1.2415975539305957,-0.5556843554070833,5,-1.0249792285360584,16/09/2004,Shipped,3,9,2004,Planes,-0.714658637001176,S24_4278,"Clover Collections, Co.",+353 1862 1555,25 Maiden Lane,Floor No. 4,Dublin,CA,2,Ireland,EMEA,Cassidy,Dean,Small,0.6899363364309343,-1.7149155649669927
10308,0.9145225406756355,-0.016783951545811186,8,0.06092237910964857,15/10/2004,Shipped,4,10,2004,Planes,-0.714658637001176,S24_4278,Mini Classics,9145554562,3758 North Pendale Street,,White Plains,NY,24067,USA,EMEA,Frick,Steve,Medium,-0.015349302010252006,0.07627168111990057
10317,-0.009528928441320661,-0.016783951545811186,1,-0.34628054205539016,02/11/2004,Shipped,4,11,2004,Planes,-0.714658637001176,S24_4278,Technics Stores Inc.,6505556809,9408 Furth Circle,,Burlingame,CA,94217,USA,EMEA,Hirano,Juri,Small,0.0001599330732426281,-0.3464404751286328
10328,0.8118501552181959,-1.130280094206729,4,-0.5087642168713644,12/11/2004,Shipped,4,11,2004,Planes,-0.714658637001176,S24_4278,Rovelli Gifts,035-640555,Via Ludovico il Moro 22,,Bergamo,CA,24100,Italy,EMEA,Rovelli,Giovanni,Small,-0.9176180699217701,0.40885385305040567
10340,0.5038329988458772,0.05510248687174601,1,-0.08856129846317873,24/11/2004,Shipped,4,11,2004,Planes,-0.714658637001176,S24_4278,Enaco Distributors,(93) 203 4555,"Rambla de Catalu¤a, 23",,Barcelona,CA,8022,Spain,EMEA,Saavedra,Eduardo,Medium,0.027762451204457368,-0.11632374966763609
10353,-0.009528928441320661,0.30943174830765524,3,-0.2212220890438303,04/12/2004,Shipped,4,12,2004,Planes,-0.714658637001176,S24_4278,Gift Ideas Corp.,2035554407,2440 Pompton St.,,Glendale,CT,97561,USA,EMEA,Lewis,Dan,Medium,-0.0029485529870963926,-0.2182735360567339
10361,-1.0362527830157164,-1.0509571276770109,1,-1.081915306687435,17/12/2004,Shipped,4,12,2004,Planes,-0.714658637001176,S24_4278,Souveniers And Things Co.,+61 2 9495 8555,"Monitor Money Building, 815 Pacific Hwy",Level 6,Chatswood,NSW,2067,Australia,APAC,Huxley,Adrian,Small,1.089057248385506,-2.1709725550729413
10375,0.8118501552181959,0.8101579745265006,2,3.5218974179209215,03/02/2005,Shipped,1,2,2005,Planes,-0.714658637001176,S24_4278,La Rochelle Gifts,40.67.8555,"67, rue des Cinquante Otages",,Nantes,CA,44000,France,EMEA,Labrune,Janine,Large,0.6577268773705988,2.864170540550323
10386,1.530556853420273,-1.0073294960856658,8,-0.21009009474623164,01/03/2005,Resolved,1,3,2005,Planes,-0.714658637001176,S24_4278,Euro Shopping Channel,(91) 555 94 44,"C/ Moralzarzal, 86",,Madrid,CA,28034,Spain,EMEA,Freyre,Diego,Medium,-1.5417750638863057,1.331684969140074
10398,1.017194926133075,-0.26813860173685516,14,-0.017723803042605814,30/03/2005,Shipped,1,3,2005,Planes,-0.714658637001176,S24_4278,Reims Collectables,26.47.1555,59 rue de l'Abbaye,,Reims,CA,51100,France,EMEA,Henriot,Paul,Medium,-0.2727492251871464,0.2550254221445406
10401,1.7359016243351522,-0.12486149344255176,4,0.3613233179111892,03/04/2005,On Hold,2,4,2005,Planes,-0.714658637001176,S24_4278,Tekni Collectables Inc.,2015559350,7476 Moss Rd.,,Newark,NJ,94019,USA,EMEA,Brown,William,Medium,-0.21674726928383856,0.5780705871950278
10416,1.325212082505394,-0.44810258205115294,5,0.015134585979233115,10/05/2005,Shipped,2,5,2005,Planes,-0.714658637001176,S24_4278,L'ordine Souveniers,0522-556555,Strada Provinciale 124,,Reggio Emilia,CA,42100,Italy,EMEA,Moroni,Maurizio,Medium,-0.5938309559360525,0.6089655419152856
10108,-0.42021847027107895,-0.7411017896702998,10,-0.7732006687299802,03/03/2003,Shipped,1,3,2003,Classic Cars,-0.5155585351306223,S24_4620,Cruz & Sons Co.,+63 2 555 3587,15 McCallum Street - NatWest Center #13-03,,Makati City,CA,1227 MM,Philippines,Japan,Cruz,Arnold,Small,0.3114246603704123,-1.0846253291003924
10122,-0.6255632411859581,-0.6206300342532901,14,-0.8095561330336013,08/05/2003,Shipped,2,5,2003,Classic Cars,-0.5155585351306223,S24_4620,Marseille Mini Autos,91.24.4555,"12, rue des Bouchers",,Marseille,CA,13008,France,EMEA,Lebihan,Laurence,Small,0.38824333580484033,-1.1977994688384417
10135,-1.2415975539305957,0.18102769623767384,11,-0.8393844475100449,02/07/2003,Shipped,3,7,2003,Classic Cars,-0.5155585351306223,S24_4620,Mini Gifts Distributors Ltd.,4155551450,5677 Strong St.,,San Rafael,CA,97562,USA,EMEA,Nelson,Valarie,Small,-0.22476354484238673,-0.6146209026676582
10147,-0.42021847027107895,-0.9413922801578377,11,-0.8412090085266271,05/09/2003,Shipped,3,9,2003,Classic Cars,-0.5155585351306223,S24_4620,Collectables For Less Inc.,6175558555,7825 Douglas Av.,,Brickhaven,MA,58339,USA,EMEA,Nelson,Allen,Small,0.39559042389292953,-1.2367994324195566
10159,-1.2415975539305957,-0.8209205247408287,6,-1.0917983455272544,10/10/2003,Shipped,4,10,2003,Classic Cars,-0.5155585351306223,S24_4620,Corporate Gift Ideas Co.,6505551386,7734 Strong St.,,San Francisco,CA,,USA,EMEA,Brown,Julie,Small,1.019252915489634,-2.1110512610168883
10169,-1.138925168473156,0.5414514254070804,6,-0.6972261652091495,04/11/2003,Shipped,4,11,2003,Classic Cars,-0.5155585351306223,S24_4620,"Anna's Decorations, Ltd",02 9936 8555,201 Miller Street,Level 15,North Sydney,NSW,2060,Australia,APAC,O'Hara,Anna,Small,-0.6166726559017894,-0.08055350930736005
10180,-0.7282356266433977,-0.6206300342532901,1,-0.8481868683668291,11/11/2003,Shipped,4,11,2003,Classic Cars,-0.5155585351306223,S24_4620,Daedalus Designs Imports,20.16.1555,"184, chausse de Tournai",,Lille,CA,59000,France,EMEA,Rance,Martine,Small,0.4519649019081581,-1.3001517702749872
10191,0.9145225406756355,-0.8610777765464979,7,-0.34597644855262627,20/11/2003,Shipped,4,11,2003,Classic Cars,-0.5155585351306223,S24_4620,"Toms Spezialitten, Ltd",0221-5554327,Mehrheimerstr. 369,,Koln,CA,50739,Germany,EMEA,Pfalzheim,Henriette,Small,-0.7874750359266304,0.4414985873740041
10211,-1.344269939388035,0.42147543853088165,6,-0.8288552099768529,15/01/2004,Shipped,1,1,2004,Classic Cars,-0.5155585351306223,S24_4620,Auto Canal Petit,(1) 47.55.6555,"25, rue Lauriston",,Paris,CA,75016,France,EMEA,Perrier,Dominique,Small,-0.5665767622074538,-0.2622784477693991
10225,1.1198673115905147,-0.66078728605896,13,-0.1730667107847548,22/02/2004,Shipped,1,2,2004,Classic Cars,-0.5155585351306223,S24_4620,"Vida Sport, Ltd",0897-034555,Grenzacherweg 237,,Gensve,CA,1203,Switzerland,EMEA,Holz,Michael,Medium,-0.7399940815720398,0.5669273707872851
10238,-1.344269939388035,0.5012941736014105,7,-0.8096212959270507,09/04/2004,Shipped,2,4,2004,Classic Cars,-0.5155585351306223,S24_4620,Danish Wholesale Imports,31 12 3555,Vinb'ltet 34,,Kobenhavn,CA,1734,Denmark,EMEA,Petersen,Jytte,Small,-0.6738746883627432,-0.13574660756430745
10252,0.29848822793099805,0.18102769623767384,3,-0.1282129191271131,26/05/2004,Shipped,2,5,2004,Classic Cars,-0.5155585351306223,S24_4620,Auto Canal Petit,(1) 47.55.6555,"25, rue Lauriston",,Paris,CA,75016,France,EMEA,Perrier,Dominique,Medium,0.05403463625641427,-0.18224755538352738
10264,1.2225396970479543,-0.019262794249864736,1,0.19538057950127827,30/06/2004,Shipped,2,6,2004,Classic Cars,-0.5155585351306223,S24_4620,Gifts4AllAges.com,6175559555,8616 Spinnaker Dr.,,Boston,MA,51003,USA,EMEA,Yoshido,Juri,Medium,-0.02354953064652671,0.21893011014780497
10276,1.325212082505394,-0.4203395437657515,7,0.029731074111889137,02/08/2004,Shipped,3,8,2004,Classic Cars,-0.5155585351306223,S24_4620,Online Mini Collectables,6175557555,7635 Spinnaker Dr.,,Brickhaven,MA,58339,USA,EMEA,Barajas,Miguel,Medium,-0.5570390421531787,0.5867701162650678
10287,0.5038329988458772,0.22118494804334377,16,-0.015796067444728872,30/08/2004,Shipped,3,8,2004,Classic Cars,-0.5155585351306223,S24_4620,"Vida Sport, Ltd",0897-034555,Grenzacherweg 237,,Gensve,CA,1203,Switzerland,EMEA,Holz,Michael,Medium,0.11144027567224743,-0.1272363431169763
10299,-0.3175460848136394,-0.13973454966687376,1,-0.5251092426449117,30/09/2004,Shipped,3,9,2004,Classic Cars,-0.5155585351306223,S24_4620,"Toys of Finland, Co.",90-224 8555,Keskuskatu 45,,Helsinki,CA,21240,Finland,EMEA,Karttunen,Matti,Small,0.0443721591599128,-0.5694814018048244
10310,1.4278844679628335,0.6619231808240902,14,0.6514122288243691,16/10/2004,Shipped,4,10,2004,Classic Cars,-0.5155585351306223,S24_4620,"Toms Spezialitten, Ltd",0221-5554327,Mehrheimerstr. 369,,Koln,CA,50739,Germany,EMEA,Pfalzheim,Henriette,Medium,0.9451498288832725,-0.29373760005890337
10319,0.8118501552181959,0.10071319262633402,2,0.07101719735317837,03/11/2004,Shipped,4,11,2004,Classic Cars,-0.5155585351306223,S24_4620,Microscale Inc.,2125551957,5290 North Pendale Street,Suite 200,NYC,NY,10022,USA,EMEA,Kuo,Kee,Medium,0.08176402106620934,-0.01074682371303097
10331,0.6065053843033168,0.8101579745265006,2,1.1737525524733026,17/11/2004,Shipped,4,11,2004,Classic Cars,-0.5155585351306223,S24_4620,Motor Mint Distributors Inc.,2155559857,11328 Douglas Av.,,Philadelphia,PA,71270,USA,EMEA,Hernandez,Rosa,Medium,0.491365173686592,0.6823873787867105
10343,-0.5228908557285186,0.8101579745265006,1,-0.24717864160115804,24/11/2004,Shipped,4,11,2004,Classic Cars,-0.5155585351306223,S24_4620,Reims Collectables,26.47.1555,59 rue de l'Abbaye,,Reims,CA,51100,France,EMEA,Henriot,Paul,Medium,-0.42362419657544526,0.1764455549742872
10355,-0.7282356266433977,0.5816086772127503,9,-0.47947349626587793,07/12/2004,Shipped,4,12,2004,Classic Cars,-0.5155585351306223,S24_4620,Euro Shopping Channel,(91) 555 94 44,"C/ Moralzarzal, 86",,Madrid,CA,28034,Spain,EMEA,Freyre,Diego,Small,-0.42354815951126484,-0.055925336754613086
10363,0.8118501552181959,0.8101579745265006,9,0.8691214558386745,06/01/2005,Shipped,1,1,2005,Classic Cars,-0.5155585351306223,S24_4620,Suominen Souveniers,+358 9 8045 555,"Software Engineering Center, SEC Oy",,Espoo,CA,FIN-02271,Finland,EMEA,Suominen,Kalle,Medium,0.6577268773705988,0.21139457846807574
10378,0.6065053843033168,0.8101579745265006,2,0.7278048609115,10/02/2005,Shipped,1,2,2005,Classic Cars,-0.5155585351306223,S24_4620,Euro Shopping Channel,(91) 555 94 44,"C/ Moralzarzal, 86",,Madrid,CA,28034,Spain,EMEA,Freyre,Diego,Medium,0.491365173686592,0.236439687224908
10390,-0.5228908557285186,-0.06140312021877721,10,-0.5871660381731838,04/03/2005,Shipped,1,3,2005,Classic Cars,-0.5155585351306223,S24_4620,Mini Gifts Distributors Ltd.,4155551450,5677 Strong St.,,San Rafael,CA,97562,USA,EMEA,Nelson,Valarie,Small,0.03210713007559752,-0.6192731682487813
10103,-0.42021847027107895,0.8101579745265006,3,-0.17896938288304243,29/01/2003,Shipped,1,1,2003,Trucks and Buses,-0.11735833138951506,S32_1268,Baane Mini Imports,07-98 9555,Erling Skakkes gate 78,,Stavern,CA,4110,Norway,EMEA,Bergulfsen,Jonas,Medium,-0.34044334473344184,0.16147396185039942
10114,-0.3175460848136394,0.8101579745265006,7,0.061704333831040896,01/04/2003,Shipped,2,4,2003,Trucks and Buses,-0.11735833138951506,S32_1268,"La Corne D'abondance, Co.",(1) 42.34.2555,"265, boulevard Charonne",,Paris,CA,75012,France,EMEA,Bertrand,Marie,Medium,-0.2572624928914385,0.3189668267224794
10126,0.8118501552181959,0.6272193829673384,3,0.31899458837471045,28/05/2003,Shipped,2,5,2003,Trucks and Buses,-0.11735833138951506,S32_1268,"Corrida Auto Replicas, Ltd",(91) 555 22 82,"C/ Araquil, 67",,Madrid,CA,28023,Spain,EMEA,Sommer,Mart¡n,Medium,0.5092081534178947,-0.19021356504318426
10140,-0.9335803975582768,0.8101579745265006,3,-0.39331729064358506,24/07/2003,Shipped,3,7,2003,Trucks and Buses,-0.11735833138951506,S32_1268,Technics Stores Inc.,6505556809,9408 Furth Circle,,Burlingame,CA,94217,USA,EMEA,Hirano,Juri,Small,-0.7563476039434588,0.36303031329987373
10151,-0.8309080121008373,0.8101579745265006,10,-0.2635508185803091,21/09/2003,Shipped,3,9,2003,Trucks and Buses,-0.11735833138951506,S32_1268,"Oulu Toy Supplies, Inc.",981-443655,Torikatu 38,,Oulu,CA,90110,Finland,EMEA,Koskitalo,Pirkko,Medium,-0.6731667521014554,0.4096159335211463
10164,-1.138925168473156,0.8101579745265006,1,-0.49900064333620225,21/10/2003,Resolved,4,10,2003,Trucks and Buses,-0.11735833138951506,S32_1268,Mini Auto Werke,7675-3555,Kirchgasse 6,,Graz,CA,8010,Austria,EMEA,Mendel,Roland,Small,-0.9227093076274656,0.42370866429126336
10175,-1.344269939388035,0.8101579745265006,8,-0.6066497433145419,06/11/2003,Shipped,4,11,2003,Trucks and Buses,-0.11735833138951506,S32_1268,"Stylish Desk Decors, Co.",(171) 555-0297,35 King George,,London,CA,WX3 6FW,UK,EMEA,Brown,Ann,Small,-1.0890710113114723,0.4824212679969304
10184,1.1198673115905147,0.8101579745265006,13,0.5720601153264132,14/11/2003,Shipped,4,11,2003,Trucks and Buses,-0.11735833138951506,S32_1268,"Iberia Gift Imports, Corp.",(95) 555 82 82,"C/ Romero, 33",,Sevilla,CA,41101,Spain,EMEA,Roel,Jose Pedro,Medium,0.9072694328966089,-0.3352093175701957
10194,0.1958158424735585,0.6748131628851689,3,0.02449089143033654,25/11/2003,Shipped,4,11,2003,Trucks and Buses,-0.11735833138951506,S32_1268,"Saveley & Henriot, Co.",78.32.5555,"2, rue du Commerce",,Lyon,CA,69004,France,EMEA,Saveley,Mary,Medium,0.132139108002606,-0.10764821657226946
10207,1.4278844679628335,-0.13675993842200923,14,0.22275442499112935,09/12/2003,Shipped,4,12,2003,Trucks and Buses,-0.11735833138951506,S32_1268,Diecast Collectables,6175552555,6251 Ingle Ln.,,Boston,MA,51003,USA,EMEA,Franco,Valarie,Medium,-0.19527739191234053,0.4180318169034699
10217,-1.4469423248454747,0.8101579745265006,3,-0.7108126284933407,04/02/2004,Shipped,1,2,2004,Trucks and Buses,-0.11735833138951506,S32_1268,Handji Gifts& Co,+65 224 1555,Village Close - 106 Linden Road Sandown,2nd Floor,Singapore,CA,69045,Singapore,APAC,Victorino,Wendy,Small,-1.1722518631534757,0.46143923466013503
10229,-1.0362527830157164,0.8101579745265006,8,-0.4131811126633977,11/03/2004,Shipped,1,3,2004,Trucks and Buses,-0.11735833138951506,S32_1268,Mini Gifts Distributors Ltd.,4155551450,5677 Strong St.,,San Rafael,CA,97562,USA,EMEA,Nelson,Valarie,Small,-0.8395284557854622,0.4263473431220645
10245,0.1958158424735585,0.8101579745265006,1,0.31481873295283097,04/05/2004,Shipped,2,5,2004,Trucks and Buses,-0.11735833138951506,S32_1268,Super Scale Inc.,2035559545,567 North Pendale Street,,New Haven,CT,97823,USA,EMEA,Murphy,Leslie,Medium,0.15864176631857846,0.1561769666342525
10259,1.017194926133075,0.14979427816659757,11,0.18827239387417738,15/06/2004,Shipped,2,6,2004,Trucks and Buses,-0.11735833138951506,S32_1268,Handji Gifts& Co,+65 224 1555,Village Close - 106 Linden Road Sandown,2nd Floor,Singapore,CA,69045,Singapore,APAC,Victorino,Wendy,Medium,0.15236997971482952,0.03590241415934786
10270,-0.3175460848136394,0.10220049824876629,1,-0.44031059730281374,19/07/2004,Shipped,3,7,2004,Trucks and Buses,-0.11735833138951506,S32_1268,Souveniers And Things Co.,+61 2 9495 8555,"Monitor Money Building, 815 Pacific Hwy",Level 6,Chatswood,NSW,2067,Australia,APAC,Huxley,Adrian,Small,-0.032453368084898945,-0.4078572292179148
10281,-0.6255632411859581,-0.04107661004553711,8,-0.6254655287980438,19/08/2004,Shipped,3,8,2004,Trucks and Buses,-0.11735833138951506,S32_1268,Diecast Classics Inc.,2155551555,7586 Pompton St.,,Allentown,PA,70267,USA,EMEA,Yu,Kyung,Small,0.02569601731701788,-0.6511615461150617
10291,-0.9335803975582768,0.006517169872294163,3,-0.7468477085708357,08/09/2004,Shipped,3,9,2004,Trucks and Buses,-0.11735833138951506,S32_1268,Scandinavian Gift Ideas,0695-34 6555,?kergatan 24,,Boras,CA,S-844 67,Sweden,EMEA,Larsson,Maria,Small,-0.006084302040331209,-0.7407634065305045
10305,-0.7282356266433977,0.8101579745265006,12,-0.21658466312668437,13/10/2004,Shipped,4,10,2004,Trucks and Buses,-0.11735833138951506,S32_1268,Marta's Replicas Co.,6175558555,39323 Spinnaker Dr.,,Cambridge,MA,51247,USA,EMEA,Hernandez,Marta,Medium,-0.589985900259452,0.3734012371327676
10313,-0.8309080121008373,0.19738805808442814,6,-0.6449003617693149,22/10/2004,Shipped,4,10,2004,Trucks and Buses,-0.11735833138951506,S32_1268,Canadian Gift Exchange Network,(604) 555-3392,1900 Oak St.,,Vancouver,BC,V3F 2K1,Canada,EMEA,Tannamuri,Yoshi,Small,-0.1640113189553768,-0.4808890428139381
10324,-1.5496147103029143,0.7199281000989466,11,-0.8635653112208777,05/11/2004,Shipped,4,11,2004,Trucks and Buses,-0.11735833138951506,S32_1268,Vitachrome Inc.,2125551500,2678 Kingston Rd.,Suite 101,NYC,NY,10022,USA,EMEA,Frick,Michael,Small,-1.1156111742737567,0.252045863052879
10335,0.9145225406756355,0.8101579745265006,1,0.6474970249762868,19/11/2004,Shipped,4,11,2004,Trucks and Buses,-0.11735833138951506,S32_1268,Mini Gifts Distributors Ltd.,4155551450,5677 Strong St.,,San Rafael,CA,97562,USA,EMEA,Nelson,Valarie,Medium,0.7409077292126022,-0.09341070423631537
10348,0.7091777697607564,0.8101579745265006,3,1.538414964698152,01/11/2004,Shipped,4,11,2004,Trucks and Buses,-0.11735833138951506,S32_1268,"Corrida Auto Replicas, Ltd",(91) 555 22 82,"C/ Araquil, 67",,Madrid,CA,28023,Spain,EMEA,Sommer,Mart¡n,Medium,0.5745460255285955,0.9638689391695565
10358,0.6065053843033168,0.8101579745265006,1,0.47466331058410616,10/12/2004,Shipped,4,12,2004,Trucks and Buses,-0.11735833138951506,S32_1268,Euro Shopping Channel,(91) 555 94 44,"C/ Moralzarzal, 86",,Madrid,CA,28034,Spain,EMEA,Freyre,Diego,Medium,0.491365173686592,-0.016701863102485837
10371,-0.9335803975582768,0.8101579745265006,1,0.26616377251064344,23/01/2005,Shipped,1,1,2005,Trucks and Buses,-0.11735833138951506,S32_1268,Mini Gifts Distributors Ltd.,4155551450,5677 Strong St.,,San Rafael,CA,97562,USA,EMEA,Nelson,Valarie,Medium,-0.7563476039434588,1.0225113764541023
10382,-0.9335803975582768,0.8101579745265006,6,-0.4591100920629535,17/02/2005,Shipped,1,2,2005,Trucks and Buses,-0.11735833138951506,S32_1268,Mini Gifts Distributors Ltd.,4155551450,5677 Strong St.,,San Rafael,CA,97562,USA,EMEA,Nelson,Valarie,Small,-0.7563476039434588,0.2972375118805053
10411,-0.9335803975582768,0.8101579745265006,1,-0.3525144588620454,01/05/2005,Shipped,2,5,2005,Trucks and Buses,-0.11735833138951506,S32_1268,Quebec Home Shopping Network,(514) 555-8054,43 rue St. Laurent,,Montreal,Quebec,H1J 1C3,Canada,EMEA,Fresnisre,Jean,Small,-0.7563476039434588,0.4038331450814134
10425,0.6065053843033168,0.14979427816659757,11,-4.926265501137619e-06,31/05/2005,In Process,2,5,2005,Trucks and Buses,-0.11735833138951506,S32_1268,La Rochelle Gifts,40.67.8555,"67, rue des Cinquante Otages",,Nantes,CA,44000,France,EMEA,Labrune,Janine,Medium,0.0908510362458702,-0.09085596251137133
10107,-1.5496147103029143,0.45816231055087675,8,-0.9209086574563127,24/02/2003,Shipped,1,2,2003,Motorcycles,-0.04269579318805743,S32_1374,Land of Toys Inc.,2125557818,897 Long Airport Avenue,,NYC,NY,10022,USA,EMEA,Yu,Kwai,Small,-0.7099750561360108,-0.21093360132030192
10120,-1.344269939388035,0.8101579745265006,6,-0.5932696291929402,29/04/2003,Shipped,2,4,2003,Motorcycles,-0.04269579318805743,S32_1374,"Australian Collectors, Co.",03 9520 4555,636 St Kilda Road,Level 3,Melbourne,Victoria,3004,Australia,APAC,Ferguson,Peter,Small,-1.0890710113114723,0.4958013821185321
10133,-1.2415975539305957,0.8101579745265006,1,-0.4951723233460524,27/06/2003,Shipped,2,6,2003,Motorcycles,-0.04269579318805743,S32_1374,Euro Shopping Channel,(91) 555 94 44,"C/ Moralzarzal, 86",,Madrid,CA,28034,Spain,EMEA,Freyre,Diego,Small,-1.005890159469469,0.5107178361234166
10145,-0.21487369935619982,0.5077391646319506,12,-0.24717864160115804,25/08/2003,Shipped,3,8,2003,Motorcycles,-0.04269579318805743,S32_1374,Toys4GrownUps.com,6265557265,78934 Hillside Dr.,,Pasadena,CA,90003,USA,EMEA,Young,Julie,Medium,-0.10909979261249379,-0.13807884898866424
10168,-0.7282356266433977,0.8101579745265006,7,-0.16808174943587872,28/10/2003,Shipped,4,10,2003,Motorcycles,-0.04269579318805743,S32_1374,Technics Stores Inc.,6505556809,9408 Furth Circle,,Burlingame,CA,94217,USA,EMEA,Hirano,Juri,Medium,-0.589985900259452,0.42190415082357324
10188,0.9145225406756355,0.7551276664965088,7,0.4329373378120338,18/11/2003,Shipped,4,11,2003,Motorcycles,-0.04269579318805743,S32_1374,Herkku Gifts,+47 2267 3215,"Drammen 121, PR 744 Sentrum",,Bergen,CA,N 5804,Norway,EMEA,Oeztan,Veysel,Medium,0.6905812720988512,-0.2576439342868174
10210,1.1198673115905147,-0.18584102396227278,5,0.06623315492577136,12/01/2004,Shipped,1,1,2004,Motorcycles,-0.04269579318805743,S32_1374,Osaka Souveniers Co.,+81 06 6342 5555,"Dojima Avanza 4F, 1-6-20 Dojima, Kita-ku",,Osaka,Osaka,530-0003,Japan,Japan,Kentary,Mory,Medium,-0.20811728788785883,0.2743504428136302
10223,-1.4469423248454747,0.8101579745265006,7,-0.5857161637939355,20/02/2004,Shipped,1,2,2004,Motorcycles,-0.04269579318805743,S32_1374,"Australian Collectors, Co.",03 9520 4555,636 St Kilda Road,Level 3,Melbourne,Victoria,3004,Australia,APAC,Ferguson,Peter,Small,-1.1722518631534757,0.5865356993595402
10235,0.6065053843033168,0.8101579745265006,1,0.3386303402674503,02/04/2004,Shipped,2,4,2004,Motorcycles,-0.04269579318805743,S32_1374,"Royal Canadian Collectables, Ltd.",(604) 555-4555,23 Tsawassen Blvd.,,Tsawassen,BC,T2F 8M4,Canada,EMEA,Lincoln,Elizabeth,Medium,0.491365173686592,-0.15273483341914168
10250,-0.42021847027107895,0.8101579745265006,2,-0.14749027510588156,11/05/2004,Shipped,2,5,2004,Motorcycles,-0.04269579318805743,S32_1374,The Sharp Gifts Warehouse,4085553659,3086 Ingle Ln.,,San Jose,CA,94217,USA,EMEA,Frick,Sue,Medium,-0.34044334473344184,0.1929530696275603
10263,-0.42021847027107895,-0.18584102396227278,8,-0.5846626970165042,28/06/2004,Shipped,2,6,2004,Motorcycles,-0.04269579318805743,S32_1374,Gift Depot Inc.,2035552570,25593 South Bay Ln.,,Bridgewater,CT,97562,USA,EMEA,King,Julie,Small,0.0780938308030372,-0.6627565278195414
10275,-1.2415975539305957,-0.08668731580012512,7,-0.9068280422301306,23/07/2004,Shipped,3,7,2004,Motorcycles,-0.04269579318805743,S32_1374,La Rochelle Gifts,40.67.8555,"67, rue des Cinquante Otages",,Nantes,CA,44000,France,EMEA,Labrune,Janine,Small,0.10763075925424442,-1.014458801484375
10285,0.1958158424735585,0.7551276664965088,12,0.05703975670829094,27/08/2004,Shipped,3,8,2004,Motorcycles,-0.04269579318805743,S32_1374,Marta's Replicas Co.,6175558555,39323 Spinnaker Dr.,,Cambridge,MA,51247,USA,EMEA,Hernandez,Marta,Medium,0.14786596019010617,-0.09082620348181523
10297,-0.9335803975582768,0.8101579745265006,2,-0.378492732383856,16/09/2004,Shipped,3,9,2004,Motorcycles,-0.04269579318805743,S32_1374,"Clover Collections, Co.",+353 1862 1555,25 Maiden Lane,Floor No. 4,Dublin,CA,2,Ireland,EMEA,Cassidy,Dean,Small,-0.7563476039434588,0.3778548715596028
10308,-1.138925168473156,-0.18584102396227278,5,-0.8884140945895662,15/10/2004,Shipped,4,10,2004,Motorcycles,-0.04269579318805743,S32_1374,Mini Classics,9145554562,3758 North Pendale Street,,White Plains,NY,24067,USA,EMEA,Frick,Steve,Small,0.21165901952545535,-1.1000731141150215
10318,1.2225396970479543,0.8101579745265006,7,0.951090945556846,02/11/2004,Shipped,4,11,2004,Motorcycles,-0.04269579318805743,S32_1374,Diecast Classics Inc.,2155551555,7586 Pompton St.,,Allentown,PA,70267,USA,EMEA,Yu,Kyung,Medium,0.9904502847386123,-0.03935933918176626
10329,1.017194926133075,-0.9790706892594541,11,-0.368137262566529,15/11/2004,Shipped,4,11,2004,Motorcycles,-0.04269579318805743,S32_1374,Land of Toys Inc.,2125557818,897 Long Airport Avenue,,NYC,NY,10022,USA,EMEA,Yu,Kwai,Small,-0.9959057374403293,0.6277684748738003
10340,2.043918780707471,0.8101579745265006,2,1.5904964072875518,24/11/2004,Shipped,4,11,2004,Motorcycles,-0.04269579318805743,S32_1374,Enaco Distributors,(93) 203 4555,"Rambla de Catalu¤a, 23",,Barcelona,CA,8022,Spain,EMEA,Saavedra,Eduardo,Medium,1.6558970994746394,-0.06540069218708755
10353,1.1198673115905147,-0.1233741878201195,5,0.09770683246181133,04/12/2004,Shipped,4,12,2004,Motorcycles,-0.04269579318805743,S32_1374,Gift Ideas Corp.,2035554407,2440 Pompton St.,,Glendale,CT,97561,USA,EMEA,Lewis,Dan,Medium,-0.13816272003378044,0.23586955249559177
10363,1.530556853420273,0.8101579745265006,2,1.6413506153836548,06/01/2005,Shipped,1,1,2005,Motorcycles,-0.04269579318805743,S32_1374,Suominen Souveniers,+358 9 8045 555,"Software Engineering Center, SEC Oy",,Espoo,CA,FIN-02271,Finland,EMEA,Suominen,Kalle,Medium,1.2399928402646223,0.4013577751190325
10375,0.1958158424735585,0.8101579745265006,3,1.5201313428444867,03/02/2005,Shipped,1,2,2005,Motorcycles,-0.04269579318805743,S32_1374,La Rochelle Gifts,40.67.8555,"67, rue des Cinquante Otages",,Nantes,CA,44000,France,EMEA,Labrune,Janine,Medium,0.15864176631857846,1.3614895765259083
10387,0.9145225406756355,0.5573160187130244,1,0.33760402469562323,02/03/2005,Shipped,1,3,2005,Motorcycles,-0.04269579318805743,S32_1374,"Dragon Souveniers, Ltd.",+65 221 7555,"Bronz Sok., Bronz Apt. 3/6 Tesvikiye",,Singapore,CA,79903,Singapore,Japan,Natividad,Eric,Medium,0.5096780613926651,-0.1720740366970419
10401,1.4278844679628335,0.8101579745265006,1,0.7812601545044565,03/04/2005,On Hold,2,4,2005,Motorcycles,-0.04269579318805743,S32_1374,Tekni Collectables Inc.,2015559350,7476 Moss Rd.,,Newark,NJ,94019,USA,EMEA,Brown,William,Medium,1.1568119884226191,-0.3755518339181626
10416,1.017194926133075,0.8101579745265006,2,0.6574452267095557,10/05/2005,Shipped,2,5,2005,Motorcycles,-0.04269579318805743,S32_1374,L'ordine Souveniers,0522-556555,Strada Provinciale 124,,Reggio Emilia,CA,42100,Italy,EMEA,Moroni,Maurizio,Medium,0.8240885810546055,-0.16664335434504973
10108,-0.8309080121008373,-1.9934131237582242,13,-1.2927987206129201,03/03/2003,Shipped,1,3,2003,Motorcycles,-1.5110590444833907,S32_2206,Cruz & Sons Co.,+63 2 555 3587,15 McCallum Street - NatWest Center #13-03,,Makati City,CA,1227 MM,Philippines,Japan,Cruz,Arnold,Small,1.6563429359576665,-2.9491416565705864
10122,-0.42021847027107895,-1.9334251303201253,17,-1.1780522954897212,08/05/2003,Shipped,2,5,2003,Motorcycles,-1.5110590444833907,S32_2206,Marseille Mini Autos,91.24.4555,"12, rue des Bouchers",,Marseille,CA,13008,France,EMEA,Lebihan,Laurence,Small,0.8124609506467845,-1.9905132461365058
10135,-0.21487369935619982,-2.1530505938992825,14,-1.208934076743596,02/07/2003,Shipped,3,7,2003,Motorcycles,-1.5110590444833907,S32_2206,Mini Gifts Distributors Ltd.,4155551450,5677 Strong St.,,San Rafael,CA,97562,USA,EMEA,Nelson,Valarie,Small,0.4626339460122019,-1.671568022755798
10145,-0.42021847027107895,-2.3726760574784396,1,-1.3271992981130603,25/08/2003,Shipped,3,8,2003,Motorcycles,-1.5110590444833907,S32_2206,Toys4GrownUps.com,6265557265,78934 Hillside Dr.,,Pasadena,CA,90003,USA,EMEA,Young,Julie,Small,0.9970423033224045,-2.3242416014354648
10159,-0.009528928441320661,-2.392506799110869,9,-1.2570405828325848,10/10/2003,Shipped,4,10,2003,Motorcycles,-1.5110590444833907,S32_2206,Corporate Gift Ideas Co.,6505551386,7734 Strong St.,,San Francisco,CA,,USA,EMEA,Brown,Julie,Small,0.022798026084100618,-1.2798386089166853
10169,-0.9335803975582768,-2.172881335531712,9,-1.3675025477114884,04/11/2003,Shipped,4,11,2003,Motorcycles,-1.5110590444833907,S32_2206,"Anna's Decorations, Ltd",02 9936 8555,201 Miller Street,Level 15,North Sydney,NSW,2060,Australia,APAC,O'Hara,Anna,Small,2.0285594210726554,-3.396061968784144
10180,-0.11220131389876024,-1.8937636470552661,4,-1.0905276691049917,11/11/2003,Shipped,4,11,2003,Motorcycles,-1.5110590444833907,S32_2206,Daedalus Designs Imports,20.16.1555,"184, chausse de Tournai",,Lille,CA,59000,France,EMEA,Rance,Martine,Small,0.21248276941330893,-1.3030104385183006
10190,1.1198673115905147,-2.511987017446257,1,-1.105786646654383,19/11/2003,Shipped,4,11,2003,Motorcycles,-1.5110590444833907,S32_2206,Euro Shopping Channel,(91) 555 94 44,"C/ Moralzarzal, 86",,Madrid,CA,28034,Spain,EMEA,Freyre,Diego,Small,-2.813092147977815,1.707305501323432
10211,0.6065053843033168,-2.053401117196324,9,-0.9894165794360712,15/01/2004,Shipped,1,1,2004,Motorcycles,-1.5110590444833907,S32_2206,Auto Canal Petit,(1) 47.55.6555,"25, rue Lauriston",,Paris,CA,75016,France,EMEA,Perrier,Dominique,Small,-1.2453988337140165,0.2559822542779453
10224,0.8118501552181959,-2.192712077164141,2,-1.0091555059101058,21/02/2004,Shipped,1,2,2004,Motorcycles,-1.5110590444833907,S32_2206,Daedalus Designs Imports,20.16.1555,"184, chausse de Tournai",,Lille,CA,59000,France,EMEA,Rance,Martine,Small,-1.7801536401945208,0.770998134284415
10237,-0.9335803975582768,-2.1530505938992825,2,-1.3618550969458774,05/04/2004,Shipped,2,4,2004,Motorcycles,-1.5110590444833907,S32_2206,Vitachrome Inc.,2125551500,2678 Kingston Rd.,Suite 101,NYC,NY,10022,USA,EMEA,Frick,Michael,Small,2.010045829415576,-3.3719009263614534
10252,0.09314345701611891,-1.7539569185466377,6,-0.9860281089767046,26/05/2004,Shipped,2,5,2004,Motorcycles,-1.5110590444833907,S32_2206,Auto Canal Petit,(1) 47.55.6555,"25, rue Lauriston",,Paris,CA,75016,France,EMEA,Perrier,Dominique,Small,-0.16336961085077312,-0.8226584981259315
10264,-1.5496147103029143,-2.531817759078686,4,-1.5759043414447769,30/06/2004,Shipped,2,6,2004,Motorcycles,-1.5110590444833907,S32_2206,Gifts4AllAges.com,6175559555,8616 Spinnaker Dr.,,Boston,MA,51003,USA,EMEA,Yoshido,Juri,Small,3.9233420432744914,-5.499246384719268
10276,-0.8309080121008373,-2.3325188056727697,10,-1.393084413631482,02/08/2004,Shipped,3,8,2004,Motorcycles,-1.5110590444833907,S32_2206,Online Mini Collectables,6175557555,7635 Spinnaker Dr.,,Brickhaven,MA,58339,USA,EMEA,Barajas,Miguel,Small,1.9381085640093803,-3.331192977640862
10285,0.1958158424735585,-2.113389110634423,1,-1.1054771229104987,27/08/2004,Shipped,3,8,2004,Motorcycles,-1.5110590444833907,S32_2206,Marta's Replicas Co.,6175558555,39323 Spinnaker Dr.,,Cambridge,MA,51247,USA,EMEA,Hernandez,Marta,Small,-0.4138350691733241,-0.6916420537371746
10299,-1.138925168473156,-2.053401117196324,4,-1.3793513338370298,30/09/2004,Shipped,3,9,2004,Motorcycles,-1.5110590444833907,S32_2206,"Toys of Finland, Co.",90-224 8555,Keskuskatu 45,,Helsinki,CA,21240,Finland,EMEA,Karttunen,Matti,Small,2.33867021334579,-3.7180215471828197
10310,0.09314345701611891,-2.013243865390654,17,-1.0882686887987474,16/10/2004,Shipped,4,10,2004,Motorcycles,-1.5110590444833907,S32_2206,"Toms Spezialitten, Ltd",0221-5554327,Mehrheimerstr. 369,,Koln,CA,50739,Germany,EMEA,Pfalzheim,Henriette,Small,-0.18752049343897945,-0.9007481953597679
10319,-0.6255632411859581,-2.252700070602241,5,-1.327970392352211,03/11/2004,Shipped,4,11,2004,Motorcycles,-1.5110590444833907,S32_2206,Microscale Inc.,2125551957,5290 North Pendale Street,Suite 200,NYC,NY,10022,USA,EMEA,Kuo,Kee,Small,1.4092063575857743,-2.7371767499379853
10331,-0.7282356266433977,0.8101579745265006,3,0.2979415435494473,17/11/2004,Shipped,4,11,2004,Motorcycles,-1.5110590444833907,S32_2206,Motor Mint Distributors Inc.,2155559857,11328 Douglas Av.,,Philadelphia,PA,71270,USA,EMEA,Hernandez,Rosa,Medium,-0.589985900259452,0.8879274438088993
10343,-0.6255632411859581,0.8101579745265006,5,0.08648795430628002,24/11/2004,Shipped,4,11,2004,Motorcycles,-1.5110590444833907,S32_2206,Reims Collectables,26.47.1555,59 rue de l'Abbaye,,Reims,CA,51100,France,EMEA,Henriot,Paul,Medium,-0.5068050484174486,0.5932930027237285
10355,0.29848822793099805,-2.172881335531712,10,-1.1079587431026952,07/12/2004,Shipped,4,12,2004,Motorcycles,-1.5110590444833907,S32_2206,Euro Shopping Channel,(91) 555 94 44,"C/ Moralzarzal, 86",,Madrid,CA,28034,Spain,EMEA,Freyre,Diego,Small,-0.6485794993472012,-0.459379243755494
10364,1.325212082505394,-1.7539569185466377,1,-0.6714216594032038,06/01/2005,Shipped,1,1,2005,Motorcycles,-1.5110590444833907,S32_2206,Marseille Mini Autos,91.24.4555,"12, rue des Bouchers",,Marseille,CA,13008,France,EMEA,Lebihan,Laurence,Small,-2.324364900651933,1.6529432412487295
10378,0.5038329988458772,-0.05942004605553465,1,-0.1387367264191845,10/02/2005,Shipped,1,2,2005,Motorcycles,-1.5110590444833907,S32_2206,Euro Shopping Channel,(91) 555 94 44,"C/ Moralzarzal, 86",,Madrid,CA,28034,Spain,EMEA,Freyre,Diego,Medium,-0.029937779995720157,-0.10879894642346434
10390,0.6065053843033168,-1.9383828157282323,11,-0.9377641258952133,04/03/2005,Shipped,1,3,2005,Motorcycles,-1.5110590444833907,S32_2206,Mini Gifts Distributors Ltd.,4155551450,5677 Strong St.,,San Rafael,CA,97562,USA,EMEA,Nelson,Valarie,Small,-1.1756396145801968,0.23787548868498354
10403,-0.5228908557285186,-2.1530505938992825,2,-1.274471656830288,08/04/2005,Shipped,2,4,2005,Motorcycles,-1.5110590444833907,S32_2206,"UK Collectables, Ltd.",(171) 555-2282,Berkeley Gardens 12  Brewery,,Liverpool,CA,WX1 6LT,UK,EMEA,Devon,Elizabeth,Small,1.125810467470791,-2.400282124301079
10104,-0.009528928441320661,-1.7866776422401467,11,-1.024789170096831,31/01/2003,Shipped,1,1,2003,Trucks and Buses,-1.1626338662099218,S32_2509,Euro Shopping Channel,(91) 555 94 44,"C/ Moralzarzal, 86",,Madrid,CA,28034,Spain,EMEA,Freyre,Diego,Small,0.017025123400613875,-1.0418142934974448
10114,-0.7282356266433977,-1.384609355642638,2,-1.0824909122462376,01/04/2003,Shipped,2,4,2003,Trucks and Buses,-1.1626338662099218,S32_2509,"La Corne D'abondance, Co.",(1) 42.34.2555,"265, boulevard Charonne",,Paris,CA,75012,France,EMEA,Bertrand,Marie,Small,1.0083218617627276,-2.090812774008965
10127,1.017194926133075,-1.5720098640690967,13,-0.6603928396868999,03/06/2003,Shipped,2,6,2003,Trucks and Buses,-1.1626338662099218,S32_2509,Muscle Machine Inc,2125557413,4092 Furth Circle,Suite 400,NYC,NY,10022,USA,EMEA,Young,Jeff,Small,-1.5990404575622301,0.9386476178753302
10141,-1.138925168473156,-1.8674879143922969,7,-1.3304791637500113,01/08/2003,Shipped,3,8,2003,Trucks and Buses,-1.1626338662099218,S32_2509,Suominen Souveniers,+358 9 8045 555,"Software Engineering Center, SEC Oy",,Espoo,CA,FIN-02271,Finland,EMEA,Suominen,Kalle,Small,2.1269289875208295,-3.457408151270841
10151,0.6065053843033168,-0.9820453005043183,5,-0.5082917858938566,21/09/2003,Shipped,3,9,2003,Trucks and Buses,-1.1626338662099218,S32_2509,"Oulu Toy Supplies, Inc.",981-443655,Torikatu 38,,Oulu,CA,90110,Finland,EMEA,Koskitalo,Pirkko,Small,-0.5956157623856377,0.08732397649178114
10165,1.325212082505394,-1.8674879143922969,14,-0.7311108698028157,22/10/2003,Shipped,4,10,2003,Trucks and Buses,-1.1626338662099218,S32_2509,"Dragon Souveniers, Ltd.",+65 221 7555,"Bronz Sok., Bronz Apt. 3/6 Tesvikiye",,Singapore,CA,79903,Singapore,Japan,Natividad,Eric,Small,-2.4748175480854706,1.743706678282655
10175,1.530556853420273,-1.008816801708098,3,-0.21090463091434863,06/11/2003,Shipped,4,11,2003,Trucks and Buses,-1.1626338662099218,S32_2509,"Stylish Desk Decors, Co.",(171) 555-0297,35 King George,,London,CA,WX3 6FW,UK,EMEA,Brown,Ann,Medium,-1.54405146969985,1.3331468387855012
10184,-0.21487369935619982,-1.035588302911878,8,-0.8050218816977502,14/11/2003,Shipped,4,11,2003,Trucks and Buses,-1.1626338662099218,S32_2509,"Iberia Gift Imports, Corp.",(95) 555 82 82,"C/ Romero, 33",,Sevilla,CA,41101,Spain,EMEA,Roel,Jose Pedro,Small,0.22252068965668406,-1.0275425713544344
10195,-0.3175460848136394,-2.0013454204111962,8,-1.1776070157178173,25/11/2003,Shipped,4,11,2003,Trucks and Buses,-1.1626338662099218,S32_2509,Mini Classics,9145554562,3758 North Pendale Street,,White Plains,NY,24067,USA,EMEA,Frick,Steve,Small,0.6355194026112825,-1.8131264183290998
10207,-0.8309080121008373,-1.169941577471588,9,-1.0492686970693066,09/12/2003,Shipped,4,12,2003,Trucks and Buses,-1.1626338662099218,S32_2509,Diecast Collectables,6175552555,6251 Ingle Ln.,,Boston,MA,51003,USA,EMEA,Franco,Valarie,Small,0.9721138304110349,-2.0213825274803416
10219,-0.009528928441320661,-1.411380856846418,4,-0.8809149316017691,10/02/2004,Shipped,1,2,2004,Trucks and Buses,-1.1626338662099218,S32_2509,Signal Collectibles Ltd.,4155554312,2793 Furth Circle,,Brisbane,CA,94217,USA,EMEA,Taylor,Sue,Small,0.013448947188339356,-0.8943638787901085
10229,-1.2415975539305957,-1.4649238592539775,3,-1.2540376594927938,11/03/2004,Shipped,1,3,2004,Trucks and Buses,-1.1626338662099218,S32_2509,Mini Gifts Distributors Ltd.,4155551450,5677 Strong St.,,San Rafael,CA,97562,USA,EMEA,Nelson,Valarie,Small,1.8188458803443066,-3.0728835398371004
10246,-0.009528928441320661,-1.7331346398325866,7,-1.0042628586602833,05/05/2004,Shipped,2,5,2004,Trucks and Buses,-1.1626338662099218,S32_2509,Euro Shopping Channel,(91) 555 94 44,"C/ Moralzarzal, 86",,Madrid,CA,28034,Spain,EMEA,Freyre,Diego,Small,0.016514915962138776,-1.020777774622422
10259,0.5038329988458772,-1.9745739192074165,6,-0.9778175844020854,15/06/2004,Shipped,2,6,2004,Trucks and Buses,-1.1626338662099218,S32_2509,Handji Gifts& Co,+65 224 1555,Village Close - 106 Linden Road Sandown,2nd Floor,Singapore,CA,69045,Singapore,APAC,Victorino,Wendy,Small,-0.9948554991571295,0.017037914755044015
10271,-0.009528928441320661,-1.7866776422401467,7,-1.024789170096831,20/07/2004,Shipped,3,7,2004,Trucks and Buses,-1.1626338662099218,S32_2509,Mini Gifts Distributors Ltd.,4155551450,5677 Strong St.,,San Rafael,CA,97562,USA,EMEA,Nelson,Valarie,Small,0.017025123400613875,-1.0418142934974448
10281,-0.42021847027107895,-1.411380856846418,3,-1.000792934584105,19/08/2004,Shipped,3,8,2004,Trucks and Buses,-1.1626338662099218,S32_2509,Diecast Classics Inc.,2155551555,7586 Pompton St.,,Allentown,PA,70267,USA,EMEA,Yu,Kyung,Small,0.5930883046338864,-1.5938812392179913
10292,1.530556853420273,-1.840716413188517,10,-0.6665018609477772,08/09/2004,Shipped,3,9,2004,Trucks and Buses,-1.1626338662099218,S32_2509,Land of Toys Inc.,2125557818,897 Long Airport Avenue,,NYC,NY,10022,USA,EMEA,Yu,Kwai,Small,-2.8173211214088676,2.1508192604610903
10305,0.5038329988458772,-1.2770275822867077,7,-0.6722036141245961,13/10/2004,Shipped,4,10,2004,Trucks and Buses,-1.1626338662099218,S32_2509,Marta's Replicas Co.,6175558555,39323 Spinnaker Dr.,,Cambridge,MA,51247,USA,EMEA,Hernandez,Marta,Small,-0.6434086363924121,-0.02879497773218398
10313,0.29848822793099805,-1.8942594155960766,1,-0.9919905137273208,22/10/2004,Shipped,4,10,2004,Trucks and Buses,-1.1626338662099218,S32_2509,Canadian Gift Exchange Network,(604) 555-3392,1900 Oak St.,,Vancouver,BC,V3F 2K1,Canada,EMEA,Tannamuri,Yoshi,Small,-0.5654141362028808,-0.42657637752444
10325,0.29848822793099805,0.8101579745265006,3,2.8727229524139335,05/11/2004,Shipped,4,11,2004,Trucks and Buses,-1.1626338662099218,S32_2509,Baane Mini Imports,07-98 9555,Erling Skakkes gate 78,,Stavern,CA,4110,Norway,EMEA,Bergulfsen,Jonas,Large,0.24182261816058184,2.6309003342533517
10335,0.5038329988458772,-1.1431700762678083,3,-0.6135570100201737,19/11/2004,Shipped,4,11,2004,Trucks and Buses,-1.1626338662099218,S32_2509,Mini Gifts Distributors Ltd.,4155551450,5677 Strong St.,,San Rafael,CA,97562,USA,EMEA,Nelson,Valarie,Small,-0.57596680771688,-0.037590202303293685
10349,-0.21487369935619982,-1.840716413188517,1,-1.0960393638425834,01/12/2004,Shipped,4,12,2004,Trucks and Buses,-1.1626338662099218,S32_2509,Muscle Machine Inc,2125557413,4092 Furth Circle,Suite 400,NYC,NY,10022,USA,EMEA,Young,Jeff,Small,0.3955215451674919,-1.4915609090100752
10359,0.09314345701611891,0.8101579745265006,3,1.5230691032908286,15/12/2004,Shipped,4,12,2004,Trucks and Buses,-1.1626338662099218,S32_2509,Reims Collectables,26.47.1555,59 rue de l'Abbaye,,Reims,CA,51100,France,EMEA,Henriot,Paul,Medium,0.07546091447657508,1.4476081888142536
10371,-1.5496147103029143,-0.8521539428119049,2,-1.2079512031007351,23/01/2005,Shipped,1,1,2005,Trucks and Buses,-1.1626338662099218,S32_2509,Mini Gifts Distributors Ltd.,4155551450,5677 Strong St.,,San Rafael,CA,97562,USA,EMEA,Nelson,Valarie,Small,1.3205102852239563,-2.5284614883246914
10383,-0.3175460848136394,-1.5110303335493762,5,-1.005750744727377,22/02/2005,Shipped,1,2,2005,Trucks and Buses,-1.1626338662099218,S32_2509,Euro Shopping Channel,(91) 555 94 44,"C/ Moralzarzal, 86",,Madrid,CA,28034,Spain,EMEA,Freyre,Diego,Small,0.47982176645325203,-1.485572511180629
10394,0.09314345701611891,-1.035588302911878,3,-0.7027650111523451,15/03/2005,Shipped,1,3,2005,Trucks and Buses,-1.1626338662099218,S32_2509,Euro Shopping Channel,(91) 555 94 44,"C/ Moralzarzal, 86",,Madrid,CA,28034,Spain,EMEA,Freyre,Diego,Small,-0.09645827457866804,-0.6063067365736771
10412,-1.652287095760354,-1.7331346398325866,7,-1.4273872467914483,03/05/2005,Shipped,2,5,2005,Trucks and Buses,-1.1626338662099218,S32_2509,Euro Shopping Channel,(91) 555 94 44,"C/ Moralzarzal, 86",,Madrid,CA,28034,Spain,EMEA,Freyre,Diego,Small,2.8636360006106516,-4.2910232474021
10425,-2.4736661794198707,-1.9745739192074165,6,-1.6680392425410484,31/05/2005,In Process,2,5,2005,Trucks and Buses,-1.1626338662099218,S32_2509,La Rochelle Gifts,40.67.8555,"67, rue des Cinquante Otages",,Nantes,CA,44000,France,EMEA,Labrune,Janine,Small,4.884436722707931,-6.552475965248979
10104,1.4278844679628335,-0.8819000552605489,4,-0.1771665428309434,31/01/2003,Shipped,1,1,2003,Trains,-0.9635337643393681,S32_3207,Euro Shopping Channel,(91) 555 94 44,"C/ Moralzarzal, 86",,Madrid,CA,28034,Spain,EMEA,Freyre,Diego,Medium,-1.2592513912021024,1.082084848371159
10116,-0.8309080121008373,-1.0053464219224229,1,-1.000592015662636,11/04/2003,Shipped,2,4,2003,Trains,-0.9635337643393681,S32_3207,Royale Belge,(071) 23 67 2555,"Boulevard Tirou, 255",,Charleroi,CA,B-6000,Belgium,EMEA,Cartrain,Pascale,Small,0.83535039691225,-1.835942412574886
10127,-0.6255632411859581,-0.6355030904776121,6,-0.8142804428086797,03/06/2003,Shipped,2,6,2003,Trains,-0.9635337643393681,S32_3207,Muscle Machine Inc,2125557413,4092 Furth Circle,Suite 400,NYC,NY,10022,USA,EMEA,Young,Jeff,Small,0.3975473730628682,-1.2118278158715479
10142,0.7091777697607564,-0.4505814247552072,16,-0.22912852011568574,08/08/2003,Shipped,3,8,2003,Trains,-0.9635337643393681,S32_3207,Mini Gifts Distributors Ltd.,4155551450,5677 Strong St.,,San Rafael,CA,97562,USA,EMEA,Nelson,Valarie,Medium,-0.31954232990352194,0.0904138097878362
10152,-0.21487369935619982,-1.6215867181501706,2,-1.0168338668548886,25/09/2003,Shipped,3,9,2003,Trains,-0.9635337643393681,S32_3207,"Australian Gift Network, Co",61-7-3844-6555,31 Duncan St. West End,,South Brisbane,Queensland,4101,Australia,APAC,Calaghan,Tony,Small,0.3484363369558065,-1.3652702038106952
10165,0.9145225406756355,-1.498140351488297,7,-0.6530022815215184,22/10/2003,Shipped,4,10,2003,Trains,-0.9635337643393681,S32_3207,"Dragon Souveniers, Ltd.",+65 221 7555,"Bronz Sok., Bronz Apt. 3/6 Tesvikiye",,Singapore,CA,79903,Singapore,Japan,Natividad,Eric,Small,-1.370083120531767,0.7170808390102485
10176,-1.344269939388035,-0.9746087723921573,6,-1.1652695078914055,06/11/2003,Shipped,4,11,2003,Trains,-0.9635337643393681,S32_3207,L'ordine Souveniers,0522-556555,Strada Provinciale 124,,Reggio Emilia,CA,42100,Italy,EMEA,Moroni,Maurizio,Small,1.3101372753906526,-2.4754067832820583
10184,1.325212082505394,-1.6215867181501706,1,-0.6018276891992893,14/11/2003,Shipped,4,11,2003,Trains,-0.9635337643393681,S32_3207,"Iberia Gift Imports, Corp.",(95) 555 82 82,"C/ Romero, 33",,Sevilla,CA,41101,Spain,EMEA,Roel,Jose Pedro,Small,-2.1489463117228746,1.5471186225235853
10195,-0.21487369935619982,-1.4366650524277653,1,-0.9499930288992096,25/11/2003,Shipped,4,11,2003,Trains,-0.9635337643393681,S32_3207,Mini Classics,9145554562,3758 North Pendale Street,,White Plains,NY,24067,USA,EMEA,Frick,Steve,Small,0.3087015345509227,-1.2586945634501323
10207,1.017194926133075,-1.3439563352961574,2,-0.5479868484867572,09/12/2003,Shipped,4,12,2003,Trains,-0.9635337643393681,S32_3207,Diecast Collectables,6175552555,6251 Ingle Ln.,,Boston,MA,51003,USA,EMEA,Franco,Valarie,Small,-1.367065565207653,0.8190787167208959
10220,-1.5496147103029143,-1.5288780010185627,6,-1.3561967856980246,12/02/2004,Shipped,1,2,2004,Trains,-0.9635337643393681,S32_3207,"Clover Collections, Co.",+353 1862 1555,25 Maiden Lane,Floor No. 4,Dublin,CA,2,Ireland,EMEA,Cassidy,Dean,Small,2.369171840636879,-3.7253686263349035
10230,1.1198673115905147,-1.128297020043486,4,-0.40861971012194254,15/03/2004,Shipped,1,3,2004,Trains,-0.9635337643393681,S32_3207,"Blauer See Auto, Co.",+49 69 66 90 2555,Lyonerstr. 34,,Frankfurt,CA,60528,Germany,EMEA,Keitel,Roland,Small,-1.2635429505116877,0.8549232403897452
10247,0.5038329988458772,-1.6830620172107023,6,-0.8500983132413436,05/05/2004,Shipped,2,5,2004,Trains,-0.9635337643393681,S32_3207,Suominen Souveniers,+358 9 8045 555,"Software Engineering Center, SEC Oy",,Espoo,CA,FIN-02271,Finland,EMEA,Suominen,Kalle,Small,-0.8479821833748594,-0.002116129866484129
10272,1.017194926133075,-0.943375354321081,6,-0.35054328133520224,20/07/2004,Shipped,3,7,2004,Trains,-0.9635337643393681,S32_3207,Diecast Classics Inc.,2155551555,7586 Pompton St.,,Allentown,PA,70267,USA,EMEA,Yu,Kyung,Small,-0.9595966238543955,0.6090533425191933
10282,0.09314345701611891,-1.1902680876448284,9,-0.7637574794209441,20/08/2004,Shipped,3,8,2004,Trains,-0.9635337643393681,S32_3207,Mini Gifts Distributors Ltd.,4155551450,5677 Strong St.,,San Rafael,CA,97562,USA,EMEA,Nelson,Valarie,Small,-0.11086568445920413,-0.65289179496174
10292,-0.42021847027107895,-0.7896871066697516,3,-0.7896977412549093,08/09/2004,Shipped,3,9,2004,Trains,-0.9635337643393681,S32_3207,Land of Toys Inc.,2125557818,897 Long Airport Avenue,,NYC,NY,10022,USA,EMEA,Yu,Kwai,Small,0.3318411079575574,-1.1215388492124667
10306,1.1198673115905147,-1.6523243676804367,17,-0.6726488938965001,14/10/2004,Shipped,4,10,2004,Trains,-0.9635337643393681,S32_3207,"AV Stores, Co.",(171) 555-1555,Fauntleroy Circus,,Manchester,CA,EC2 5NT,UK,EMEA,Ashworth,Victoria,Small,-1.8503840475097877,1.1777351536132876
10314,-0.009528928441320661,-0.8511624057302837,9,-0.6661488952749265,22/10/2004,Shipped,4,10,2004,Trains,-0.9635337643393681,S32_3207,Heintze Collectables,86 21 3555,Smagsloget 45,,Aaarhus,CA,8200,Denmark,EMEA,Ibsen,Palle,Small,0.008110665656146217,-0.6742595609310728
10325,-0.7282356266433977,0.8101579745265006,2,0.990210402590944,05/11/2004,Shipped,4,11,2004,Trains,-0.9635337643393681,S32_3207,Baane Mini Imports,07-98 9555,Erling Skakkes gate 78,,Stavern,CA,4110,Norway,EMEA,Bergulfsen,Jonas,Medium,-0.589985900259452,1.5801963028503958
10336,-0.42021847027107895,0.05212787562688147,9,-0.5038607091393001,20/11/2004,Shipped,4,11,2004,Trains,-0.9635337643393681,S32_3207,"La Corne D'abondance, Co.",(1) 42.34.2555,"265, boulevard Charonne",,Paris,CA,75012,France,EMEA,Bertrand,Marie,Small,-0.02190509615440919,-0.481955612984891
10350,-0.8309080121008373,0.8101579745265006,14,0.46293398976322153,02/12/2004,Shipped,4,12,2004,Trains,-0.9635337643393681,S32_3207,Euro Shopping Channel,(91) 555 94 44,"C/ Moralzarzal, 86",,Madrid,CA,28034,Spain,EMEA,Freyre,Diego,Medium,-0.6731667521014554,1.136100741864677
10359,-1.344269939388035,0.8101579745265006,1,0.4058187136548595,15/12/2004,Shipped,4,12,2004,Trains,-0.9635337643393681,S32_3207,Reims Collectables,26.47.1555,59 rue de l'Abbaye,,Reims,CA,51100,France,EMEA,Henriot,Paul,Medium,-1.0890710113114723,1.4948897249663318
10371,-0.5228908557285186,0.7878483901900173,11,-0.3081059469763078,23/01/2005,Shipped,1,1,2005,Trains,-0.9635337643393681,S32_3207,Mini Gifts Distributors Ltd.,4155551450,5677 Strong St.,,San Rafael,CA,97562,USA,EMEA,Nelson,Valarie,Small,-0.41195871893079394,0.10385277195448617
10383,0.9145225406756355,-2.359290306876549,8,-1.0680247499004802,22/02/2005,Shipped,1,2,2005,Trains,-0.9635337643393681,S32_3207,Euro Shopping Channel,(91) 555 94 44,"C/ Moralzarzal, 86",,Madrid,CA,28034,Spain,EMEA,Freyre,Diego,Small,-2.1576241656361415,1.0895994157356612
10394,-0.5228908557285186,-1.159034669573752,4,-0.9478426534153807,15/03/2005,Shipped,1,3,2005,Trains,-0.9635337643393681,S32_3207,Euro Shopping Channel,(91) 555 94 44,"C/ Moralzarzal, 86",,Madrid,CA,28034,Spain,EMEA,Freyre,Diego,Small,0.6060486301924399,-1.5538912836078205
10413,-1.138925168473156,-1.6830620172107023,6,-1.281997971023689,05/05/2005,Shipped,2,5,2005,Trains,-0.9635337643393681,S32_3207,Gift Depot Inc.,2035552570,25593 South Bay Ln.,,Bridgewater,CT,97562,USA,EMEA,King,Julie,Small,1.916881691502469,-3.198879662526158
10103,1.017194926133075,-0.39802995942926883,7,-0.08174634585660018,29/01/2003,Shipped,1,1,2003,Trucks and Buses,-0.9137587388717296,S32_3522,Baane Mini Imports,07-98 9555,Erling Skakkes gate 78,,Stavern,CA,4110,Norway,EMEA,Bergulfsen,Jonas,Medium,-0.404874055180406,0.3231277093238058
10113,-1.2415975539305957,-0.7505213919457038,1,-1.0740631780267873,26/03/2003,Shipped,1,3,2003,Trucks and Buses,-0.9137587388717296,S32_3522,Mini Gifts Distributors Ltd.,4155551450,5677 Strong St.,,San Rafael,CA,97562,USA,EMEA,Nelson,Valarie,Small,0.9318455244123717,-2.005908702439159
10126,-0.9335803975582768,-1.0390586826975532,7,-1.0446095501876775,28/05/2003,Shipped,2,5,2003,Trucks and Buses,-0.9137587388717296,S32_3522,"Corrida Auto Replicas, Ltd",(91) 555 22 82,"C/ Araquil, 67",,Madrid,CA,28023,Spain,EMEA,Sommer,Mart¡n,Small,0.9700448180791611,-2.0146543682668385
10140,-0.7282356266433977,-1.1352377796148365,7,-1.0060113963011743,24/07/2003,Shipped,3,7,2003,Trucks and Buses,-0.9137587388717296,S32_3522,Technics Stores Inc.,6505556809,9408 Furth Circle,,Burlingame,CA,94217,USA,EMEA,Hirano,Juri,Small,0.8267205958270699,-1.8327319921282443
10150,1.4278844679628335,-1.263146063144007,4,-0.38178345850304857,19/09/2003,Shipped,3,9,2003,Trucks and Buses,-0.9137587388717296,S32_3522,"Dragon Souveniers, Ltd.",+65 221 7555,"Bronz Sok., Bronz Apt. 3/6 Tesvikiye",,Singapore,CA,79903,Singapore,Japan,Natividad,Eric,Small,-1.8036266443317281,1.4218431858286795
10164,1.4278844679628335,-1.4237750703666863,5,-0.4679939665365494,21/10/2003,Resolved,4,10,2003,Trucks and Buses,-0.9137587388717296,S32_3522,Mini Auto Werke,7675-3555,Kirchgasse 6,,Graz,CA,8010,Austria,EMEA,Mendel,Roland,Small,-2.032986308849282,1.5649923423127325
10175,-0.6255632411859581,-0.4302549145819664,12,-0.7490849679125969,06/11/2003,Shipped,4,11,2003,Trucks and Buses,-0.9137587388717296,S32_3522,"Stylish Desk Decors, Co.",(171) 555-0297,35 King George,,London,CA,WX3 6FW,UK,EMEA,Brown,Ann,Small,0.2691516589020824,-1.0182366268146794
10183,1.4278844679628335,-0.94287958578027,4,-0.2098946060658835,13/11/2003,Shipped,4,11,2003,Trucks and Buses,-0.9137587388717296,S32_3522,"Classic Gift Ideas, Inc",2155554695,782 First Street,,Philadelphia,PA,71270,USA,EMEA,Cervantes,Francisca,Medium,-1.3463231156948776,1.136428509628994
10194,0.40116061338843767,-1.4237750703666863,7,-0.7663314137121938,25/11/2003,Shipped,4,11,2003,Trucks and Buses,-0.9137587388717296,S32_3522,"Saveley & Henriot, Co.",78.32.5555,"2, rue du Commerce",,Lyon,CA,69004,France,EMEA,Saveley,Mary,Small,-0.5711624805554659,-0.1951689331567279
10206,0.09314345701611891,-1.2314168765321196,2,-0.7799830398898343,05/12/2003,Shipped,4,12,2003,Trucks and Buses,-0.9137587388717296,S32_3522,Canadian Gift Exchange Network,(604) 555-3392,1900 Oak St.,,Vancouver,BC,V3F 2K1,Canada,EMEA,Tannamuri,Yoshi,Small,-0.11469842490819289,-0.6652846149816414
10217,0.40116061338843767,-1.0712836378502513,7,-0.6157562576740897,04/02/2004,Shipped,1,2,2004,Trucks and Buses,-0.9137587388717296,S32_3522,Handji Gifts& Co,+65 224 1555,Village Close - 106 Linden Road Sandown,2nd Floor,Singapore,CA,69045,Singapore,APAC,Victorino,Wendy,Small,-0.4297568012730037,-0.185999456401086
10229,-0.5228908557285186,-0.5264340114992495,12,-0.7399730233119285,11/03/2004,Shipped,1,3,2004,Trucks and Buses,-0.9137587388717296,S32_3522,Mini Gifts Distributors Ltd.,4155551450,5677 Strong St.,,San Rafael,CA,97562,USA,EMEA,Nelson,Valarie,Small,0.27526753075743937,-1.0152405540693679
10245,0.9145225406756355,-0.7187922053338165,5,-0.2774033636794186,04/05/2004,Shipped,2,5,2004,Trucks and Buses,-0.9137587388717296,S32_3522,Super Scale Inc.,2035559545,567 North Pendale Street,,New Haven,CT,97823,USA,EMEA,Murphy,Leslie,Medium,-0.6573516738397249,0.37994831016030634
10258,-1.5496147103029143,-1.1030128244621387,2,-1.2629052432430272,15/06/2004,Shipped,2,6,2004,Trucks and Buses,-0.9137587388717296,S32_3522,"Tokyo Collectables, Ltd",+81 3 3584 0555,2-2-8 Roppongi,,Minato-ku,Tokyo,106-0032,Japan,Japan,Shimamura,Akiko,Small,1.7092448984392963,-2.9721501416823237
10270,-1.4469423248454747,-1.0068337275448551,5,-1.207435330194261,19/07/2004,Shipped,3,7,2004,Trucks and Buses,-0.9137587388717296,S32_3522,Souveniers And Things Co.,+61 2 9495 8555,"Monitor Money Building, 815 Pacific Hwy",Level 6,Chatswood,NSW,2067,Australia,APAC,Huxley,Adrian,Small,1.4568303344665878,-2.664265664660849
10281,0.09314345701611891,-0.30185086251198573,12,-0.4134417642371951,19/08/2004,Shipped,3,8,2004,Trucks and Buses,-0.9137587388717296,S32_3522,Diecast Classics Inc.,2155551555,7586 Pompton St.,,Allentown,PA,70267,USA,EMEA,Yu,Kyung,Small,-0.028115432837663563,-0.38532633139953154
10291,-0.3175460848136394,-0.5903881532638351,7,-0.6830640963661557,08/09/2004,Shipped,3,9,2004,Trucks and Buses,-0.9137587388717296,S32_3522,Scandinavian Gift Ideas,0695-34 6555,?kergatan 24,,Boras,CA,S-844 67,Sweden,EMEA,Larsson,Maria,Small,0.1874754465892857,-0.8705395429554414
10304,0.09314345701611891,-0.5264340114992495,2,-0.5019981364348727,11/10/2004,Shipped,4,10,2004,Trucks and Buses,-0.9137587388717296,S32_3522,Auto Assoc. & Cie.,30.59.8555,"67, avenue de l'Europe",,Versailles,CA,78000,France,EMEA,Tonini,Daniel,Small,-0.0490338837219034,-0.45296425271296925
10313,-0.11220131389876024,-1.3593251600612901,10,-0.891498471546169,22/10/2004,Shipped,4,10,2004,Trucks and Buses,-0.9137587388717296,S32_3522,Canadian Gift Exchange Network,(604) 555-3392,1900 Oak St.,,Vancouver,BC,V3F 2K1,Canada,EMEA,Tannamuri,Yoshi,Small,0.15251806897451933,-1.0440165405206883
10324,1.325212082505394,0.8101579745265006,4,2.528076408960278,05/11/2004,Shipped,4,11,2004,Trucks and Buses,-0.9137587388717296,S32_3522,Vitachrome Inc.,2125551500,2678 Kingston Rd.,Suite 101,NYC,NY,10022,USA,EMEA,Frick,Michael,Large,1.0736311365806157,1.4544452723796624
10333,-0.21487369935619982,-0.49420905634655193,4,-0.6093377126693278,18/11/2004,Shipped,4,11,2004,Trucks and Buses,-0.9137587388717296,S32_3522,Mini Wheels Co.,6505555787,5557 North Pendale Street,,San Francisco,CA,,USA,EMEA,Murphy,Julie,Small,0.10619252819252022,-0.715530240861848
10348,-0.42021847027107895,0.8101579745265006,5,-0.22475717601345813,01/11/2004,Shipped,4,11,2004,Trucks and Buses,-0.9137587388717296,S32_3522,"Corrida Auto Replicas, Ltd",(91) 555 22 82,"C/ Araquil, 67",,Madrid,CA,28023,Spain,EMEA,Sommer,Mart¡n,Medium,-0.34044334473344184,0.11568616871998372
10358,0.09314345701611891,0.8101579745265006,2,1.1489037691046144,10/12/2004,Shipped,4,12,2004,Trucks and Buses,-0.9137587388717296,S32_3522,Euro Shopping Channel,(91) 555 94 44,"C/ Moralzarzal, 86",,Madrid,CA,28034,Spain,EMEA,Freyre,Diego,Medium,0.07546091447657508,1.0734428546280395
10370,-1.0362527830157164,0.8101579745265006,3,-0.21375550750275804,20/01/2005,Shipped,1,1,2005,Trucks and Buses,-0.9137587388717296,S32_3522,"Anna's Decorations, Ltd",02 9936 8555,201 Miller Street,Level 15,North Sydney,NSW,2060,Australia,APAC,O'Hara,Anna,Medium,-0.8395284557854622,0.6257729482827041
10382,1.325212082505394,0.8101579745265006,8,1.7625427367172195,17/02/2005,Shipped,1,2,2005,Trucks and Buses,-0.9137587388717296,S32_3522,Mini Gifts Distributors Ltd.,4155551450,5677 Strong St.,,San Rafael,CA,97562,USA,EMEA,Nelson,Valarie,Medium,1.0736311365806157,0.6889116001366038
10411,-0.8309080121008373,-0.7187922053338165,5,-0.9158476727317459,01/05/2005,Shipped,2,5,2005,Trucks and Buses,-0.9137587388717296,S32_3522,Quebec Home Shopping Network,(514) 555-8054,43 rue St. Laurent,,Montreal,Quebec,H1J 1C3,Canada,EMEA,Fresnisre,Jean,Small,0.5972502024474984,-1.5130978751792443
10424,0.9145225406756355,-1.1030128244621387,2,-0.4625745858980111,31/05/2005,In Process,2,5,2005,Trucks and Buses,-0.9137587388717296,S32_3522,Euro Shopping Channel,(91) 555 94 44,"C/ Moralzarzal, 86",,Madrid,CA,28034,Spain,EMEA,Freyre,Diego,Small,-1.008730090624924,0.5461555047269129
10106,-0.21487369935619982,-0.5323832339889786,5,-0.6231359553572293,17/02/2003,Shipped,1,2,2003,Vintage Cars,-0.8142086879364528,S32_4289,Rovelli Gifts,035-640555,Via Ludovico il Moro 22,,Bergamo,CA,24100,Italy,EMEA,Rovelli,Giovanni,Small,0.11439515496242916,-0.7375311103196585
10120,-0.6255632411859581,-0.5665912633049194,11,-0.7923911408508162,29/04/2003,Shipped,2,4,2003,Vintage Cars,-0.8142086879364528,S32_4289,"Australian Collectors, Co.",03 9520 4555,636 St Kilda Road,Level 3,Melbourne,Victoria,3004,Australia,APAC,Ferguson,Peter,Small,0.35443866710067196,-1.1468298079514883
10133,1.4278844679628335,-1.3166890655515666,6,-0.4105202945142155,27/06/2003,Shipped,2,6,2003,Vintage Cars,-0.8142086879364528,S32_4289,Euro Shopping Channel,(91) 555 94 44,"C/ Moralzarzal, 86",,Madrid,CA,28034,Spain,EMEA,Freyre,Diego,Small,-1.8800798658375792,1.4695595713233638
10144,-1.5496147103029143,-0.08916615850417867,1,-1.0408083814031315,13/08/2003,Shipped,3,8,2003,Vintage Cars,-0.8142086879364528,S32_4289,Royale Belge,(071) 23 67 2555,"Boulevard Tirou, 255",,Charleroi,CA,B-6000,Belgium,EMEA,Cartrain,Pascale,Small,0.13817319087927657,-1.178981572282408
10168,-0.42021847027107895,-0.4981752046730378,12,-0.6907153061053346,28/10/2003,Shipped,4,10,2003,Vintage Cars,-0.8142086879364528,S32_4289,Technics Stores Inc.,6505556809,9408 Furth Circle,,Burlingame,CA,94217,USA,EMEA,Hirano,Juri,Small,0.2093424224346856,-0.9000577285400202
10210,0.40116061338843767,-1.2145607461445547,10,-0.6769605053463993,12/01/2004,Shipped,1,1,2004,Vintage Cars,-0.8142086879364528,S32_4289,Osaka Souveniers Co.,+81 06 6342 5555,"Dojima Avanza 4F, 1-6-20 Dojima, Kita-ku",,Osaka,Osaka,530-0003,Japan,Japan,Kentary,Mory,Small,-0.4872339339208681,-0.18972657142553118
10223,-1.5496147103029143,-0.8734719900667663,12,-1.2126212104646057,20/02/2004,Shipped,1,2,2004,Vintage Cars,-0.8142086879364528,S32_4289,"Australian Collectors, Co.",03 9520 4555,636 St Kilda Road,Level 3,Melbourne,Victoria,3004,Australia,APAC,Ferguson,Peter,Small,1.3535450448450221,-2.5661662553096276
10235,-0.11220131389876024,-0.2939185658590134,6,-0.4947324738152692,02/04/2004,Shipped,2,4,2004,Vintage Cars,-0.8142086879364528,S32_4289,"Royal Canadian Collectables, Ltd.",(604) 555-4555,23 Tsawassen Blvd.,,Tsawassen,BC,T2F 8M4,Canada,EMEA,Lincoln,Elizabeth,Small,0.03297804926862059,-0.5277105230838898
10250,1.530556853420273,-1.1124324267375425,7,-0.26765065062649795,11/05/2004,Shipped,2,5,2004,Vintage Cars,-0.8142086879364528,S32_4289,The Sharp Gifts Warehouse,4085553659,3086 Ingle Ln.,,San Jose,CA,94217,USA,EMEA,Frick,Sue,Medium,-1.7026410747100913,1.4349904240835933
10262,0.5038329988458772,-0.2255025072271317,2,-0.21150195743763436,24/06/2004,Cancelled,2,6,2004,Vintage Cars,-0.8142086879364528,S32_4289,Euro Shopping Channel,(91) 555 94 44,"C/ Moralzarzal, 86",,Madrid,CA,28034,Spain,EMEA,Freyre,Diego,Medium,-0.11361560446350985,-0.09788635297412451
10275,-0.7282356266433977,-0.9760960780145895,12,-0.9572043891076051,23/07/2004,Shipped,3,7,2004,Vintage Cars,-0.8142086879364528,S32_4289,La Rochelle Gifts,40.67.8555,"67, rue des Cinquante Otages",,Nantes,CA,44000,France,EMEA,Labrune,Janine,Small,0.7108279390371174,-1.6680323281447225
10284,1.530556853420273,-0.08916615850417867,4,0.29275023303798153,21/08/2004,Shipped,3,8,2004,Vintage Cars,-0.8142086879364528,S32_4289,"Norway Gifts By Mail, Co.",+47 2212 1555,"Drammensveien 126 A, PB 744 Sentrum",,Oslo,CA,N 0106,Norway,EMEA,Klaeboe,Jan,Medium,-0.136473874991729,0.42922410802971056
10297,-0.7282356266433977,-0.19129447791119086,7,-0.7165143816701595,16/09/2004,Shipped,3,9,2004,Vintage Cars,-0.8142086879364528,S32_4289,"Clover Collections, Co.",+353 1862 1555,25 Maiden Lane,Floor No. 4,Dublin,CA,2,Ireland,EMEA,Cassidy,Dean,Small,0.13930745399507768,-0.8558218356652372
10308,1.1198673115905147,-0.8734719900667663,10,-0.280227089062224,15/10/2004,Shipped,4,10,2004,Vintage Cars,-0.8142086879364528,S32_4289,Mini Classics,9145554562,3758 North Pendale Street,,White Plains,NY,24067,USA,EMEA,Frick,Steve,Medium,-0.9781727292656863,0.6979456402034623
10316,-1.138925168473156,-1.2145607461445547,2,-1.1588401024044022,01/11/2004,Shipped,4,11,2004,Vintage Cars,-0.8142086879364528,S32_4289,giftsbymail.co.uk,(198) 555-8888,Garden House Crowther Way,,Cowes,Isle of Wight,PO31 7PJ,UK,EMEA,Bennett,Helen,Small,1.383293802423569,-2.5421339048279714
10328,-1.138925168473156,-0.1233741878201195,5,-0.871993045440328,12/11/2004,Shipped,4,11,2004,Vintage Cars,-0.8142086879364528,S32_4289,Rovelli Gifts,035-640555,Via Ludovico il Moro 22,,Bergamo,CA,24100,Italy,EMEA,Rovelli,Giovanni,Small,0.1405139676482684,-1.0125070130885963
10340,0.40116061338843767,-1.2145607461445547,3,-0.6769605053463993,24/11/2004,Shipped,4,11,2004,Vintage Cars,-0.8142086879364528,S32_4289,Enaco Distributors,(93) 203 4555,"Rambla de Catalu¤a, 23",,Barcelona,CA,8022,Spain,EMEA,Saavedra,Eduardo,Small,-0.4872339339208681,-0.18972657142553118
10353,0.5038329988458772,-1.9408616584322862,7,-0.9630473285535642,04/12/2004,Shipped,4,12,2004,Vintage Cars,-0.8142086879364528,S32_4289,Gift Ideas Corp.,2035554407,2440 Pompton St.,,Glendale,CT,97561,USA,EMEA,Lewis,Dan,Small,-0.9778701497129213,0.014822821159357069
10361,1.4278844679628335,-0.5616335778968123,2,-0.005277690393778382,17/12/2004,Shipped,4,12,2004,Vintage Cars,-0.8142086879364528,S32_4289,Souveniers And Things Co.,+61 2 9495 8555,"Monitor Money Building, 815 Pacific Hwy",Level 6,Chatswood,NSW,2067,Australia,APAC,Huxley,Adrian,Medium,-0.8019478625652525,0.7966701721714742
10375,0.9145225406756355,-0.06933541687174885,4,0.03559573452233147,03/02/2005,Shipped,1,2,2005,Vintage Cars,-0.8142086879364528,S32_4289,La Rochelle Gifts,40.67.8555,"67, rue des Cinquante Otages",,Nantes,CA,44000,France,EMEA,Labrune,Janine,Medium,-0.06340880159635609,0.09900453611868756
10388,-0.009528928441320661,0.8101579745265006,8,0.19823688633080833,03/03/2005,Shipped,1,3,2005,Vintage Cars,-0.8142086879364528,S32_4289,FunGiftIdeas.com,5085552555,1785 First Street,,New Bedford,MA,50553,USA,EMEA,Benitez,Violeta,Medium,-0.007719937365428311,0.20595682369623663
10398,-1.344269939388035,-0.8055516999756956,4,-1.1245318390033152,30/03/2005,Shipped,1,3,2005,Vintage Cars,-0.8142086879364528,S32_4289,Reims Collectables,26.47.1555,59 rue de l'Abbaye,,Reims,CA,51100,France,EMEA,Henriot,Paul,Small,1.082878934900257,-2.207410773903572
10401,2.762625478909548,-0.2939185658590134,6,0.6871269246757383,03/04/2005,On Hold,2,4,2005,Vintage Cars,-0.8142086879364528,S32_4289,Tekni Collectables Inc.,2015559350,7476 Moss Rd.,,Newark,NJ,94019,USA,EMEA,Brown,William,Medium,-0.8119869187666643,1.4991138434424025
10416,-0.9335803975582768,-1.1124324267375425,7,-1.0655051180204382,10/05/2005,Shipped,2,5,2005,Vintage Cars,-0.8142086879364528,S32_4289,L'ordine Souveniers,0522-556555,Strada Provinciale 124,,Reggio Emilia,CA,42100,Italy,EMEA,Moroni,Maurizio,Small,1.0385451072103535,-2.1040502252307918
10108,-0.42021847027107895,0.8101579745265006,16,0.06293156832433726,03/03/2003,Shipped,1,3,2003,Motorcycles,0.03196674501340019,S32_4485,Cruz & Sons Co.,+63 2 555 3587,15 McCallum Street - NatWest Center #13-03,,Makati City,CA,1227 MM,Philippines,Japan,Cruz,Arnold,Medium,-0.34044334473344184,0.4033749130577791
10121,-1.0362527830157164,0.1527688894114614,3,-0.7522996706560987,07/05/2003,Shipped,2,5,2003,Motorcycles,0.03196674501340019,S32_4485,Reims Collectables,26.47.1555,59 rue de l'Abbaye,,Reims,CA,51100,France,EMEA,Henriot,Paul,Small,-0.1583071868108471,-0.5939924838452516
10135,-0.5228908557285186,0.3044740628995474,17,-0.4669404997591181,02/07/2003,Shipped,3,7,2003,Motorcycles,0.03196674501340019,S32_4485,Mini Gifts Distributors Ltd.,4155551450,5677 Strong St.,,San Rafael,CA,97562,USA,EMEA,Nelson,Valarie,Small,-0.15920670329668313,-0.307733796462435
10145,-0.8309080121008373,0.8101579745265006,4,-0.1642914411335744,25/08/2003,Shipped,3,8,2003,Motorcycles,0.03196674501340019,S32_4485,Toys4GrownUps.com,6265557265,78934 Hillside Dr.,,Pasadena,CA,90003,USA,EMEA,Young,Julie,Medium,-0.6731667521014554,0.508875310967881
10159,-1.2415975539305957,0.8101579745265006,12,-0.6552884130333668,10/10/2003,Shipped,4,10,2003,Motorcycles,0.03196674501340019,S32_4485,Corporate Gift Ideas Co.,6505551386,7734 Strong St.,,San Francisco,CA,,USA,EMEA,Brown,Julie,Small,-1.005890159469469,0.3506017464361021
10169,-0.11220131389876024,0.8101579745265006,12,0.199284922867119,04/11/2003,Shipped,4,11,2003,Motorcycles,0.03196674501340019,S32_4485,"Anna's Decorations, Ltd",02 9936 8555,201 Miller Street,Level 15,North Sydney,NSW,2060,Australia,APAC,O'Hara,Anna,Medium,-0.0909007892074317,0.2901857120745507
10180,-1.344269939388035,0.8101579745265006,7,-0.5643590254659084,11/11/2003,Shipped,4,11,2003,Motorcycles,0.03196674501340019,S32_4485,Daedalus Designs Imports,20.16.1555,"184, chausse de Tournai",,Lille,CA,59000,France,EMEA,Rance,Martine,Small,-1.0890710113114723,0.5247119858455639
10190,0.7091777697607564,0.10220049824876629,4,0.025169671570434024,19/11/2003,Shipped,4,11,2003,Motorcycles,0.03196674501340019,S32_4485,Euro Shopping Channel,(91) 555 94 44,"C/ Moralzarzal, 86",,Madrid,CA,28034,Spain,EMEA,Freyre,Diego,Medium,0.07247832141649817,-0.047308649846064144
10211,0.1958158424735585,0.8101579745265006,12,0.26398624582121083,15/01/2004,Shipped,1,1,2004,Motorcycles,0.03196674501340019,S32_4485,Auto Canal Petit,(1) 47.55.6555,"25, rue Lauriston",,Paris,CA,75016,France,EMEA,Perrier,Dominique,Medium,0.15864176631857846,0.10534447950263237
10224,-0.5228908557285186,0.8101579745265006,5,-0.11783029810418212,21/02/2004,Shipped,1,2,2004,Motorcycles,0.03196674501340019,S32_4485,Daedalus Designs Imports,20.16.1555,"184, chausse de Tournai",,Lille,CA,59000,France,EMEA,Rance,Martine,Medium,-0.42362419657544526,0.30579389847126315
10237,-0.8309080121008373,0.8101579745265006,5,-0.23906586136671296,05/04/2004,Shipped,2,4,2004,Motorcycles,0.03196674501340019,S32_4485,Vitachrome Inc.,2125551500,2678 Kingston Rd.,Suite 101,NYC,NY,10022,USA,EMEA,Frick,Michael,Medium,-0.6731667521014554,0.43410089073474245
10252,-1.0362527830157164,0.8101579745265006,9,-0.3920031722923563,26/05/2004,Shipped,2,5,2004,Motorcycles,0.03196674501340019,S32_4485,Auto Canal Petit,(1) 47.55.6555,"25, rue Lauriston",,Paris,CA,75016,France,EMEA,Perrier,Dominique,Small,-0.8395284557854622,0.4475252834931059
10264,-0.11220131389876024,0.7095169607419207,7,-0.12104500084768383,30/06/2004,Shipped,2,6,2004,Motorcycles,0.03196674501340019,S32_4485,Gifts4AllAges.com,6175559555,8616 Spinnaker Dr.,,Boston,MA,51003,USA,EMEA,Yoshido,Juri,Medium,-0.0796087352286986,-0.041436265618985224
10276,0.29848822793099805,0.8101579745265006,13,0.40767585611816626,02/08/2004,Shipped,3,8,2004,Motorcycles,0.03196674501340019,S32_4485,Online Mini Collectables,6175557555,7635 Spinnaker Dr.,,Brickhaven,MA,58339,USA,EMEA,Barajas,Miguel,Medium,0.24182261816058184,0.16585323795758442
10285,-0.9335803975582768,0.8101579745265006,4,-0.5178435800253082,27/08/2004,Shipped,3,8,2004,Motorcycles,0.03196674501340019,S32_4485,Marta's Replicas Co.,6175558555,39323 Spinnaker Dr.,,Cambridge,MA,51247,USA,EMEA,Hernandez,Marta,Small,-0.7563476039434588,0.23850402391815062
10299,0.29848822793099805,0.8101579745265006,7,0.4497710852864513,30/09/2004,Shipped,3,9,2004,Motorcycles,0.03196674501340019,S32_4485,"Toys of Finland, Co.",90-224 8555,Keskuskatu 45,,Helsinki,CA,21240,Finland,EMEA,Karttunen,Matti,Medium,0.24182261816058184,0.20794846712586948
10309,1.530556853420273,0.05163210708607118,3,0.3698596569530553,15/10/2004,Shipped,4,10,2004,Motorcycles,0.03196674501340019,S32_4485,Baane Mini Imports,07-98 9555,Erling Skakkes gate 78,,Stavern,CA,4110,Norway,EMEA,Bergulfsen,Jonas,Medium,0.07902587535711568,0.2908337815959396
10319,-1.344269939388035,0.8101579745265006,8,-0.5034317200907585,03/11/2004,Shipped,4,11,2004,Motorcycles,0.03196674501340019,S32_4485,Microscale Inc.,2125551957,5290 North Pendale Street,Suite 200,NYC,NY,10022,USA,EMEA,Kuo,Kee,Small,-1.0890710113114723,0.5856392912207138
10331,-0.3175460848136394,0.8101579745265006,4,0.7996958231095045,17/11/2004,Shipped,4,11,2004,Motorcycles,0.03196674501340019,S32_4485,Motor Mint Distributors Inc.,2155559857,11328 Douglas Av.,,Philadelphia,PA,71270,USA,EMEA,Hernandez,Rosa,Medium,-0.2572624928914385,1.056958316000943
10341,-0.42021847027107895,-0.6265792567430192,4,-0.734314712064076,24/11/2004,Shipped,4,11,2004,Motorcycles,0.03196674501340019,S32_4485,Salzburg Collectables,6562-9555,Geislweg 14,,Salzburg,CA,5020,Austria,EMEA,Pipps,Georg,Small,0.2633001767721411,-0.9976148888362171
10355,0.5038329988458772,0.8101579745265006,5,0.4197092704418143,07/12/2004,Shipped,4,12,2004,Motorcycles,0.03196674501340019,S32_4485,Euro Shopping Channel,(91) 555 94 44,"C/ Moralzarzal, 86",,Madrid,CA,28034,Spain,EMEA,Freyre,Diego,Medium,0.4081843218445886,0.011524948597225693
10365,-1.344269939388035,0.8101579745265006,3,-0.06989212948993782,07/01/2005,Shipped,1,1,2005,Motorcycles,0.03196674501340019,S32_4485,Mini Creations Ltd.,5085559555,4575 Hillside Dr.,,New Bedford,MA,50553,USA,EMEA,Tam,Wing C,Medium,-1.0890710113114723,1.0191788818215346
10375,0.6065053843033168,0.8101579745265006,15,0.6233867544000244,03/02/2005,Shipped,1,2,2005,Motorcycles,0.03196674501340019,S32_4485,La Rochelle Gifts,40.67.8555,"67, rue des Cinquante Otages",,Nantes,CA,44000,France,EMEA,Labrune,Janine,Medium,0.491365173686592,0.13202158071343245
10390,1.017194926133075,-1.7192531206898862,12,-0.7329680122661225,04/03/2005,Shipped,1,3,2005,Motorcycles,0.03196674501340019,S32_4485,Mini Gifts Distributors Ltd.,4155551450,5677 Strong St.,,San Rafael,CA,97562,USA,EMEA,Nelson,Valarie,Small,-1.7488155511042076,1.0158475388380852
10403,1.017194926133075,0.8101579745265006,5,0.888121869520283,08/04/2005,Shipped,2,4,2005,Motorcycles,0.03196674501340019,S32_4485,"UK Collectables, Ltd.",(171) 555-2282,Berkeley Gardens 12  Brewery,,Liverpool,CA,WX1 6LT,UK,EMEA,Devon,Elizabeth,Medium,0.8240885810546055,0.06403328846567757
10106,0.40116061338843767,-2.157016742225768,6,-1.0795531517998957,17/02/2003,Shipped,1,2,2003,Vintage Cars,-1.436396506281933,S50_1341,Rovelli Gifts,035-640555,Via Ludovico il Moro 22,,Bergamo,CA,24100,Italy,EMEA,Rovelli,Giovanni,Small,-0.8653101594004187,-0.21424299239947708
10120,1.4278844679628335,-1.6379470799969251,12,-0.582941310581217,29/04/2003,Shipped,2,4,2003,Vintage Cars,-1.436396506281933,S50_1341,"Australian Collectors, Co.",03 9520 4555,636 St Kilda Road,Level 3,Melbourne,Victoria,3004,Australia,APAC,Ferguson,Peter,Small,-2.3387991948726863,1.7558578842914692
10133,-0.8309080121008373,-1.6592651272517869,7,-1.1939791926969685,27/06/2003,Shipped,2,6,2003,Vintage Cars,-1.436396506281933,S50_1341,Euro Shopping Channel,(91) 555 94 44,"C/ Moralzarzal, 86",,Madrid,CA,28034,Spain,EMEA,Freyre,Diego,Small,1.3786966884330252,-2.5726758811299937
10143,-0.11220131389876024,-2.330039962968716,1,-1.2530004834387245,10/08/2003,Shipped,3,8,2003,Vintage Cars,-1.436396506281933,S50_1341,Mini Creations Ltd.,5085559555,4575 Hillside Dr.,,New Bedford,MA,50553,USA,EMEA,Tam,Wing C,Small,0.2614335452817086,-1.5144340287204332
10156,-1.5496147103029143,-2.1138848791752336,1,-1.484350476148429,08/10/2003,Shipped,4,10,2003,Vintage Cars,-1.436396506281933,S50_1341,Euro Shopping Channel,(91) 555 94 44,"C/ Moralzarzal, 86",,Madrid,CA,28034,Spain,EMEA,Freyre,Diego,Small,3.2757071046568407,-4.760057580805269
10168,1.325212082505394,-1.5730014011507183,13,-0.576283834967141,28/10/2003,Shipped,4,10,2003,Vintage Cars,-1.436396506281933,S50_1341,Technics Stores Inc.,6505556809,9408 Furth Circle,,Burlingame,CA,94217,USA,EMEA,Hirano,Juri,Small,-2.084560462602846,1.5082766276357051
10199,-0.6255632411859581,-2.2437762368676473,1,-1.3251358064871641,01/12/2003,Shipped,4,12,2003,Vintage Cars,-1.436396506281933,S50_1341,West Coast Collectables Co.,3105553722,3675 Furth Circle,,Burbank,CA,94019,USA,EMEA,Thompson,Steve,Small,1.4036239352309574,-2.7287597417181217
10210,0.8118501552181959,-2.1138848791752336,11,-0.9720289473673341,12/01/2004,Shipped,1,1,2004,Vintage Cars,-1.436396506281933,S50_1341,Osaka Souveniers Co.,+81 06 6342 5555,"Dojima Avanza 4F, 1-6-20 Dojima, Kita-ku",,Osaka,Osaka,530-0003,Japan,Japan,Kentary,Mory,Small,-1.7161577672718107,0.7441288199044765
10223,0.6065053843033168,-1.8541021637904072,13,-0.8999153452833778,20/02/2004,Shipped,1,2,2004,Vintage Cars,-1.436396506281933,S50_1341,"Australian Collectors, Co.",03 9520 4555,636 St Kilda Road,Level 3,Melbourne,Victoria,3004,Australia,APAC,Ferguson,Peter,Small,-1.124522945387312,0.2246076001039342
10235,0.6065053843033168,-2.3949856418149222,7,-1.142815460856981,02/04/2004,Shipped,2,4,2004,Vintage Cars,-1.436396506281933,S50_1341,"Royal Canadian Collectables, Ltd.",(604) 555-4555,23 Tsawassen Blvd.,,Tsawassen,BC,T2F 8M4,Canada,EMEA,Lincoln,Elizabeth,Small,-1.4525716870898853,0.30975622623290433
10250,0.09314345701611891,-1.5730014011507183,8,-0.9146747406496575,11/05/2004,Shipped,2,5,2004,Vintage Cars,-1.436396506281933,S50_1341,The Sharp Gifts Warehouse,4085553659,3086 Ingle Ln.,,San Jose,CA,94217,USA,EMEA,Frick,Sue,Small,-0.14651478839437676,-0.7681599522552807
10262,1.4278844679628335,-2.265094284122509,3,-0.9195348064527554,24/06/2004,Cancelled,2,6,2004,Vintage Cars,-1.436396506281933,S50_1341,Euro Shopping Channel,(91) 555 94 44,"C/ Moralzarzal, 86",,Madrid,CA,28034,Spain,EMEA,Freyre,Diego,Small,-3.234292946769924,2.314758140317169
10275,0.29848822793099805,-1.8972340268409411,13,-0.9932286087028587,23/07/2004,Shipped,3,7,2004,Vintage Cars,-1.436396506281933,S50_1341,La Rochelle Gifts,40.67.8555,"67, rue des Cinquante Otages",,Nantes,CA,44000,France,EMEA,Labrune,Janine,Small,-0.5663020226421441,-0.42692658606071454
10284,-0.21487369935619982,-1.5730014011507183,5,-0.9992724670702866,21/08/2004,Shipped,3,8,2004,Vintage Cars,-1.436396506281933,S50_1341,"Norway Gifts By Mail, Co.",+47 2212 1555,"Drammensveien 126 A, PB 744 Sentrum",,Oslo,CA,N 0106,Norway,EMEA,Klaeboe,Jan,Small,0.3379966301577405,-1.337269097228027
10296,-0.9335803975582768,-1.7460246218936661,1,-1.245941169981711,15/09/2004,Shipped,3,9,2004,Vintage Cars,-1.436396506281933,S50_1341,"Bavarian Collectables Imports, Co.",+49 89 61 08 9555,Hansastr. 15,,Munich,CA,80686,Germany,EMEA,Donnermeyer,Michael,Small,1.6300543606540288,-2.8759955306357394
10308,1.2225396970479543,-1.9839935214828204,11,-0.8160615618962956,15/10/2004,Shipped,4,10,2004,Vintage Cars,-1.436396506281933,S50_1341,Mini Classics,9145554562,3758 North Pendale Street,,White Plains,NY,24067,USA,EMEA,Frick,Steve,Small,-2.4255108386987114,1.6094492768024158
10316,-0.11220131389876024,-1.7891564849442003,3,-1.0515711193045172,01/11/2004,Shipped,4,11,2004,Vintage Cars,-1.436396506281933,S50_1341,giftsbymail.co.uk,(198) 555-8888,Garden House Crowther Way,,Cowes,Isle of Wight,PO31 7PJ,UK,EMEA,Bennett,Helen,Small,0.20074570838122674,-1.252316827685744
10328,-0.11220131389876024,-1.5730014011507183,7,-0.971073224930077,12/11/2004,Shipped,4,11,2004,Vintage Cars,-1.436396506281933,S50_1341,Rovelli Gifts,035-640555,Via Ludovico il Moro 22,,Bergamo,CA,24100,Italy,EMEA,Rovelli,Giovanni,Small,0.17649282397370142,-1.1475660489037784
10340,0.5038329988458772,-1.6379470799969251,4,-0.830332235561705,24/11/2004,Shipped,4,11,2004,Vintage Cars,-1.436396506281933,S50_1341,Enaco Distributors,(93) 203 4555,"Rambla de Catalu¤a, 23",,Barcelona,CA,8022,Spain,EMEA,Saavedra,Eduardo,Small,-0.8252517892656986,-0.005080446296006347
10353,0.5038329988458772,-0.0718142595758031,8,-0.14416696753996433,04/12/2004,Shipped,4,12,2004,Vintage Cars,-1.436396506281933,S50_1341,Gift Ideas Corp.,2035554407,2440 Pompton St.,,Glendale,CT,97561,USA,EMEA,Lewis,Dan,Medium,-0.03618239376197313,-0.1079845737779912
10361,-0.21487369935619982,-0.052975055024994576,3,-0.449851530952024,17/12/2004,Shipped,4,12,2004,Vintage Cars,-1.436396506281933,S50_1341,Souveniers And Things Co.,+61 2 9495 8555,"Monitor Money Building, 815 Pacific Hwy",Level 6,Chatswood,NSW,2067,Australia,APAC,Huxley,Adrian,Small,0.011382946046818826,-0.46123447699884285
10375,1.4278844679628335,-0.8853704350462245,5,-0.17902911553537107,03/02/2005,Shipped,1,2,2005,Vintage Cars,-1.436396506281933,S50_1341,La Rochelle Gifts,40.67.8555,"67, rue des Cinquante Otages",,Nantes,CA,44000,France,EMEA,Labrune,Janine,Medium,-1.2642066925960007,1.0851775770606296
10388,-0.8309080121008373,0.8101579745265006,1,-0.18599068465221066,03/03/2005,Shipped,1,3,2005,Vintage Cars,-1.436396506281933,S50_1341,FunGiftIdeas.com,5085552555,1785 First Street,,New Bedford,MA,50553,USA,EMEA,Benitez,Violeta,Medium,-0.6731667521014554,0.4871760674492447
10398,1.4278844679628335,-2.330039962968716,5,-0.9543915242070412,30/03/2005,Shipped,1,3,2005,Vintage Cars,-1.436396506281933,S50_1341,Reims Collectables,26.47.1555,59 rue de l'Abbaye,,Reims,CA,51100,France,EMEA,Henriot,Paul,Small,-3.3270278728557257,2.3726363486486846
10401,2.1465911661649106,-2.3949856418149222,7,-0.8548769254276299,03/04/2005,On Hold,2,4,2005,Vintage Cars,-1.436396506281933,S50_1341,Tekni Collectables Inc.,2015559350,7476 Moss Rd.,,Newark,NJ,94019,USA,EMEA,Brown,William,Small,-5.141055021811711,4.286178096384082
10416,0.1958158424735585,-1.5730014011507183,8,-0.8864754985094477,10/05/2005,Shipped,2,5,2005,Vintage Cars,-1.436396506281933,S50_1341,L'ordine Souveniers,0522-556555,Strada Provinciale 124,,Reggio Emilia,CA,42100,Italy,EMEA,Moroni,Maurizio,Small,-0.30801859457841585,-0.5784569039310319
10104,-0.21487369935619982,0.8101579745265006,7,0.08218720333862234,31/01/2003,Shipped,1,1,2003,Trucks and Buses,0.3555044105530499,S50_1392,Euro Shopping Channel,(91) 555 94 44,"C/ Moralzarzal, 86",,Madrid,CA,28034,Spain,EMEA,Freyre,Diego,Medium,-0.17408164104943508,0.2562688443880574
10115,-0.8309080121008373,0.8101579745265006,3,-0.3855357551175076,04/04/2003,Shipped,2,4,2003,Trucks and Buses,0.3555044105530499,S50_1392,Classic Legends Inc.,2125558493,5905 Pompton St.,Suite 750,NYC,NY,10022,USA,EMEA,Hernandez,Maria,Small,-0.6731667521014554,0.2876309969839478
10127,1.1198673115905147,0.8101579745265006,9,1.424097528623495,03/06/2003,Shipped,2,6,2003,Trucks and Buses,0.3555044105530499,S50_1392,Muscle Machine Inc,2125557413,4092 Furth Circle,Suite 400,NYC,NY,10022,USA,EMEA,Young,Jeff,Medium,0.9072694328966089,0.516828095726886
10141,0.9145225406756355,0.8101579745265006,3,1.0570240893410192,01/08/2003,Shipped,3,8,2003,Trucks and Buses,0.3555044105530499,S50_1392,Suominen Souveniers,+358 9 8045 555,"Software Engineering Center, SEC Oy",,Espoo,CA,FIN-02271,Finland,EMEA,Suominen,Kalle,Medium,0.7409077292126022,0.31611636012841704
10151,-0.9335803975582768,0.8101579745265006,1,-0.18125551439489074,21/09/2003,Shipped,3,9,2003,Trucks and Buses,0.3555044105530499,S50_1392,"Oulu Toy Supplies, Inc.",981-443655,Torikatu 38,,Oulu,CA,90110,Finland,EMEA,Koskitalo,Pirkko,Medium,-0.7563476039434588,0.575092089548568
10165,1.325212082505394,0.5583075557946456,10,0.5442572807880205,22/10/2003,Shipped,4,10,2003,Trucks and Buses,0.3555044105530499,S50_1392,"Dragon Souveniers, Ltd.",+65 221 7555,"Bronz Sok., Bronz Apt. 3/6 Tesvikiye",,Singapore,CA,79903,Singapore,Japan,Natividad,Eric,Medium,0.7398759186931188,-0.19561863790509826
10176,-1.2415975539305957,0.8101579745265006,9,-0.23838708122661548,06/11/2003,Shipped,4,11,2003,Trucks and Buses,0.3555044105530499,S50_1392,L'ordine Souveniers,0522-556555,Strada Provinciale 124,,Reggio Emilia,CA,42100,Italy,EMEA,Moroni,Maurizio,Medium,-1.005890159469469,0.7675030782428535
10184,1.017194926133075,0.8101579745265006,4,0.7571444536870734,14/11/2003,Shipped,4,11,2003,Trucks and Buses,0.3555044105530499,S50_1392,"Iberia Gift Imports, Corp.",(95) 555 82 82,"C/ Romero, 33",,Sevilla,CA,41101,Spain,EMEA,Roel,Jose Pedro,Medium,0.8240885810546055,-0.06694412736753208
10195,1.4278844679628335,0.8101579745265006,4,0.8727922988363217,25/11/2003,Shipped,4,11,2003,Trucks and Buses,0.3555044105530499,S50_1392,Mini Classics,9145554562,3758 North Pendale Street,,White Plains,NY,24067,USA,EMEA,Frick,Steve,Medium,1.1568119884226191,-0.2840196895862974
10207,-0.7282356266433977,0.5583075557946456,5,-0.48661969358082413,09/12/2003,Shipped,4,12,2003,Trucks and Buses,0.3555044105530499,S50_1392,Diecast Collectables,6175552555,6251 Ingle Ln.,,Boston,MA,51003,USA,EMEA,Franco,Valarie,Small,-0.4065794527538575,-0.08004024082696665
10220,0.1958158424735585,0.8101579745265006,9,0.2330447319150073,12/02/2004,Shipped,1,2,2004,Trucks and Buses,0.3555044105530499,S50_1392,"Clover Collections, Co.",+353 1862 1555,25 Maiden Lane,Floor No. 4,Dublin,CA,2,Ireland,EMEA,Cassidy,Dean,Medium,0.15864176631857846,0.07440296559642884
10230,-0.11220131389876024,0.8101579745265006,7,0.22864080636605477,15/03/2004,Shipped,1,3,2004,Trucks and Buses,0.3555044105530499,S50_1392,"Blauer See Auto, Co.",+49 69 66 90 2555,Lyonerstr. 34,,Frankfurt,CA,60528,Germany,EMEA,Keitel,Roland,Medium,-0.0909007892074317,0.3195415955734865
10246,-1.344269939388035,0.8101579745265006,3,-0.339644787405797,05/05/2004,Shipped,2,5,2004,Trucks and Buses,0.3555044105530499,S50_1392,Euro Shopping Channel,(91) 555 94 44,"C/ Moralzarzal, 86",,Madrid,CA,28034,Spain,EMEA,Freyre,Diego,Small,-1.0890710113114723,0.7494262239056753
10259,-0.6255632411859581,0.8101579745265006,2,-0.2711422956671593,15/06/2004,Shipped,2,6,2004,Trucks and Buses,0.3555044105530499,S50_1392,Handji Gifts& Co,+65 224 1555,Village Close - 106 Linden Road Sandown,2nd Floor,Singapore,CA,69045,Singapore,APAC,Victorino,Wendy,Medium,-0.5068050484174486,0.23566275275028925
10271,-0.11220131389876024,0.7303392394559718,3,-0.1132906165272101,20/07/2004,Shipped,3,7,2004,Trucks and Buses,0.3555044105530499,S50_1392,Mini Gifts Distributors Ltd.,4155551450,5677 Strong St.,,San Rafael,CA,97562,USA,EMEA,Nelson,Valarie,Medium,-0.08194502225878131,-0.0313455942684288
10282,0.29848822793099805,0.8101579745265006,12,0.41097744271960035,20/08/2004,Shipped,3,8,2004,Trucks and Buses,0.3555044105530499,S50_1392,Mini Gifts Distributors Ltd.,4155551450,5677 Strong St.,,San Rafael,CA,97562,USA,EMEA,Nelson,Valarie,Medium,0.24182261816058184,0.1691548245590185
10292,0.6065053843033168,0.8101579745265006,6,0.7761177161630785,08/09/2004,Shipped,3,9,2004,Trucks and Buses,0.3555044105530499,S50_1392,Land of Toys Inc.,2125557818,897 Long Airport Avenue,,NYC,NY,10022,USA,EMEA,Yu,Kwai,Medium,0.491365173686592,0.28475254247648646
10305,0.7091777697607564,0.8101579745265006,3,0.578011659594788,13/10/2004,Shipped,4,10,2004,Trucks and Buses,0.3555044105530499,S50_1392,Marta's Replicas Co.,6175558555,39323 Spinnaker Dr.,,Cambridge,MA,51247,USA,EMEA,Hernandez,Marta,Medium,0.5745460255285955,0.003465634066192491
10314,-0.7282356266433977,0.8101579745265006,12,-0.08187124140237813,22/10/2004,Shipped,4,10,2004,Trucks and Buses,0.3555044105530499,S50_1392,Heintze Collectables,86 21 3555,Smagsloget 45,,Aaarhus,CA,8200,Denmark,EMEA,Ibsen,Palle,Medium,-0.589985900259452,0.5081146588570739
10325,0.29848822793099805,0.8101579745265006,4,0.8886757541146028,05/11/2004,Shipped,4,11,2004,Trucks and Buses,0.3555044105530499,S50_1392,Baane Mini Imports,07-98 9555,Erling Skakkes gate 78,,Stavern,CA,4110,Norway,EMEA,Bergulfsen,Jonas,Medium,0.24182261816058184,0.6468531359540209
10336,-1.2415975539305957,0.8101579745265006,8,-0.2238991979163747,20/11/2004,Shipped,4,11,2004,Trucks and Buses,0.3555044105530499,S50_1392,"La Corne D'abondance, Co.",(1) 42.34.2555,"265, boulevard Charonne",,Paris,CA,75012,France,EMEA,Bertrand,Marie,Medium,-1.005890159469469,0.7819909615530942
10350,-0.42021847027107895,-0.6077400521922106,8,-0.7279178880237972,02/12/2004,Shipped,4,12,2004,Trucks and Buses,0.3555044105530499,S50_1392,Euro Shopping Channel,(91) 555 94 44,"C/ Moralzarzal, 86",,Madrid,CA,28034,Spain,EMEA,Freyre,Diego,Small,0.25538359505467645,-0.9833014830784736
10359,1.1198673115905147,0.8101579745265006,2,0.7291787119150572,15/12/2004,Shipped,4,12,2004,Trucks and Buses,0.3555044105530499,S50_1392,Reims Collectables,26.47.1555,59 rue de l'Abbaye,,Reims,CA,51100,France,EMEA,Henriot,Paul,Medium,0.9072694328966089,-0.17809072098155165
10371,1.325212082505394,-1.3439563352961574,10,-0.45586280787272715,23/01/2005,Shipped,1,1,2005,Trucks and Buses,0.3555044105530499,S50_1392,Mini Gifts Distributors Ltd.,4155551450,5677 Strong St.,,San Rafael,CA,97562,USA,EMEA,Nelson,Valarie,Small,-1.7810271738941381,1.325164366021411
10383,-0.6255632411859581,0.8101579745265006,13,-0.2535048725068664,22/02/2005,Shipped,1,2,2005,Trucks and Buses,0.3555044105530499,S50_1392,Euro Shopping Channel,(91) 555 94 44,"C/ Moralzarzal, 86",,Madrid,CA,28034,Spain,EMEA,Freyre,Diego,Medium,-0.5068050484174486,0.2533001759105822
10395,1.1198673115905147,0.8101579745265006,4,1.1615670913982727,17/03/2005,Shipped,1,3,2005,Trucks and Buses,0.3555044105530499,S50_1392,Lyon Souveniers,+33 1 46 62 7555,27 rue du Colonel Pierre Avia,,Paris,CA,75508,France,EMEA,Da Cunha,Daniel,Medium,0.9072694328966089,0.25429765850166386
10412,-0.9335803975582768,0.8101579745265006,3,-0.0505170291709952,03/05/2005,Shipped,2,5,2005,Trucks and Buses,0.3555044105530499,S50_1392,Euro Shopping Channel,(91) 555 94 44,"C/ Moralzarzal, 86",,Madrid,CA,28034,Spain,EMEA,Freyre,Diego,Medium,-0.7563476039434588,0.7058305747724636
10425,-1.7549594812177935,0.8101579745265006,2,-0.900306322644074,31/05/2005,In Process,2,5,2005,Trucks and Buses,0.3555044105530499,S50_1392,La Rochelle Gifts,40.67.8555,"67, rue des Cinquante Otages",,Nantes,CA,44000,France,EMEA,Labrune,Janine,Small,-1.421794418679486,0.521488096035412
10104,-0.3175460848136394,-1.5045853425188365,2,-1.0034917644211325,31/01/2003,Shipped,1,1,2003,Trains,-1.063083815274645,S50_1514,Euro Shopping Channel,(91) 555 94 44,"C/ Moralzarzal, 86",,Madrid,CA,28034,Spain,EMEA,Freyre,Diego,Small,0.4777751847848451,-1.4812669492059776
10117,-1.4469423248454747,-1.7078504442512392,11,-1.3686809100346977,16/04/2003,Shipped,2,4,2003,Trains,-1.063083815274645,S50_1514,"Dragon Souveniers, Ltd.",+65 221 7555,"Bronz Sok., Bronz Apt. 3/6 Tesvikiye",,Singapore,CA,79903,Singapore,Japan,Natividad,Eric,Small,2.471161092293265,-3.8398420023279627
10127,1.1198673115905147,-0.720775279497059,4,-0.2032914328630153,03/06/2003,Shipped,2,6,2003,Trains,-1.063083815274645,S50_1514,Muscle Machine Inc,2125557413,4092 Furth Circle,Suite 400,NYC,NY,10022,USA,EMEA,Young,Jeff,Medium,-0.8071726745112733,0.603881241648258
10142,0.7091777697607564,-1.6790958688842164,14,-0.7942862950019685,08/08/2003,Shipped,3,8,2003,Trains,-1.063083815274645,S50_1514,Mini Gifts Distributors Ltd.,4155551450,5677 Strong St.,,San Rafael,CA,97562,USA,EMEA,Nelson,Valarie,Small,-1.190777463509808,0.3964911685078396
10153,-0.42021847027107895,-1.301320240786434,13,-0.9634220151908981,28/09/2003,Shipped,3,9,2003,Trains,-1.063083815274645,S50_1514,Euro Shopping Channel,(91) 555 94 44,"C/ Moralzarzal, 86",,Madrid,CA,28034,Spain,EMEA,Freyre,Diego,Small,0.5468388009160674,-1.5102608161069655
10165,0.29848822793099805,-0.8367851180467719,5,-0.5518477499236317,22/10/2003,Shipped,4,10,2003,Trains,-1.063083815274645,S50_1514,"Dragon Souveniers, Ltd.",+65 221 7555,"Bronz Sok., Bronz Apt. 3/6 Tesvikiye",,Singapore,CA,79903,Singapore,Japan,Natividad,Eric,Small,-0.24977050704481196,-0.30207724287881976
10176,0.29848822793099805,-0.9527949565964848,4,-0.6001334539696062,06/11/2003,Shipped,4,11,2003,Trains,-1.063083815274645,S50_1514,L'ordine Souveniers,0522-556555,Strada Provinciale 124,,Reggio Emilia,CA,42100,Italy,EMEA,Moroni,Maurizio,Small,-0.284398078176077,-0.31573537579352917
10185,-1.5496147103029143,-1.737100788159073,15,-1.4018108111125753,14/11/2003,Shipped,4,11,2003,Trains,-1.063083815274645,S50_1514,Mini Creations Ltd.,5085559555,4575 Hillside Dr.,,New Bedford,MA,50553,USA,EMEA,Tam,Wing C,Small,2.691836934610086,-4.093647745722661
10196,1.1198673115905147,-1.069300563687008,7,-0.37889457022679385,26/11/2003,Shipped,4,11,2003,Trains,-1.063083815274645,S50_1514,Super Scale Inc.,2035559545,567 North Pendale Street,,New Haven,CT,97823,USA,EMEA,Murphy,Leslie,Small,-1.1974747475383918,0.8185801773115979
10208,-0.5228908557285186,-0.8947900373216284,15,-0.8610130978941111,02/01/2004,Shipped,1,1,2004,Trains,-1.063083815274645,S50_1514,"Saveley & Henriot, Co.",78.32.5555,"2, rue du Commerce",,Lyon,CA,69004,France,EMEA,Saveley,Mary,Small,0.4678775283124594,-1.3288906262065705
10220,-0.5228908557285186,-0.7495298548640817,4,-0.8132812784424563,12/02/2004,Shipped,1,2,2004,Trains,-1.063083815274645,S50_1514,"Clover Collections, Co.",+353 1862 1555,25 Maiden Lane,Floor No. 4,Dublin,CA,2,Ireland,EMEA,Cassidy,Dean,Small,0.39192230720395205,-1.2052035856464083
10230,0.8118501552181959,-1.5625902617936929,2,-0.7123765379361253,15/03/2004,Shipped,1,3,2004,Trains,-1.063083815274645,S50_1514,"Blauer See Auto, Co.",+49 69 66 90 2555,Lyonerstr. 34,,Frankfurt,CA,60528,Germany,EMEA,Keitel,Roland,Small,-1.268589146579651,0.5562126086435257
10247,1.4278844679628335,-0.9820453005043183,4,-0.23091506944442228,05/05/2004,Shipped,2,5,2004,Trains,-1.063083815274645,S50_1514,Suominen Souveniers,+358 9 8045 555,"Software Engineering Center, SEC Oy",,Espoo,CA,FIN-02271,Finland,EMEA,Suominen,Kalle,Medium,-1.4022472314260095,1.1713321619815873
10272,0.8118501552181959,-1.3305705846942673,4,-0.6030983656215517,20/07/2004,Shipped,3,7,2004,Trains,-1.063083815274645,S50_1514,Diecast Classics Inc.,2155551555,7586 Pompton St.,,Allentown,PA,70267,USA,EMEA,Yu,Kyung,Small,-1.0802239357128065,0.4771255700912548
10282,0.1958158424735585,-0.8367851180467719,7,-0.5881109001281993,20/08/2004,Shipped,3,8,2004,Trains,-1.063083815274645,S50_1514,Mini Gifts Distributors Ltd.,4155551450,5677 Strong St.,,San Rafael,CA,97562,USA,EMEA,Nelson,Valarie,Small,-0.16385578285966473,-0.4242551172685346
10292,-0.009528928441320661,-1.4173300793361465,1,-0.8831956328724967,08/09/2004,Shipped,3,9,2004,Trains,-1.063083815274645,S50_1514,Land of Toys Inc.,2125557818,897 Long Airport Avenue,,NYC,NY,10022,USA,EMEA,Yu,Kwai,Small,0.013505636903725476,-0.8967012697762222
10306,-0.11220131389876024,-1.1560600583288874,15,-0.8158009103224981,14/10/2004,Shipped,4,10,2004,Trains,-1.063083815274645,S50_1514,"AV Stores, Co.",(171) 555-1555,Fauntleroy Circus,,Manchester,CA,EC2 5NT,UK,EMEA,Ashworth,Victoria,Small,0.12971145749037857,-0.9455123678128767
10314,0.29848822793099805,-1.0980551390540312,7,-0.6605937586083687,22/10/2004,Shipped,4,10,2004,Trains,-1.063083815274645,S50_1514,Heintze Collectables,86 21 3555,Smagsloget 45,,Aaarhus,CA,8200,Denmark,EMEA,Ibsen,Palle,Small,-0.3277565326267634,-0.33283722598160526
10325,0.9145225406756355,0.8101579745265006,7,1.291892878296989,05/11/2004,Shipped,4,11,2004,Trains,-1.063083815274645,S50_1514,Baane Mini Imports,07-98 9555,Erling Skakkes gate 78,,Stavern,CA,4110,Norway,EMEA,Bergulfsen,Jonas,Medium,0.7409077292126022,0.5509851490843868
10337,-1.4469423248454747,0.8101579745265006,6,-0.6826459677998556,21/11/2004,Shipped,4,11,2004,Trains,-1.063083815274645,S50_1514,Classic Legends Inc.,2125558493,5905 Pompton St.,Suite 750,NYC,NY,10022,USA,EMEA,Hernandez,Maria,Small,-1.1722518631534757,0.4896058953536201
10350,0.9145225406756355,0.8101579745265006,17,1.5948568909075378,02/12/2004,Shipped,4,12,2004,Trains,-1.063083815274645,S50_1514,Euro Shopping Channel,(91) 555 94 44,"C/ Moralzarzal, 86",,Madrid,CA,28034,Spain,EMEA,Freyre,Diego,Medium,0.7409077292126022,0.8539491616949356
10359,-1.0362527830157164,-0.9285022980967582,4,-1.0483835677666196,15/12/2004,Shipped,4,12,2004,Trains,-1.063083815274645,S50_1514,Reims Collectables,26.47.1555,59 rue de l'Abbaye,,Reims,CA,51100,France,EMEA,Henriot,Paul,Small,0.9621630904392541,-2.0105466582058735
10372,-1.138925168473156,-1.2433153215115775,9,-1.1663989980445277,26/01/2005,Shipped,1,1,2005,Trains,-1.063083815274645,S50_1514,"Tokyo Collectables, Ltd",+81 3 3584 0555,2-2-8 Roppongi,,Minato-ku,Tokyo,106-0032,Japan,Japan,Shimamura,Akiko,Small,1.4160431120178296,-2.5824421100623574
10383,0.29848822793099805,-1.169941577471588,10,-0.6905143871838656,22/02/2005,Shipped,1,2,2005,Trains,-1.063083815274645,S50_1514,Euro Shopping Channel,(91) 555 94 44,"C/ Moralzarzal, 86",,Madrid,CA,28034,Spain,EMEA,Freyre,Diego,Small,-0.34921378824229077,-0.34130059894157483
10395,1.017194926133075,0.8101579745265006,3,2.944907147632459,17/03/2005,Shipped,1,3,2005,Trains,-1.063083815274645,S50_1514,Lyon Souveniers,+33 1 46 62 7555,27 rue du Colonel Pierre Avia,,Paris,CA,75508,France,EMEA,Da Cunha,Daniel,Large,0.8240885810546055,2.1208185665778534
10413,1.6332292388777125,-0.9820453005043183,4,-0.16157089033206382,05/05/2005,Shipped,2,5,2005,Trains,-1.063083815274645,S50_1514,Gift Depot Inc.,2035552570,25593 South Bay Ln.,,Bridgewater,CT,97562,USA,EMEA,King,Julie,Medium,-1.6039050986861023,1.4423342083540385
10108,-0.11220131389876024,-0.03314431339256547,14,-0.3976180416112427,03/03/2003,Shipped,1,3,2003,Motorcycles,-0.49067102239680316,S50_4713,Cruz & Sons Co.,+63 2 555 3587,15 McCallum Street - NatWest Center #13-03,,Makati City,CA,1227 MM,Philippines,Japan,Cruz,Arnold,Small,0.003718835510918121,-0.4013368771221608
10121,0.9145225406756355,-0.4366999056125065,1,-0.1414518469795744,07/05/2003,Shipped,2,5,2003,Motorcycles,-0.49067102239680316,S50_4713,Reims Collectables,26.47.1555,59 rue de l'Abbaye,,Reims,CA,51100,France,EMEA,Henriot,Paul,Medium,-0.3993719071935597,0.2579200602139853
10135,0.9145225406756355,0.6118505582022054,15,0.36388639172019743,02/07/2003,Shipped,3,7,2003,Motorcycles,-0.49067102239680316,S50_4713,Mini Gifts Distributors Ltd.,4155551450,5677 Strong St.,,San Rafael,CA,97562,USA,EMEA,Nelson,Valarie,Medium,0.5595511270008866,-0.19566473528068917
10145,0.29848822793099805,-0.11395458554471559,2,-0.2509906708679455,25/08/2003,Shipped,3,8,2003,Motorcycles,-0.49067102239680316,S50_4713,Toys4GrownUps.com,6265557265,78934 Hillside Dr.,,Pasadena,CA,90003,USA,EMEA,Young,Julie,Medium,-0.03401410230385348,-0.21697656856409203
10159,-0.42021847027107895,-0.5978246813759964,10,-0.7245511385289137,10/10/2003,Shipped,4,10,2003,Motorcycles,-0.49067102239680316,S50_4713,Corporate Gift Ideas Co.,6505551386,7734 Strong St.,,San Francisco,CA,,USA,EMEA,Brown,Julie,Small,0.2512169730981164,-0.9757681116270301
10169,1.325212082505394,-0.1541118373503855,10,0.16970096924111042,04/11/2003,Shipped,4,11,2003,Motorcycles,-0.49067102239680316,S50_4713,"Anna's Decorations, Ltd",02 9936 8555,201 Miller Street,Level 15,North Sydney,NSW,2060,Australia,APAC,O'Hara,Anna,Medium,-0.2042308689138369,0.37393183815494735
10180,-1.4469423248454747,0.4908830342443853,5,-0.8629354032508672,11/11/2003,Shipped,4,11,2003,Motorcycles,-0.49067102239680316,S50_4713,Daedalus Designs Imports,20.16.1555,"184, chausse de Tournai",,Lille,CA,59000,France,EMEA,Rance,Martine,Small,-0.7102794387967716,-0.15265596445409557
10190,0.5038329988458772,-0.8397597292916364,2,-0.4806247073834832,19/11/2003,Shipped,4,11,2003,Motorcycles,-0.49067102239680316,S50_4713,Euro Shopping Channel,(91) 555 94 44,"C/ Moralzarzal, 86",,Madrid,CA,28034,Spain,EMEA,Freyre,Diego,Small,-0.4230986627190072,-0.05752604466447597
10211,0.5038329988458772,-0.1541118373503855,10,-0.18022376858194253,15/01/2004,Shipped,1,1,2004,Motorcycles,-0.49067102239680316,S50_4713,Auto Canal Petit,(1) 47.55.6555,"25, rue Lauriston",,Paris,CA,75016,France,EMEA,Perrier,Dominique,Medium,-0.07764662916989279,-0.10257713941204974
10224,1.530556853420273,-0.31573238165468576,3,0.1686692234281622,21/02/2004,Shipped,1,2,2004,Motorcycles,-0.49067102239680316,S50_4713,Daedalus Designs Imports,20.16.1555,"184, chausse de Tournai",,Lille,CA,59000,France,EMEA,Rance,Martine,Medium,-0.4832463605882845,0.6519155840164468
10237,-1.5496147103029143,-0.7594452256802967,3,-1.1876421013090184,05/04/2004,Shipped,2,4,2004,Motorcycles,-0.49067102239680316,S50_4713,Vitachrome Inc.,2125551500,2678 Kingston Rd.,Suite 101,NYC,NY,10022,USA,EMEA,Frick,Michael,Small,1.1768474933835045,-2.3644895946925226
10252,1.325212082505394,-0.5576674295703266,7,-0.04246941182999964,26/05/2004,Shipped,2,5,2004,Motorcycles,-0.49067102239680316,S50_4713,Auto Canal Petit,(1) 47.55.6555,"25, rue Lauriston",,Paris,CA,75016,France,EMEA,Perrier,Dominique,Medium,-0.7390276156863226,0.6965582038563229
10264,1.2225396970479543,0.2896010066752254,5,0.3543834697588327,30/06/2004,Shipped,2,6,2004,Motorcycles,-0.49067102239680316,S50_4713,Gifts4AllAges.com,6175559555,8616 Spinnaker Dr.,,Boston,MA,51003,USA,EMEA,Yoshido,Juri,Medium,0.3540487269655127,0.00033474279332001977
10276,-1.4469423248454747,-0.6384777017224766,11,-1.122707277986733,02/08/2004,Shipped,3,8,2004,Motorcycles,-0.49067102239680316,S50_4713,Online Mini Collectables,6175557555,7635 Spinnaker Dr.,,Brickhaven,MA,58339,USA,EMEA,Barajas,Miguel,Small,0.9238404100923159,-2.046547688079049
10285,0.40116061338843767,-0.23492210950253561,2,-0.25848440361462155,27/08/2004,Shipped,3,8,2004,Motorcycles,-0.49067102239680316,S50_4713,Marta's Replicas Co.,6175558555,39323 Spinnaker Dr.,,Cambridge,MA,51247,USA,EMEA,Hernandez,Marta,Medium,-0.09424149754654292,-0.16424290606807862
10299,0.9145225406756355,-0.1541118373503855,5,-0.005261399670416181,30/09/2004,Shipped,3,9,2004,Motorcycles,-0.49067102239680316,S50_4713,"Toys of Finland, Co.",90-224 8555,Keskuskatu 45,,Helsinki,CA,21240,Finland,EMEA,Karttunen,Matti,Medium,-0.14093874904186485,0.13567734937144865
10309,-0.7282356266433977,0.24894798632874524,1,-0.5814968664430896,15/10/2004,Shipped,4,10,2004,Motorcycles,-0.49067102239680316,S50_4713,Baane Mini Imports,07-98 9555,Erling Skakkes gate 78,,Stavern,CA,4110,Norway,EMEA,Bergulfsen,Jonas,Small,-0.1812927928257258,-0.4002040736173638
10319,1.017194926133075,-0.31573238165468576,6,-0.041182444684374625,03/11/2004,Shipped,4,11,2004,Motorcycles,-0.49067102239680316,S50_4713,Microscale Inc.,2125551957,5290 North Pendale Street,Suite 200,NYC,NY,10022,USA,EMEA,Kuo,Kee,Medium,-0.32116137663505795,0.27997893195068335
10331,-1.5496147103029143,0.8101579745265006,5,0.056426139461643,17/11/2004,Shipped,4,11,2004,Motorcycles,-0.49067102239680316,S50_4713,Motor Mint Distributors Inc.,2155559857,11328 Douglas Av.,,Philadelphia,PA,71270,USA,EMEA,Hernandez,Rosa,Medium,-1.2554327149954791,1.3118588544571221
10341,0.29848822793099805,0.8101579745265006,3,0.6127869237322621,24/11/2004,Shipped,4,11,2004,Motorcycles,-0.49067102239680316,S50_4713,Salzburg Collectables,6562-9555,Geislweg 14,,Salzburg,CA,5020,Austria,EMEA,Pipps,Georg,Medium,0.24182261816058184,0.37096430557168025
10356,-0.9335803975582768,0.8101579745265006,4,0.2084185884322705,09/12/2004,Shipped,4,12,2004,Motorcycles,-0.49067102239680316,S50_4713,Lyon Souveniers,+33 1 46 62 7555,27 rue du Colonel Pierre Avia,,Paris,CA,75508,France,EMEA,Da Cunha,Daniel,Medium,-0.7563476039434588,0.9647661923757294
10365,0.9145225406756355,0.8101579745265006,2,0.77675848461533,07/01/2005,Shipped,1,1,2005,Motorcycles,-0.49067102239680316,S50_4713,Mini Creations Ltd.,5085559555,4575 Hillside Dr.,,New Bedford,MA,50553,USA,EMEA,Tam,Wing C,Medium,0.7409077292126022,0.03585075540272786
10375,1.4278844679628335,0.8101579745265006,8,1.0060992881103459,03/02/2005,Shipped,1,2,2005,Motorcycles,-0.49067102239680316,S50_4713,La Rochelle Gifts,40.67.8555,"67, rue des Cinquante Otages",,Nantes,CA,44000,France,EMEA,Labrune,Janine,Medium,1.1568119884226191,-0.15071270031227324
10390,-1.344269939388035,0.8101579745265006,13,-0.034052538092790886,04/03/2005,Shipped,1,3,2005,Motorcycles,-0.49067102239680316,S50_4713,Mini Gifts Distributors Ltd.,4155551450,5677 Strong St.,,San Rafael,CA,97562,USA,EMEA,Nelson,Valarie,Medium,-1.0890710113114723,1.0550184732186814
10403,-0.42021847027107895,-0.7594452256802967,3,-0.7794291552955148,08/04/2005,Shipped,2,4,2005,Motorcycles,-0.49067102239680316,S50_4713,"UK Collectables, Ltd.",(171) 555-2282,Berkeley Gardens 12  Brewery,,Liverpool,CA,WX1 6LT,UK,EMEA,Devon,Elizabeth,Small,0.3191329109900486,-1.0985620662855635
10105,0.6065053843033168,-0.6439311556713947,5,-0.35645138367461077,11/02/2003,Shipped,1,2,2003,Ships,-0.8639837134040913,S700_1138,Danish Wholesale Imports,31 12 3555,Vinb'ltet 34,,Kobenhavn,CA,1734,Denmark,EMEA,Petersen,Jytte,Small,-0.3905477130353582,0.03409632936074741
10119,-1.0362527830157164,-0.34647003118495173,14,-0.8890059908717312,28/04/2003,Shipped,2,4,2003,Ships,-0.8639837134040913,S700_1138,Salzburg Collectables,6562-9555,Geislweg 14,,Salzburg,CA,5020,Austria,EMEA,Pipps,Georg,Small,0.3590305340469483,-1.2480365249186796
10129,-0.42021847027107895,-1.1729161887164525,5,-0.9198226092321568,12/06/2003,Shipped,2,6,2003,Ships,-0.8639837134040913,S700_1138,"Stylish Desk Decors, Co.",(171) 555-0297,35 King George,,London,CA,WX3 6FW,UK,EMEA,Brown,Ann,Small,0.4928810465786118,-1.4127036558107686
10142,0.6065053843033168,-0.9746087723921573,2,-0.5049521876045769,08/08/2003,Shipped,3,8,2003,Ships,-0.8639837134040913,S700_1138,Mini Gifts Distributors Ltd.,4155551450,5677 Strong St.,,San Rafael,CA,97562,USA,EMEA,Nelson,Valarie,Small,-0.5911054680450891,0.08615328044051218
10153,0.8118501552181959,-0.9413922801578377,1,-0.4198005765896283,28/09/2003,Shipped,3,9,2003,Ships,-0.8639837134040913,S700_1138,Euro Shopping Channel,(91) 555 94 44,"C/ Moralzarzal, 86",,Madrid,CA,28034,Spain,EMEA,Freyre,Diego,Small,-0.7642694687673519,0.3444688921777236
10167,0.8118501552181959,-0.4124072471127798,12,-0.1706556837271285,23/10/2003,Cancelled,4,10,2003,Ships,-0.8639837134040913,S700_1138,Scandinavian Gift Ideas,0695-34 6555,?kergatan 24,,Boras,CA,S-844 67,Sweden,EMEA,Larsson,Maria,Medium,-0.3348128875816192,0.1641572038544907
10177,-1.138925168473156,-0.3796865234192713,3,-0.9393714772669641,07/11/2003,Shipped,4,11,2003,Ships,-0.8639837134040913,S700_1138,CAF Imports,+34 913 728 555,"Merchants House, 27-30 Merchant's Quay",,Madrid,CA,28023,Spain,EMEA,Fernandez,Jesus,Small,0.43243453765228046,-1.3718060149192446
10185,-1.4469423248454747,-1.4703773132028957,3,-1.314058114600773,14/11/2003,Shipped,4,11,2003,Ships,-0.8639837134040913,S700_1138,Mini Creations Ltd.,5085559555,4575 Hillside Dr.,,New Bedford,MA,50553,USA,EMEA,Tam,Wing C,Small,2.1275511679658408,-3.441609282566614
10197,-1.2415975539305957,-0.9413922801578377,9,-1.122147963151293,26/11/2003,Shipped,4,11,2003,Ships,-0.8639837134040913,S700_1138,Enaco Distributors,(93) 203 4555,"Rambla de Catalu¤a, 23",,Barcelona,CA,8022,Spain,EMEA,Saavedra,Eduardo,Small,1.1688303523331174,-2.29097831548441
10208,0.29848822793099805,-0.44562373934709937,3,-0.38903826064041047,02/01/2004,Shipped,1,1,2004,Ships,-0.8639837134040913,S700_1138,"Saveley & Henriot, Co.",78.32.5555,"2, rue du Commerce",,Lyon,CA,69004,France,EMEA,Saveley,Mary,Small,-0.13301344028170067,-0.25602482035870977
10222,-0.42021847027107895,-1.0405459883199855,15,-0.874876503475462,19/02/2004,Shipped,1,2,2004,Ships,-0.8639837134040913,S700_1138,Collectable Mini Designs Co.,7605558146,361 Furth Circle,,San Diego,CA,91217,USA,EMEA,Thompson,Valarie,Small,0.43725664345853227,-1.3121331469339943
10233,0.09314345701611891,-0.6439311556713947,3,-0.5483289536773663,29/03/2004,Shipped,1,3,2004,Ships,-0.8639837134040913,S700_1138,Tekni Collectables Inc.,2015559350,7476 Moss Rd.,,Newark,NJ,94019,USA,EMEA,Brown,William,Small,-0.05997797391961833,-0.488350979757748
10248,0.09314345701611891,-0.6107146634370751,6,-0.5352312120940454,07/05/2004,Cancelled,2,5,2004,Ships,-0.8639837134040913,S700_1138,Land of Toys Inc.,2125557818,897 Long Airport Avenue,,NYC,NY,10022,USA,EMEA,Yu,Kwai,Small,-0.05688407500296474,-0.47834713709108073
10261,-0.11220131389876024,-1.073762480554305,4,-0.7851526294368167,17/06/2004,Shipped,2,6,2004,Ships,-0.8639837134040913,S700_1138,Quebec Home Shopping Network,(514) 555-8054,43 rue St. Laurent,,Montreal,Quebec,H1J 1C3,Canada,EMEA,Fresnisre,Jean,Small,0.12047756113338501,-0.9056301905702018
10273,-1.4469423248454747,-0.9081757879235182,7,-1.1847423525505218,21/07/2004,Shipped,3,7,2004,Ships,-0.8639837134040913,S700_1138,Petit Auto,(02) 5554 67,Rue Joseph-Bens 532,,Bruxelles,CA,B-1180,Belgium,EMEA,Dewey,Catherine,Small,1.3140779859464262,-2.498820338496948
10283,1.017194926133075,-0.24731632302280407,9,-0.007460647324331868,20/08/2004,Shipped,3,8,2004,Ships,-0.8639837134040913,S700_1138,"Royal Canadian Collectables, Ltd.",(604) 555-4555,23 Tsawassen Blvd.,,Tsawassen,BC,T2F 8M4,Canada,EMEA,Lincoln,Elizabeth,Medium,-0.2515689089286849,0.244108261604353
10295,-0.9335803975582768,-0.4124072471127798,4,-0.8661501059943688,10/09/2004,Shipped,3,9,2004,Ships,-0.8639837134040913,S700_1138,Gifts4AllAges.com,6175559555,8616 Spinnaker Dr.,,Boston,MA,51003,USA,EMEA,Yoshido,Juri,Small,0.3850153217154635,-1.2511654277098323
10306,1.530556853420273,-1.4703773132028957,3,-0.4636823550866502,14/10/2004,Shipped,4,10,2004,Ships,-0.8639837134040913,S700_1138,"AV Stores, Co.",(171) 555-1555,Fauntleroy Circus,,Manchester,CA,EC2 5NT,UK,EMEA,Ashworth,Victoria,Small,-2.2504960738363793,1.786813718749729
10315,0.6065053843033168,-1.073762480554305,2,-0.5494801647949716,29/10/2004,Shipped,4,10,2004,Ships,-0.8639837134040913,S700_1138,La Rochelle Gifts,40.67.8555,"67, rue des Cinquante Otages",,Nantes,CA,44000,France,EMEA,Labrune,Janine,Small,-0.6512427259190714,0.10176256112409976
10326,0.40116061338843767,-1.1729161887164525,1,-0.6591710354347244,09/11/2004,Shipped,4,11,2004,Ships,-0.8639837134040913,S700_1138,"Volvo Model Replicas, Co",0921-12 3555,Berguvsvgen  8,,Lule,CA,S-958 22,Sweden,EMEA,Berglund,Christina,Small,-0.4705277777187206,-0.18864325771600382
10339,-1.344269939388035,0.8101579745265006,5,-0.4004526274762897,23/11/2004,Shipped,4,11,2004,Ships,-0.8639837134040913,S700_1138,"Tokyo Collectables, Ltd",+81 3 3584 0555,2-2-8 Roppongi,,Minato-ku,Tokyo,106-0032,Japan,Japan,Shimamura,Akiko,Small,-1.0890710113114723,0.6886183838351827
10350,1.1198673115905147,-0.34647003118495173,11,-0.014699158738331355,02/12/2004,Shipped,4,12,2004,Ships,-0.8639837134040913,S700_1138,Euro Shopping Channel,(91) 555 94 44,"C/ Moralzarzal, 86",,Madrid,CA,28034,Spain,EMEA,Freyre,Diego,Medium,-0.3880004623697737,0.37330130363144237
10373,0.9145225406756355,0.8101579745265006,14,0.5832246910707368,31/01/2005,Shipped,1,1,2005,Ships,-0.8639837134040913,S700_1138,"Oulu Toy Supplies, Inc.",981-443655,Torikatu 38,,Oulu,CA,90110,Finland,EMEA,Koskitalo,Pirkko,Medium,0.7409077292126022,-0.15768303814186535
10385,-1.0362527830157164,-0.3132535389506322,1,-0.8799103369944249,28/02/2005,Shipped,1,2,2005,Ships,-0.8639837134040913,S700_1138,Mini Gifts Distributors Ltd.,4155551450,5677 Strong St.,,San Rafael,CA,97562,USA,EMEA,Nelson,Valarie,Small,0.32460985152711475,-1.2045201885215397
10396,0.40116061338843767,-0.8422385719956901,1,-0.5179141731598784,23/03/2005,Shipped,1,3,2005,Ships,-0.8639837134040913,S700_1138,Mini Gifts Distributors Ltd.,4155551450,5677 Strong St.,,San Rafael,CA,97562,USA,EMEA,Nelson,Valarie,Small,-0.33787294216119285,-0.18004123099868558
10414,0.1958158424735585,-0.6107146634370751,6,-0.496491871938402,06/05/2005,On Hold,2,5,2005,Ships,-0.8639837134040913,S700_1138,Gifts4AllAges.com,6175559555,8616 Spinnaker Dr.,,Boston,MA,51003,USA,EMEA,Yoshido,Juri,Small,-0.1195876063318866,-0.3769042656065154
10106,-0.42021847027107895,0.8101579745265006,7,-0.13082486510620844,17/02/2003,Shipped,1,2,2003,Planes,-0.2417958950586111,S700_1691,Rovelli Gifts,035-640555,Via Ludovico il Moro 22,,Bergamo,CA,24100,Italy,EMEA,Rovelli,Giovanni,Medium,-0.34044334473344184,0.2096184796272334
10120,1.2225396970479543,-0.0718142595758031,13,0.168327118237553,29/04/2003,Shipped,2,4,2003,Planes,-0.2417958950586111,S700_1691,"Australian Collectors, Co.",03 9520 4555,636 St Kilda Road,Level 3,Melbourne,Victoria,3004,Australia,APAC,Ferguson,Peter,Medium,-0.08779578314552548,0.25612290138307847
10133,-1.138925168473156,-0.2983804827263102,8,-0.9179980482155747,27/06/2003,Shipped,2,6,2003,Planes,-0.2417958950586111,S700_1691,Euro Shopping Channel,(91) 555 94 44,"C/ Moralzarzal, 86",,Madrid,CA,28034,Spain,EMEA,Freyre,Diego,Small,0.33983304155816446,-1.2578310897737393
10143,0.09314345701611891,0.8101579745265006,2,0.2129039675980348,10/08/2003,Shipped,3,8,2003,Planes,-0.2417958950586111,S700_1691,Mini Creations Ltd.,5085559555,4575 Hillside Dr.,,New Bedford,MA,50553,USA,EMEA,Tam,Wing C,Medium,0.07546091447657508,0.1374430531214597
10156,1.325212082505394,0.8101579745265006,2,0.760337435466092,08/10/2003,Shipped,4,10,2003,Planes,-0.2417958950586111,S700_1691,Euro Shopping Channel,(91) 555 94 44,"C/ Moralzarzal, 86",,Madrid,CA,28034,Spain,EMEA,Freyre,Diego,Medium,1.0736311365806157,-0.3132937011145237
10168,-0.7282356266433977,0.7432292215170513,14,-0.42990625531539967,28/10/2003,Shipped,4,10,2003,Planes,-0.2417958950586111,S700_1691,Technics Stores Inc.,6505556809,9408 Furth Circle,,Burlingame,CA,94217,USA,EMEA,Hirano,Juri,Small,-0.5412459978711545,0.1113397425557548
10199,1.325212082505394,-0.026699322362025386,2,0.2366884237070506,01/12/2003,Shipped,4,12,2003,Planes,-0.2417958950586111,S700_1691,West Coast Collectables Co.,3105553722,3675 Furth Circle,,Burbank,CA,94019,USA,EMEA,Thompson,Steve,Medium,-0.0353822645888625,0.2720706882959131
10210,-1.4469423248454747,-0.25326554551253316,12,-1.0341020336189686,12/01/2004,Shipped,1,1,2004,Planes,-0.2417958950586111,S700_1691,Osaka Souveniers Co.,+81 06 6342 5555,"Dojima Avanza 4F, 1-6-20 Dojima, Kita-ku",,Osaka,Osaka,530-0003,Japan,Japan,Kentary,Mory,Small,0.3664606372271621,-1.4005626708461307
10223,-1.0362527830157164,0.8101579745265006,14,-0.553417089607537,20/02/2004,Shipped,1,2,2004,Planes,-0.2417958950586111,S700_1691,"Australian Collectors, Co.",03 9520 4555,636 St Kilda Road,Level 3,Melbourne,Victoria,3004,Australia,APAC,Ferguson,Peter,Small,-0.8395284557854622,0.2861113661779252
10235,-1.0362527830157164,0.8101579745265006,8,-0.5287094925079887,02/04/2004,Shipped,2,4,2004,Planes,-0.2417958950586111,S700_1691,"Royal Canadian Collectables, Ltd.",(604) 555-4555,23 Tsawassen Blvd.,,Tsawassen,BC,T2F 8M4,Canada,EMEA,Lincoln,Elizabeth,Small,-0.8395284557854622,0.3108189632774735
10250,-0.42021847027107895,0.38082241818440143,9,-0.3922529633839122,11/05/2004,Shipped,2,5,2004,Planes,-0.2417958950586111,S700_1691,The Sharp Gifts Warehouse,4085553659,3086 Ingle Ln.,,San Jose,CA,94217,USA,EMEA,Frick,Sue,Small,-0.1600286140143823,-0.2322243493695299
10262,0.5038329988458772,0.018415614851751628,4,-0.10463481218068725,24/06/2004,Cancelled,2,6,2004,Planes,-0.2417958950586111,S700_1691,Euro Shopping Channel,(91) 555 94 44,"C/ Moralzarzal, 86",,Madrid,CA,28034,Spain,EMEA,Freyre,Diego,Medium,0.009278394456348697,-0.11391320663703594
10275,-0.3175460848136394,0.29009677521603644,14,-0.37445263298999576,23/07/2004,Shipped,3,7,2004,Planes,-0.2417958950586111,S700_1691,La Rochelle Gifts,40.67.8555,"67, rue des Cinquante Otages",,Nantes,CA,44000,France,EMEA,Labrune,Janine,Small,-0.09211909518691479,-0.28233353780308096
10284,-1.138925168473156,-0.026699322362025386,6,-0.8465795169950782,21/08/2004,Shipped,3,8,2004,Planes,-0.2417958950586111,S700_1691,"Norway Gifts By Mail, Co.",+47 2212 1555,"Drammensveien 126 A, PB 744 Sentrum",,Oslo,CA,N 0106,Norway,EMEA,Klaeboe,Jan,Small,0.030408530219288864,-0.8769880472143671
10296,0.7091777697607564,0.8101579745265006,2,0.4033099422570593,15/09/2004,Shipped,3,9,2004,Planes,-0.2417958950586111,S700_1691,"Bavarian Collectables Imports, Co.",+49 89 61 08 9555,Hansastr. 15,,Munich,CA,80686,Germany,EMEA,Donnermeyer,Michael,Medium,0.5745460255285955,-0.17123608327153617
10308,-1.4469423248454747,0.8101579745265006,12,-0.7216459595292966,15/10/2004,Shipped,4,10,2004,Planes,-0.2417958950586111,S700_1691,Mini Classics,9145554562,3758 North Pendale Street,,White Plains,NY,24067,USA,EMEA,Frick,Steve,Small,-1.1722518631534757,0.4506059036241792
10316,-0.11220131389876024,-0.0718142595758031,4,-0.41201904106355086,01/11/2004,Shipped,4,11,2004,Planes,-0.2417958950586111,S700_1691,giftsbymail.co.uk,(198) 555-8888,Garden House Crowther Way,,Cowes,Isle of Wight,PO31 7PJ,UK,EMEA,Bennett,Helen,Small,0.008057654281071733,-0.4200766953446226
10328,-0.8309080121008373,0.8101579745265006,8,-0.4299605577266074,12/11/2004,Shipped,4,11,2004,Planes,-0.2417958950586111,S700_1691,Rovelli Gifts,035-640555,Via Ludovico il Moro 22,,Bergamo,CA,24100,Italy,EMEA,Rovelli,Giovanni,Small,-0.6731667521014554,0.24320619437484797
10340,-0.5228908557285186,0.2449818380022587,5,-0.4864893677939255,24/11/2004,Shipped,4,11,2004,Planes,-0.2417958950586111,S700_1691,Enaco Distributors,(93) 203 4555,"Rambla de Catalu¤a, 23",,Barcelona,CA,8022,Spain,EMEA,Saavedra,Eduardo,Small,-0.12809876291094635,-0.35839060488297914
10353,0.40116061338843767,0.8101579745265006,9,0.8090955704895741,04/12/2004,Shipped,4,12,2004,Planes,-0.2417958950586111,S700_1691,Gift Ideas Corp.,2035554407,2440 Pompton St.,,Glendale,CT,97561,USA,EMEA,Lewis,Dan,Medium,0.3250034700025852,0.4840921004869889
10361,-1.5496147103029143,-1.1461446875126728,4,-1.2723538627931839,17/12/2004,Shipped,4,12,2004,Planes,-0.2417958950586111,S700_1691,Souveniers And Things Co.,+61 2 9495 8555,"Monitor Money Building, 815 Pacific Hwy",Level 6,Chatswood,NSW,2067,Australia,APAC,Huxley,Adrian,Small,1.7760826679051749,-3.0484365306983587
10375,0.1958158424735585,-0.08867038996336768,6,-0.2849242476316986,03/02/2005,Shipped,1,2,2005,Planes,-0.2417958950586111,S700_1691,La Rochelle Gifts,40.67.8555,"67, rue des Cinquante Otages",,Nantes,CA,44000,France,EMEA,Labrune,Janine,Medium,-0.017363067113135806,-0.2675611805185628
10388,1.1198673115905147,0.8101579745265006,2,3.536559068947027,03/03/2005,Shipped,1,3,2005,Planes,-0.2417958950586111,S700_1691,FunGiftIdeas.com,5085552555,1785 First Street,,New Bedford,MA,50553,USA,EMEA,Benitez,Violeta,Large,0.9072694328966089,2.6292896360504185
10398,1.2225396970479543,0.19986690078848168,6,0.3081884085443588,30/03/2005,Shipped,1,3,2005,Planes,-0.2417958950586111,S700_1691,Reims Collectables,26.47.1555,59 rue de l'Abbaye,,Reims,CA,51100,France,EMEA,Henriot,Paul,Medium,0.24434522033986394,0.06384318820449486
10401,-2.4736661794198707,0.8101579745265006,8,-1.313346753013951,03/04/2005,On Hold,2,4,2005,Planes,-0.2417958950586111,S700_1691,Tekni Collectables Inc.,2015559350,7476 Moss Rd.,,Newark,NJ,94019,USA,EMEA,Brown,William,Small,-2.0040603815735096,0.6907136285595585
10416,-1.2415975539305957,0.38082241818440143,9,-0.7890515425615365,10/05/2005,Shipped,2,5,2005,Planes,-0.2417958950586111,S700_1691,L'ordine Souveniers,0522-556555,Strada Provinciale 124,,Reggio Emilia,CA,42100,Italy,EMEA,Moroni,Maurizio,Small,-0.4728281828996872,-0.31622335966184933
10105,-0.6255632411859581,-0.6697111197935529,12,-0.8251463552913603,11/02/2003,Shipped,1,2,2003,Ships,-0.36623345872770713,S700_1938,Danish Wholesale Imports,31 12 3555,Vinb'ltet 34,,Kobenhavn,CA,1734,Denmark,EMEA,Petersen,Jytte,Small,0.4189466587563324,-1.2440930140476927
10117,0.29848822793099805,-0.19724370040091926,6,-0.2856573301830038,16/04/2003,Shipped,2,4,2003,Ships,-0.36623345872770713,S700_1938,"Dragon Souveniers, Ltd.",+65 221 7555,"Bronz Sok., Bronz Apt. 3/6 Tesvikiye",,Singapore,CA,79903,Singapore,Japan,Natividad,Eric,Medium,-0.05887492260322308,-0.22678240757978074
10128,-0.3175460848136394,0.6614274122832792,3,-0.24430061380714463,06/06/2003,Shipped,2,6,2003,Ships,-0.36623345872770713,S700_1938,Euro Shopping Channel,(91) 555 94 44,"C/ Moralzarzal, 86",,Madrid,CA,28034,Spain,EMEA,Freyre,Diego,Medium,-0.2100336851589722,-0.034266928648172434
10142,0.8118501552181959,0.017424077770130348,9,0.03178913549666468,08/08/2003,Shipped,3,8,2003,Ships,-0.36623345872770713,S700_1938,Mini Gifts Distributors Ltd.,4155551450,5677 Strong St.,,San Rafael,CA,97562,USA,EMEA,Nelson,Valarie,Medium,0.01414574024221424,0.01764339525445044
10153,-0.42021847027107895,0.18945576143145648,8,-0.4572312286351637,28/09/2003,Shipped,3,9,2003,Ships,-0.36623345872770713,S700_1938,Euro Shopping Channel,(91) 555 94 44,"C/ Moralzarzal, 86",,Madrid,CA,28034,Spain,EMEA,Freyre,Diego,Small,-0.07961281025276912,-0.37761841838239457
10166,-0.6255632411859581,0.8101579745265006,3,-0.29318907461752564,21/10/2003,Shipped,4,10,2003,Ships,-0.36623345872770713,S700_1938,FunGiftIdeas.com,5085552555,1785 First Street,,New Bedford,MA,50553,USA,EMEA,Benitez,Violeta,Medium,-0.5068050484174486,0.21361597379992292
10177,-0.42021847027107895,0.23209185594117995,10,-0.4427542058071647,07/11/2003,Shipped,4,11,2003,Ships,-0.36623345872770713,S700_1938,CAF Imports,+34 913 728 555,"Merchants House, 27-30 Merchant's Quay",,Madrid,CA,28023,Spain,EMEA,Fernandez,Jesus,Small,-0.09752928466597827,-0.3452249211411864
10185,-0.5228908557285186,0.5325275916724874,10,-0.3920031722923563,14/11/2003,Shipped,4,11,2003,Ships,-0.36623345872770713,S700_1938,Mini Creations Ltd.,5085559555,4575 Hillside Dr.,,New Bedford,MA,50553,USA,EMEA,Tam,Wing C,Small,-0.27845380810867404,-0.11354936418368228
10196,1.530556853420273,0.5325275916724874,2,0.6332263513108776,26/11/2003,Shipped,4,11,2003,Ships,-0.36623345872770713,S700_1938,Super Scale Inc.,2035559545,567 North Pendale Street,,New Haven,CT,97823,USA,EMEA,Murphy,Leslie,Medium,0.8150637550697183,-0.18183740375884072
10208,0.5038329988458772,-0.1541118373503855,10,-0.18022376858194253,02/01/2004,Shipped,1,1,2004,Ships,-0.36623345872770713,S700_1938,"Saveley & Henriot, Co.",78.32.5555,"2, rue du Commerce",,Lyon,CA,69004,France,EMEA,Saveley,Mary,Medium,-0.07764662916989279,-0.10257713941204974
10221,-1.2415975539305957,0.6614274122832792,4,-0.7183606636512246,18/02/2004,Shipped,1,2,2004,Ships,-0.36623345872770713,S700_1938,Petit Auto,(02) 5554 67,Rue Joseph-Bens 532,,Bruxelles,CA,B-1180,Belgium,EMEA,Dewey,Catherine,Small,-0.821226657193563,0.10286599354233839
10232,-0.9335803975582768,0.23209185594117995,7,-0.6826079561120101,20/03/2004,Shipped,1,3,2004,Ships,-0.36623345872770713,S700_1938,giftsbymail.co.uk,(198) 555-8888,Garden House Crowther Way,,Cowes,Isle of Wight,PO31 7PJ,UK,EMEA,Bennett,Helen,Small,-0.2166764071396051,-0.46593154897240496
10248,0.5038329988458772,0.8101579745265006,13,0.327612381033388,07/05/2004,Cancelled,2,5,2004,Ships,-0.36623345872770713,S700_1938,Land of Toys Inc.,2125557818,897 Long Airport Avenue,,NYC,NY,10022,USA,EMEA,Yu,Kwai,Medium,0.4081843218445886,-0.08057194081120056
10273,-1.4469423248454747,0.8101579745265006,14,-0.7644091083554378,21/07/2004,Shipped,3,7,2004,Ships,-0.36623345872770713,S700_1938,Petit Auto,(02) 5554 67,Rue Joseph-Bens 532,,Bruxelles,CA,B-1180,Belgium,EMEA,Dewey,Catherine,Small,-1.1722518631534757,0.4078427547980379
10282,0.8118501552181959,0.14632389838092202,2,0.09249923122698339,20/08/2004,Shipped,3,8,2004,Ships,-0.36623345872770713,S700_1938,Mini Gifts Distributors Ltd.,4155551450,5677 Strong St.,,San Rafael,CA,97562,USA,EMEA,Nelson,Valarie,Medium,0.11879307961268307,-0.026293848385699675
10293,-0.6255632411859581,-0.5834473936924847,5,-0.7977453585959052,09/09/2004,Shipped,3,9,2004,Ships,-0.36623345872770713,S700_1938,Amica Models & Co.,011-4988555,Via Monte Bianco 34,,Torino,CA,10100,Italy,EMEA,Accorti,Paolo,Small,0.3649832426597704,-1.1627286012556757
10306,0.29848822793099805,0.4041235396025061,10,-0.03535579596177785,14/10/2004,Shipped,4,10,2004,Ships,-0.36623345872770713,S700_1938,"AV Stores, Co.",(171) 555-1555,Fauntleroy Circus,,Manchester,CA,EC2 5NT,UK,EMEA,Ashworth,Victoria,Medium,0.12062611920115456,-0.15598191516293242
10314,-1.2415975539305957,-0.3687796155214351,2,-0.9778936077777763,22/10/2004,Shipped,4,10,2004,Ships,-0.36623345872770713,S700_1938,Heintze Collectables,86 21 3555,Smagsloget 45,,Aaarhus,CA,8200,Denmark,EMEA,Ibsen,Palle,Small,0.45787586857087936,-1.4357694763486557
10327,-1.5496147103029143,0.8101579745265006,7,-0.04598820807626498,10/11/2004,Resolved,4,11,2004,Ships,-0.36623345872770713,S700_1938,Danish Wholesale Imports,31 12 3555,Vinb'ltet 34,,Kobenhavn,CA,1734,Denmark,EMEA,Petersen,Jytte,Medium,-1.2554327149954791,1.2094445069192141
10337,0.09314345701611891,-0.6622745916813922,9,-0.555562034850245,21/11/2004,Shipped,4,11,2004,Ships,-0.36623345872770713,S700_1938,Classic Legends Inc.,2125558493,5905 Pompton St.,Suite 750,NYC,NY,10022,USA,EMEA,Hernandez,Maria,Small,-0.061686544963143464,-0.49387548988710156
10350,-0.7282356266433977,0.8101579745265006,4,-0.3418711862653167,02/12/2004,Shipped,4,12,2004,Ships,-0.36623345872770713,S700_1938,Euro Shopping Channel,(91) 555 94 44,"C/ Moralzarzal, 86",,Madrid,CA,28034,Spain,EMEA,Freyre,Diego,Small,-0.589985900259452,0.24811471399413526
10372,0.9145225406756355,0.8101579745265006,2,0.5120233694950715,26/01/2005,Shipped,1,1,2005,Ships,-0.36623345872770713,S700_1938,"Tokyo Collectables, Ltd",+81 3 3584 0555,2-2-8 Roppongi,,Minato-ku,Tokyo,106-0032,Japan,Japan,Shimamura,Akiko,Medium,0.7409077292126022,-0.22888435971753063
10384,1.4278844679628335,0.8101579745265006,1,1.5441167178749708,23/02/2005,Shipped,1,2,2005,Ships,-0.36623345872770713,S700_1938,Corporate Gift Ideas Co.,6505551386,7734 Strong St.,,San Francisco,CA,,USA,EMEA,Brown,Julie,Medium,1.1568119884226191,0.3873047294523517
10397,-0.3175460848136394,-0.1541118373503855,5,-0.5301485064049954,28/03/2005,Shipped,1,3,2005,Ships,-0.36623345872770713,S700_1938,Alpha Cognac,61.77.6555,1 rue Alsace-Lorraine,,Toulouse,CA,31000,France,EMEA,Roulet,Annette,Small,0.04893761057405131,-0.5790861169790468
10414,-0.11220131389876024,0.8101579745265006,13,-0.011006594776201212,06/05/2005,On Hold,2,5,2005,Ships,-0.36623345872770713,S700_1938,Gifts4AllAges.com,6175559555,8616 Spinnaker Dr.,,Boston,MA,51003,USA,EMEA,Yoshido,Juri,Medium,-0.0909007892074317,0.0798941944312305
10106,-0.5228908557285186,0.8101579745265006,16,-0.2044969463918283,17/02/2003,Shipped,1,2,2003,Ships,-0.26668340779243027,S700_2047,Rovelli Gifts,035-640555,Via Ludovico il Moro 22,,Bergamo,CA,24100,Italy,EMEA,Rovelli,Giovanni,Medium,-0.42362419657544526,0.21912725018361695
10119,-0.6255632411859581,0.519637609611408,7,-0.447359050277586,28/04/2003,Shipped,2,4,2003,Ships,-0.26668340779243027,S700_2047,Salzburg Collectables,6562-9555,Geislweg 14,,Salzburg,CA,5020,Austria,EMEA,Pipps,Georg,Small,-0.32506618731063597,-0.12229286296695002
10131,-1.344269939388035,0.11558624885065602,8,-0.9025653029503184,16/06/2003,Shipped,2,6,2003,Ships,-0.26668340779243027,S700_2047,Gift Ideas Corp.,2035554407,2440 Pompton St.,,Glendale,CT,97561,USA,EMEA,Lewis,Dan,Small,-0.1553791197365617,-0.7471861832137567
10143,-0.9335803975582768,0.8101579745265006,11,-0.5112078253757153,10/08/2003,Shipped,3,8,2003,Ships,-0.26668340779243027,S700_2047,Mini Creations Ltd.,5085559555,4575 Hillside Dr.,,New Bedford,MA,50553,USA,EMEA,Tam,Wing C,Small,-0.7563476039434588,0.2451397785677435
10155,-0.3175460848136394,0.38528433505169823,9,-0.3410892315439244,06/10/2003,Shipped,4,10,2003,Ships,-0.26668340779243027,S700_2047,"Toys of Finland, Co.",90-224 8555,Keskuskatu 45,,Helsinki,CA,21240,Finland,EMEA,Karttunen,Matti,Small,-0.12234553213569323,-0.21874369940823118
10167,-0.6255632411859581,0.8101579745265006,5,-0.3333457077056925,23/10/2003,Cancelled,4,10,2003,Ships,-0.26668340779243027,S700_2047,Scandinavian Gift Ideas,0695-34 6555,?kergatan 24,,Boras,CA,S-844 67,Sweden,EMEA,Larsson,Maria,Small,-0.5068050484174486,0.17345934071175606
10178,-0.11220131389876024,0.6544866527119287,8,-0.14153873083750707,08/11/2003,Shipped,4,11,2003,Ships,-0.26668340779243027,S700_2047,Alpha Cognac,61.77.6555,1 rue Alsace-Lorraine,,Toulouse,CA,31000,France,EMEA,Roulet,Annette,Medium,-0.07343426236348,-0.06810446847402707
10186,-1.138925168473156,0.7888399272716385,5,-0.6321935975466902,14/11/2003,Shipped,4,11,2003,Ships,-0.26668340779243027,S700_2047,"Double Decker Gift Stores, Ltd",(171) 555-7555,120 Hanover Sq.,,London,CA,WA1 1DP,UK,EMEA,Hardy,Thomas,Small,-0.8984296470662031,0.26623604951951285
10197,-1.138925168473156,0.34016939783792055,2,-0.7501384346900283,26/11/2003,Shipped,4,11,2003,Ships,-0.26668340779243027,S700_2047,Enaco Distributors,(93) 203 4555,"Rambla de Catalu¤a, 23",,Barcelona,CA,8022,Spain,EMEA,Saavedra,Eduardo,Small,-0.3874274887419657,-0.3627109459480626
10209,-0.21487369935619982,0.2504352919511768,4,-0.3401823812767544,09/01/2004,Shipped,1,1,2004,Ships,-0.26668340779243027,S700_2047,"Men 'R' US Retailers, Ltd.",2155554369,6047 Douglas Av.,,Los Angeles,CA,,USA,EMEA,Chandler,Michael,Small,-0.05381195763089929,-0.2863704236458551
10222,-0.9335803975582768,0.8101579745265006,8,-0.48565311066132544,19/02/2004,Shipped,1,2,2004,Ships,-0.26668340779243027,S700_2047,Collectable Mini Designs Co.,7605558146,361 Furth Circle,,San Diego,CA,91217,USA,EMEA,Thompson,Valarie,Small,-0.7563476039434588,0.27069449328213335
10249,0.5038329988458772,0.6093717154981517,4,0.15427908445809563,08/05/2004,Shipped,2,5,2004,Ships,-0.26668340779243027,S700_2047,Cambridge Collectables Co.,6175555555,4658 Baden Av.,,Cambridge,MA,51247,USA,EMEA,Tseng,Kyung,Medium,0.3070215788312905,-0.15274249437319487
10262,0.9145225406756355,0.519637609611408,13,0.31944529838773517,24/06/2004,Cancelled,2,6,2004,Ships,-0.26668340779243027,S700_2047,Euro Shopping Channel,(91) 555 94 44,"C/ Moralzarzal, 86",,Madrid,CA,28034,Spain,EMEA,Freyre,Diego,Medium,0.47522030697243894,-0.15577500858470378
10274,-1.138925168473156,0.34016939783792055,5,-0.7501384346900283,21/07/2004,Shipped,3,7,2004,Ships,-0.26668340779243027,S700_2047,Collectables For Less Inc.,6175558555,7825 Douglas Av.,,Brickhaven,MA,58339,USA,EMEA,Nelson,Allen,Small,-0.3874274887419657,-0.3627109459480626
10283,-1.5496147103029143,0.519637609611408,2,-0.9074416594767787,20/08/2004,Shipped,3,8,2004,Ships,-0.26668340779243027,S700_2047,"Royal Canadian Collectables, Ltd.",(604) 555-4555,23 Tsawassen Blvd.,,Tsawassen,BC,T2F 8M4,Canada,EMEA,Lincoln,Elizabeth,Small,-0.8052380838804809,-0.10220357559629778
10296,-0.11220131389876024,0.8101579745265006,11,-0.041285619265669475,15/09/2004,Shipped,3,9,2004,Ships,-0.26668340779243027,S700_2047,"Bavarian Collectables Imports, Co.",+49 89 61 08 9555,Hansastr. 15,,Munich,CA,80686,Germany,EMEA,Donnermeyer,Michael,Medium,-0.0909007892074317,0.04961516994176223
10307,-0.11220131389876024,0.6991058213848955,5,-0.12492219300792055,14/10/2004,Shipped,4,10,2004,Ships,-0.26668340779243027,S700_2047,"Classic Gift Ideas, Inc",2155554695,782 First Street,,Philadelphia,PA,71270,USA,EMEA,Cervantes,Francisca,Medium,-0.07844059171365728,-0.04648160129426328
10316,1.017194926133075,0.4750184409384413,13,0.3485731117595984,01/11/2004,Shipped,4,11,2004,Ships,-0.26668340779243027,S700_2047,giftsbymail.co.uk,(198) 555-8888,Garden House Crowther Way,,Cowes,Isle of Wight,PO31 7PJ,UK,EMEA,Bennett,Helen,Medium,0.48318634794222626,-0.13461323618262788
10328,0.6065053843033168,0.8101579745265006,9,0.3272757060838997,12/11/2004,Shipped,4,11,2004,Ships,-0.26668340779243027,S700_2047,Rovelli Gifts,035-640555,Via Ludovico il Moro 22,,Bergamo,CA,24100,Italy,EMEA,Rovelli,Giovanni,Medium,0.491365173686592,-0.16408946760269227
10339,2.043918780707471,-0.615176580304372,15,0.19812828150839282,23/11/2004,Shipped,4,11,2004,Ships,-0.26668340779243027,S700_2047,"Tokyo Collectables, Ltd",+81 3 3584 0555,2-2-8 Roppongi,,Minato-ku,Tokyo,106-0032,Japan,Japan,Shimamura,Akiko,Medium,-1.2573709659355035,1.4554992474438964
10352,-1.2415975539305957,0.8101579745265006,3,-0.6522909199346963,03/12/2004,Shipped,4,12,2004,Ships,-0.26668340779243027,S700_2047,Auto-Moto Classics Inc.,6175558428,16780 Pompton St.,,Brickhaven,MA,58339,USA,EMEA,Taylor,Leslie,Small,-1.005890159469469,0.35359923953477257
10361,-1.138925168473156,-1.8972340268409411,14,-1.3382987109639346,17/12/2004,Shipped,4,12,2004,Ships,-0.26668340779243027,S700_2047,Souveniers And Things Co.,+61 2 9495 8555,"Monitor Money Building, 815 Pacific Hwy",Level 6,Chatswood,NSW,2067,Australia,APAC,Huxley,Adrian,Small,2.160807583652823,-3.499106294616758
10373,-0.3175460848136394,0.03725481940255946,15,-0.4630741680811229,31/01/2005,Shipped,1,1,2005,Ships,-0.26668340779243027,S700_2047,"Oulu Toy Supplies, Inc.",981-443655,Torikatu 38,,Oulu,CA,90110,Finland,EMEA,Koskitalo,Pirkko,Small,-0.011830122041721965,-0.45124404603940094
10386,-0.6255632411859581,0.10418357241200955,13,-0.5793247699947777,01/03/2005,Resolved,1,3,2005,Ships,-0.26668340779243027,S700_2047,Euro Shopping Channel,(91) 555 94 44,"C/ Moralzarzal, 86",,Madrid,CA,28034,Spain,EMEA,Freyre,Diego,Small,-0.06517341323638866,-0.514151356758389
10398,0.09314345701611891,0.8101579745265006,7,0.19355058824357552,30/03/2005,Shipped,1,3,2005,Ships,-0.26668340779243027,S700_2047,Reims Collectables,26.47.1555,59 rue de l'Abbaye,,Reims,CA,51100,France,EMEA,Henriot,Paul,Medium,0.07546091447657508,0.11808967376700044
10400,1.1198673115905147,0.20532035473739976,5,0.26331832616335493,01/04/2005,Shipped,2,4,2005,Ships,-0.26668340779243027,S700_2047,The Sharp Gifts Warehouse,4085553659,3086 Ingle Ln.,,San Jose,CA,94217,USA,EMEA,Frick,Sue,Medium,0.22993155367458268,0.033386772488772254
10415,-0.3175460848136394,0.6093717154981517,4,-0.26254622397296484,09/05/2005,Disputed,2,5,2005,Ships,-0.26668340779243027,S700_2047,"Australian Collectables, Ltd",61-9-3844-6555,7 Allen Street,,Glen Waverly,Victoria,3150,Australia,APAC,Connery,Sean,Medium,-0.193503602452609,-0.06904262152035584
10106,-0.11220131389876024,0.8101579745265006,9,0.11380206714380271,17/02/2003,Shipped,1,2,2003,Planes,-0.04269579318805743,S700_2466,Rovelli Gifts,035-640555,Via Ludovico il Moro 22,,Bergamo,CA,24100,Italy,EMEA,Rovelli,Giovanni,Medium,-0.0909007892074317,0.20470285635123442
10120,-1.138925168473156,0.8101579745265006,15,-0.5262387327980338,29/04/2003,Shipped,2,4,2003,Planes,-0.04269579318805743,S700_2466,"Australian Collectors, Co.",03 9520 4555,636 St Kilda Road,Level 3,Melbourne,Victoria,3004,Australia,APAC,Ferguson,Peter,Small,-0.9227093076274656,0.3964705748294318
10131,0.5038329988458772,0.8101579745265006,1,0.4744461009392752,16/06/2003,Shipped,2,6,2003,Planes,-0.04269579318805743,S700_2466,Gift Ideas Corp.,2035554407,2440 Pompton St.,,Glendale,CT,97561,USA,EMEA,Lewis,Dan,Medium,0.4081843218445886,0.06626177909468661
10143,-0.9335803975582768,-0.04405122129040165,4,-0.7612487080231438,10/08/2003,Shipped,3,8,2003,Planes,-0.04269579318805743,S700_2466,Mini Creations Ltd.,5085559555,4575 Hillside Dr.,,New Bedford,MA,50553,USA,EMEA,Tam,Wing C,Small,0.0411253566852208,-0.8023740647083646
10155,-1.5496147103029143,0.8101579745265006,2,-0.6518945123328794,06/10/2003,Shipped,4,10,2003,Planes,-0.04269579318805743,S700_2466,"Toys of Finland, Co.",90-224 8555,Keskuskatu 45,,Helsinki,CA,21240,Finland,EMEA,Karttunen,Matti,Small,-1.2554327149954791,0.6035382026625997
10168,-0.42021847027107895,0.8101579745265006,16,-0.06651994975393352,28/10/2003,Shipped,4,10,2003,Planes,-0.04269579318805743,S700_2466,Technics Stores Inc.,6505556809,9408 Furth Circle,,Burlingame,CA,94217,USA,EMEA,Hirano,Juri,Medium,-0.34044334473344184,0.27392339497950835
10178,-1.344269939388035,0.20284151203334622,1,-0.8815394093306589,08/11/2003,Shipped,4,11,2003,Planes,-0.04269579318805743,S700_2466,Alpha Cognac,61.77.6555,1 rue Alsace-Lorraine,,Toulouse,CA,31000,France,EMEA,Roulet,Annette,Small,-0.2726737470864437,-0.6088656622442152
10198,0.7091777697607564,0.8101579745265006,1,0.6628537468658525,27/11/2003,Shipped,4,11,2003,Planes,-0.04269579318805743,S700_2466,Cruz & Sons Co.,+63 2 555 3587,15 McCallum Street - NatWest Center #13-03,,Makati City,CA,1227 MM,Philippines,Japan,Cruz,Arnold,Medium,0.5745460255285955,0.08830772133725706
10210,-0.9335803975582768,0.7962764553837999,14,-0.5219379818303764,12/01/2004,Shipped,1,1,2004,Planes,-0.04269579318805743,S700_2466,Osaka Souveniers Co.,+81 06 6342 5555,"Dojima Avanza 4F, 1-6-20 Dojima, Kita-ku",,Osaka,Osaka,530-0003,Japan,Japan,Kentary,Mory,Small,-0.7433880897835033,0.22145010795312692
10222,0.1958158424735585,0.20284151203334622,1,-0.16678392180801244,19/02/2004,Shipped,1,2,2004,Planes,-0.04269579318805743,S700_2466,Collectable Mini Designs Co.,7605558146,361 Furth Circle,,San Diego,CA,91217,USA,EMEA,Thompson,Valarie,Medium,0.03971958156742014,-0.20650350337543258
10235,0.29848822793099805,0.25241836611442003,10,-0.09849863971420593,02/04/2004,Shipped,2,4,2004,Planes,-0.04269579318805743,S700_2466,"Royal Canadian Collectables, Ltd.",(604) 555-4555,23 Tsawassen Blvd.,,Tsawassen,BC,T2F 8M4,Canada,EMEA,Lincoln,Elizabeth,Medium,0.07534391079873112,-0.17384255051293707
10250,-0.009528928441320661,0.8101579745265006,11,0.19291525003244422,11/05/2004,Shipped,2,5,2004,Planes,-0.04269579318805743,S700_2466,The Sharp Gifts Warehouse,4085553659,3086 Ingle Ln.,,San Jose,CA,94217,USA,EMEA,Frick,Sue,Medium,-0.007719937365428311,0.20063518739787253
10262,-0.21487369935619982,0.3515720742765677,6,-0.3036259980516644,24/06/2004,Cancelled,2,6,2004,Planes,-0.04269579318805743,S700_2466,Euro Shopping Channel,(91) 555 94 44,"C/ Moralzarzal, 86",,Madrid,CA,28034,Spain,EMEA,Freyre,Diego,Small,-0.07554359219013877,-0.22808240586152562
10275,0.40116061338843767,0.8101579745265006,16,0.4988387440538183,23/07/2004,Shipped,3,7,2004,Planes,-0.04269579318805743,S700_2466,La Rochelle Gifts,40.67.8555,"67, rue des Cinquante Otages",,Nantes,CA,44000,France,EMEA,Labrune,Janine,Medium,0.3250034700025852,0.17383527405123306
10284,1.017194926133075,0.8101579745265006,8,0.5555467520781218,21/08/2004,Shipped,3,8,2004,Planes,-0.04269579318805743,S700_2466,"Norway Gifts By Mail, Co.",+47 2212 1555,"Drammensveien 126 A, PB 744 Sentrum",,Oslo,CA,N 0106,Norway,EMEA,Klaeboe,Jan,Medium,0.8240885810546055,-0.2685418289764837
10296,-1.138925168473156,0.8101579745265006,4,-0.604303879150365,15/09/2004,Shipped,3,9,2004,Planes,-0.04269579318805743,S700_2466,"Bavarian Collectables Imports, Co.",+49 89 61 08 9555,Hansastr. 15,,Munich,CA,80686,Germany,EMEA,Donnermeyer,Michael,Small,-0.9227093076274656,0.3184054284771006
10308,-0.009528928441320661,0.25241836611442003,14,-0.2430788095549692,15/10/2004,Shipped,4,10,2004,Planes,-0.04269579318805743,S700_2466,Mini Classics,9145554562,3758 North Pendale Street,,White Plains,NY,24067,USA,EMEA,Frick,Steve,Medium,-0.0024052765479793885,-0.2406735330069898
10316,-1.2415975539305957,0.8101579745265006,6,-0.4602015705282304,01/11/2004,Shipped,4,11,2004,Planes,-0.04269579318805743,S700_2466,giftsbymail.co.uk,(198) 555-8888,Garden House Crowther Way,,Cowes,Isle of Wight,PO31 7PJ,UK,EMEA,Bennett,Helen,Small,-1.005890159469469,0.5456885889412385
10328,0.1958158424735585,0.8101579745265006,10,0.2539402997477681,12/11/2004,Shipped,4,11,2004,Planes,-0.04269579318805743,S700_2466,Rovelli Gifts,035-640555,Via Ludovico il Moro 22,,Bergamo,CA,24100,Italy,EMEA,Rovelli,Giovanni,Medium,0.15864176631857846,0.09529853342918965
10340,2.043918780707471,0.20284151203334622,7,0.6909226632191633,24/11/2004,Shipped,4,11,2004,Planes,-0.04269579318805743,S700_2466,Enaco Distributors,(93) 203 4555,"Rambla de Catalu¤a, 23",,Barcelona,CA,8022,Spain,EMEA,Saavedra,Eduardo,Medium,0.41459157595205676,0.27633108726710653
10352,1.4278844679628335,0.8101579745265006,2,0.7501285821590258,03/12/2004,Shipped,4,12,2004,Planes,-0.04269579318805743,S700_2466,Auto-Moto Classics Inc.,6175558428,16780 Pompton St.,,Brickhaven,MA,58339,USA,EMEA,Taylor,Leslie,Medium,1.1568119884226191,-0.40668340626359334
10361,-0.9335803975582768,0.8101579745265006,9,-0.43397893615598454,17/12/2004,Shipped,4,12,2004,Planes,-0.04269579318805743,S700_2466,Souveniers And Things Co.,+61 2 9495 8555,"Monitor Money Building, 815 Pacific Hwy",Level 6,Chatswood,NSW,2067,Australia,APAC,Huxley,Adrian,Small,-0.7563476039434588,0.32236866778747425
10375,-0.21487369935619982,0.8101579745265006,1,0.1644390655950747,03/02/2005,Shipped,1,2,2005,Planes,-0.04269579318805743,S700_2466,La Rochelle Gifts,40.67.8555,"67, rue des Cinquante Otages",,Nantes,CA,44000,France,EMEA,Labrune,Janine,Medium,-0.17408164104943508,0.3385207066445098
10386,0.1958158424735585,0.008996012576347714,14,-0.24534322010233442,01/03/2005,Resolved,1,3,2005,Planes,-0.04269579318805743,S700_2466,Euro Shopping Channel,(91) 555 94 44,"C/ Moralzarzal, 86",,Madrid,CA,28034,Spain,EMEA,Freyre,Diego,Medium,0.001761561781540255,-0.24710478188387466
10398,-1.344269939388035,0.15376042649308339,8,-0.8933664744917174,30/03/2005,Shipped,1,3,2005,Planes,-0.04269579318805743,S700_2466,Reims Collectables,26.47.1555,59 rue de l'Abbaye,,Reims,CA,51100,France,EMEA,Henriot,Paul,Small,-0.20669551920213564,-0.6866709552895818
10401,5.124090344430658,0.25241836611442003,10,2.1665906877910848,03/04/2005,On Hold,2,4,2005,Planes,-0.04269579318805743,S700_2466,Tekni Collectables Inc.,2015559350,7476 Moss Rd.,,Newark,NJ,94019,USA,EMEA,Brown,William,Large,1.2934145125638625,0.8731761752272222
10416,-1.344269939388035,0.8101579745265006,11,-0.5955394699814264,10/05/2005,Shipped,2,5,2005,Planes,-0.04269579318805743,S700_2466,L'ordine Souveniers,0522-556555,Strada Provinciale 124,,Reggio Emilia,CA,42100,Italy,EMEA,Moroni,Maurizio,Small,-1.0890710113114723,0.49353154133004595
10105,-0.42021847027107895,-0.8868577406686567,3,-0.8226918863047677,11/02/2003,Shipped,1,2,2003,Ships,-0.714658637001176,S700_2610,Danish Wholesale Imports,31 12 3555,Vinb'ltet 34,,Kobenhavn,CA,1734,Denmark,EMEA,Petersen,Jytte,Small,0.3726740031318482,-1.195365889436616
10119,0.29848822793099805,-0.8868577406686567,12,-0.5726890153451846,28/04/2003,Shipped,2,4,2003,Ships,-0.714658637001176,S700_2610,Salzburg Collectables,6562-9555,Geislweg 14,,Salzburg,CA,5020,Austria,EMEA,Pipps,Georg,Small,-0.264716595439076,-0.3079724199061086
10129,1.017194926133075,0.08088245099390491,3,0.1543062356636996,12/06/2003,Shipped,2,6,2003,Ships,-0.714658637001176,S700_2610,"Stylish Desk Decors, Co.",(171) 555-0297,35 King George,,London,CA,WX3 6FW,UK,EMEA,Brown,Ann,Medium,0.08227321876420716,0.07203301689949244
10143,-0.42021847027107895,0.08088245099390491,16,-0.4940971356041382,10/08/2003,Shipped,3,8,2003,Ships,-0.714658637001176,S700_2610,Mini Creations Ltd.,5085559555,4575 Hillside Dr.,,New Bedford,MA,50553,USA,EMEA,Tam,Wing C,Small,-0.03398829982843423,-0.460108835775704
10154,0.09314345701611891,-0.958248410545403,1,-0.6722687770180453,02/10/2003,Shipped,4,10,2003,Ships,-0.714658637001176,S700_2610,Boards & Toys Co.,3105552373,4097 Douglas Av.,,Glendale,CA,92561,USA,EMEA,Young,Leslie,Small,-0.0892545696384,-0.5830142073796454
10167,1.1198673115905147,-0.6716941939567962,10,-0.17856211479898393,23/10/2003,Cancelled,4,10,2003,Ships,-0.714658637001176,S700_2610,Scandinavian Gift Ideas,0695-34 6555,?kergatan 24,,Boras,CA,S-844 67,Sweden,EMEA,Larsson,Maria,Medium,-0.7522083711973551,0.5736462563983711
10177,-0.3175460848136394,-0.3489488738890053,1,-0.5984392187399226,07/11/2003,Shipped,4,11,2003,Ships,-0.714658637001176,S700_2610,CAF Imports,+34 913 728 555,"Merchants House, 27-30 Merchant's Quay",,Madrid,CA,28023,Spain,EMEA,Fernandez,Jesus,Small,0.11080734870358203,-0.7092465674435046
10185,0.40116061338843767,-1.2809937306131935,1,-0.7053389454435947,14/11/2003,Shipped,4,11,2003,Ships,-0.714658637001176,S700_2610,Mini Creations Ltd.,5085559555,4575 Hillside Dr.,,New Bedford,MA,50553,USA,EMEA,Tam,Wing C,Small,-0.5138842307195318,-0.19145471472406284
10197,1.530556853420273,-0.241367100533075,7,0.20939603183401098,26/11/2003,Shipped,4,11,2003,Ships,-0.714658637001176,S700_2610,Enaco Distributors,(93) 203 4555,"Rambla de Catalu¤a, 23",,Barcelona,CA,8022,Spain,EMEA,Saavedra,Eduardo,Medium,-0.36942606991107796,0.578822101745089
10208,1.1198673115905147,-0.4565306472449356,1,-0.07015278106373526,02/01/2004,Shipped,1,1,2004,Ships,-0.714658637001176,S700_2610,"Saveley & Henriot, Co.",78.32.5555,"2, rue du Commerce",,Lyon,CA,69004,France,EMEA,Saveley,Mary,Medium,-0.5112537485888636,0.4411009675251284
10222,0.09314345701611891,-0.13428109571795568,13,-0.3473665902795461,19/02/2004,Shipped,1,2,2004,Ships,-0.714658637001176,S700_2610,Collectable Mini Designs Co.,7605558146,361 Furth Circle,,San Diego,CA,91217,USA,EMEA,Thompson,Valarie,Small,-0.012507405467082754,-0.33485918481246335
10233,-0.6255632411859581,-0.06239465730039849,1,-0.6322370394756565,29/03/2004,Shipped,1,3,2004,Ships,-0.714658637001176,S700_2610,Tekni Collectables Inc.,2015559350,7476 Moss Rd.,,Newark,NJ,94019,USA,EMEA,Brown,William,Small,0.03903180405352438,-0.6712688435291808
10248,-0.3175460848136394,-0.3851399773681894,4,-0.6111242619980644,07/05/2004,Cancelled,2,5,2004,Ships,-0.714658637001176,S700_2610,Land of Toys Inc.,2125557818,897 Long Airport Avenue,,NYC,NY,10022,USA,EMEA,Yu,Kwai,Small,0.12229969191848222,-0.7334239539165466
10261,0.9145225406756355,-0.7430848638335423,2,-0.2891109635358199,17/06/2004,Shipped,2,6,2004,Ships,-0.714658637001176,S700_2610,Quebec Home Shopping Network,(514) 555-8054,43 rue St. Laurent,,Montreal,Quebec,H1J 1C3,Canada,EMEA,Fresnisre,Jean,Medium,-0.6795678576106599,0.39045689407483997
10273,0.7091777697607564,-1.0658301839013333,5,-0.5121635478129727,21/07/2004,Shipped,3,7,2004,Ships,-0.714658637001176,S700_2610,Petit Auto,(02) 5554 67,Rue Joseph-Bens 532,,Bruxelles,CA,B-1180,Belgium,EMEA,Dewey,Catherine,Small,-0.7558630727628445,0.2436995249498718
10283,1.2225396970479543,-0.8868577406686567,7,-0.25125675268286357,20/08/2004,Shipped,3,8,2004,Ships,-0.714658637001176,S700_2610,"Royal Canadian Collectables, Ltd.",(604) 555-4555,23 Tsawassen Blvd.,,Tsawassen,BC,T2F 8M4,Canada,EMEA,Lincoln,Elizabeth,Medium,-1.084218793601693,0.8329620409188294
10295,0.9145225406756355,-1.2448026271340098,2,-0.5309087401619047,10/09/2004,Shipped,3,9,2004,Ships,-0.714658637001176,S700_2610,Gifts4AllAges.com,6175559555,8616 Spinnaker Dr.,,Boston,MA,51003,USA,EMEA,Yoshido,Juri,Small,-1.1384000612063006,0.6074913210443958
10306,0.8118501552181959,-0.42083531230656246,1,-0.17462518998641854,14/10/2004,Shipped,4,10,2004,Ships,-0.714658637001176,S700_2610,"AV Stores, Co.",(171) 555-1555,Fauntleroy Circus,,Manchester,CA,EC2 5NT,UK,EMEA,Ashworth,Victoria,Medium,-0.3416552136173807,0.16703002363096217
10316,1.325212082505394,-0.4565306472449356,18,0.010703509224676598,01/11/2004,Shipped,4,11,2004,Ships,-0.714658637001176,S700_2610,giftsbymail.co.uk,(198) 555-8888,Garden House Crowther Way,,Cowes,Isle of Wight,PO31 7PJ,UK,EMEA,Bennett,Helen,Medium,-0.6049999297629964,0.615703438987673
10327,-1.4469423248454747,0.6272193829673384,1,-0.8315757607783636,10/11/2004,Resolved,4,11,2004,Ships,-0.714658637001176,S700_2610,Danish Wholesale Imports,31 12 3555,Vinb'ltet 34,,Kobenhavn,CA,1734,Denmark,EMEA,Petersen,Jytte,Small,-0.9075502721789047,0.07597451140054112
10339,1.530556853420273,-0.4614883326530434,9,0.08884467895269854,23/11/2004,Shipped,4,11,2004,Ships,-0.714658637001176,S700_2610,"Tokyo Collectables, Ltd",+81 3 3584 0555,2-2-8 Roppongi,,Minato-ku,Tokyo,106-0032,Japan,Japan,Shimamura,Akiko,Medium,-0.7063341303156103,0.7951788092683089
10350,-0.6255632411859581,-0.4119114785719696,12,-0.7432583191900002,02/12/2004,Shipped,4,12,2004,Ships,-0.714658637001176,S700_2610,Euro Shopping Channel,(91) 555 94 44,"C/ Moralzarzal, 86",,Madrid,CA,28034,Spain,EMEA,Freyre,Diego,Small,0.2576766796171816,-1.0009349988071818
10373,0.6065053843033168,-0.66078728605896,16,-0.36402113979697764,31/01/2005,Shipped,1,1,2005,Ships,-0.714658637001176,S700_2610,"Oulu Toy Supplies, Inc.",981-443655,Torikatu 38,,Oulu,CA,90110,Finland,EMEA,Koskitalo,Pirkko,Small,-0.4007710468739353,0.03674990707695763
10386,0.1958158424735585,0.8101579745265006,10,0.794814036341923,01/03/2005,Resolved,1,3,2005,Ships,-0.714658637001176,S700_2610,Euro Shopping Channel,(91) 555 94 44,"C/ Moralzarzal, 86",,Madrid,CA,28034,Spain,EMEA,Freyre,Diego,Medium,0.15864176631857846,0.6361722700233445
10397,-1.344269939388035,-0.8506666371894727,4,-1.1354031817271164,28/03/2005,Shipped,1,3,2005,Ships,-0.714658637001176,S700_2610,Alpha Cognac,61.77.6555,1 rue Alsace-Lorraine,,Toulouse,CA,31000,France,EMEA,Roulet,Annette,Small,1.143525588814116,-2.278928770541232
10414,-0.42021847027107895,-0.3851399773681894,4,-0.6523343618636626,06/05/2005,On Hold,2,5,2005,Ships,-0.714658637001176,S700_2610,Gifts4AllAges.com,6175559555,8616 Spinnaker Dr.,,Boston,MA,51003,USA,EMEA,Yoshido,Juri,Small,0.1618429321298985,-0.8141772939935611
10103,0.7091777697607564,0.8101579745265006,6,0.4924853619425055,29/01/2003,Shipped,1,1,2003,Classic Cars,0.007079232279580979,S700_2824,Baane Mini Imports,07-98 9555,Erling Skakkes gate 78,,Stavern,CA,4110,Norway,EMEA,Bergulfsen,Jonas,Medium,0.5745460255285955,-0.08206066358608999
10114,0.7091777697607564,0.8101579745265006,10,0.6539590119100152,01/04/2003,Shipped,2,4,2003,Classic Cars,0.007079232279580979,S700_2824,"La Corne D'abondance, Co.",(1) 42.34.2555,"265, boulevard Charonne",,Paris,CA,75012,France,EMEA,Bertrand,Marie,Medium,0.5745460255285955,0.07941298638141969
10126,1.017194926133075,0.8101579745265006,6,0.566542990347701,28/05/2003,Shipped,2,5,2003,Classic Cars,0.007079232279580979,S700_2824,"Corrida Auto Replicas, Ltd",(91) 555 22 82,"C/ Araquil, 67",,Madrid,CA,28023,Spain,EMEA,Sommer,Mart¡n,Medium,0.8240885810546055,-0.2575455907069045
10140,0.09314345701611891,0.8101579745265006,6,0.3045881586812817,24/07/2003,Shipped,3,7,2003,Classic Cars,0.007079232279580979,S700_2824,Technics Stores Inc.,6505556809,9408 Furth Circle,,Burlingame,CA,94217,USA,EMEA,Hirano,Juri,Medium,0.07546091447657508,0.22912724420470662
10150,-1.5496147103029143,0.8101579745265006,3,-0.7873247258851287,19/09/2003,Shipped,3,9,2003,Classic Cars,0.007079232279580979,S700_2824,"Dragon Souveniers, Ltd.",+65 221 7555,"Bronz Sok., Bronz Apt. 3/6 Tesvikiye",,Singapore,CA,79903,Singapore,Japan,Natividad,Eric,Small,-1.2554327149954791,0.46810798911035045
10164,0.40116061338843767,-0.08569577871850313,4,-0.19473880309778704,21/10/2003,Resolved,4,10,2003,Classic Cars,0.007079232279580979,S700_2824,Mini Auto Werke,7675-3555,Kirchgasse 6,,Graz,CA,8010,Austria,EMEA,Mendel,Roland,Medium,-0.03437777115551454,-0.1603610319422725
10175,0.7091777697607564,0.11509048030984574,11,0.03109949487432565,06/11/2003,Shipped,4,11,2003,Classic Cars,0.007079232279580979,S700_2824,"Stylish Desk Decors, Co.",(171) 555-0297,35 King George,,London,CA,WX3 6FW,UK,EMEA,Brown,Ann,Medium,0.08161961014683065,-0.05052011527250501
10183,-1.2415975539305957,0.16516310293172987,3,-0.8433811049749389,13/11/2003,Shipped,4,11,2003,Classic Cars,0.007079232279580979,S700_2824,"Classic Gift Ideas, Inc",2155554695,782 First Street,,Philadelphia,PA,71270,USA,EMEA,Cervantes,Francisca,Small,-0.205066104599623,-0.638315000375316
10194,-0.9335803975582768,0.2653083481754995,6,-0.6731484760796116,25/11/2003,Shipped,4,11,2003,Classic Cars,0.007079232279580979,S700_2824,"Saveley & Henriot, Co.",78.32.5555,"2, rue du Commerce",,Lyon,CA,69004,France,EMEA,Saveley,Mary,Small,-0.24768667316521253,-0.42546180291439906
10206,-0.21487369935619982,0.8101579745265006,1,0.17268217161641844,05/12/2003,Shipped,4,12,2003,Classic Cars,0.007079232279580979,S700_2824,Canadian Gift Exchange Network,(604) 555-3392,1900 Oak St.,,Vancouver,BC,V3F 2K1,Canada,EMEA,Tannamuri,Yoshi,Medium,-0.17408164104943508,0.34676381266585354
10217,-0.42021847027107895,0.21523572555361467,6,-0.4484776799484666,04/02/2004,Shipped,1,2,2004,Classic Cars,0.007079232279580979,S700_2824,Handji Gifts& Co,+65 224 1555,Village Close - 106 Linden Road Sandown,2nd Floor,Singapore,CA,69045,Singapore,APAC,Victorino,Wendy,Small,-0.09044602733982574,-0.3580316526086409
10229,1.530556853420273,0.8101579745265006,11,1.1186899075085952,11/03/2004,Shipped,1,3,2004,Classic Cars,0.007079232279580979,S700_2824,Mini Gifts Distributors Ltd.,4155551450,5677 Strong St.,,San Rafael,CA,97562,USA,EMEA,Nelson,Valarie,Medium,1.2399928402646223,-0.1213029327560271
10245,0.9145225406756355,0.8101579745265006,4,0.5837025522893655,04/05/2004,Shipped,2,5,2004,Classic Cars,0.007079232279580979,S700_2824,Super Scale Inc.,2035559545,567 North Pendale Street,,New Haven,CT,97823,USA,EMEA,Murphy,Leslie,Medium,0.7409077292126022,-0.15720517692323666
10258,1.017194926133075,-0.13576840134038795,1,0.04752054402356401,15/06/2004,Shipped,2,6,2004,Classic Cars,0.007079232279580979,S700_2824,"Tokyo Collectables, Ltd",+81 3 3584 0555,2-2-8 Roppongi,,Minato-ku,Tokyo,106-0032,Japan,Japan,Shimamura,Akiko,Medium,-0.13810292897264162,0.18562347299620563
10270,1.1198673115905147,0.21523572555361467,4,0.2683141479944723,19/07/2004,Shipped,3,7,2004,Classic Cars,0.007079232279580979,S700_2824,Souveniers And Things Co.,+61 2 9495 8555,"Monitor Money Building, 815 Pacific Hwy",Level 6,Chatswood,NSW,2067,Australia,APAC,Huxley,Adrian,Medium,0.24103545333396031,0.02727869466051197
10281,-0.8309080121008373,0.11509048030984574,11,-0.6692387024726503,19/08/2004,Shipped,3,8,2004,Classic Cars,0.007079232279580979,S700_2824,Diecast Classics Inc.,2155551555,7586 Pompton St.,,Allentown,PA,70267,USA,EMEA,Yu,Kyung,Small,-0.09562960220598449,-0.5736091002666658
10291,-0.7282356266433977,0.8101579745265006,6,-0.1612396456236962,08/09/2004,Shipped,3,9,2004,Classic Cars,0.007079232279580979,S700_2824,Scandinavian Gift Ideas,0695-34 6555,?kergatan 24,,Boras,CA,S-844 67,Sweden,EMEA,Larsson,Maria,Medium,-0.589985900259452,0.4287462546357558
10304,0.5038329988458772,0.8101579745265006,1,0.3551980059269497,11/10/2004,Shipped,4,10,2004,Classic Cars,0.007079232279580979,S700_2824,Auto Assoc. & Cie.,30.59.8555,"67, avenue de l'Europe",,Versailles,CA,78000,France,EMEA,Tonini,Daniel,Medium,0.4081843218445886,-0.05298631591763886
10313,-0.5228908557285186,0.7670261114759662,9,-0.3149480507884903,22/10/2004,Shipped,4,10,2004,Classic Cars,0.007079232279580979,S700_2824,Canadian Gift Exchange Network,(604) 555-3392,1900 Oak St.,,Vancouver,BC,V3F 2K1,Canada,EMEA,Tannamuri,Yoshi,Small,-0.40107093979578606,0.08612288900729576
10324,-0.11220131389876024,0.8101579745265006,5,0.37708187764369255,05/11/2004,Shipped,4,11,2004,Classic Cars,0.007079232279580979,S700_2824,Vitachrome Inc.,2125551500,2678 Kingston Rd.,Suite 101,NYC,NY,10022,USA,EMEA,Frick,Michael,Medium,-0.0909007892074317,0.4679826668511243
10336,1.1198673115905147,0.8101579745265006,2,3.2608114248338262,20/11/2004,Shipped,4,11,2004,Classic Cars,0.007079232279580979,S700_2824,"La Corne D'abondance, Co.",(1) 42.34.2555,"265, boulevard Charonne",,Paris,CA,75012,France,EMEA,Bertrand,Marie,Large,0.9072694328966089,2.3535419919372176
10348,-0.3175460848136394,-0.04107661004553711,7,-0.49052946718778573,01/11/2004,Shipped,4,11,2004,Classic Cars,0.007079232279580979,S700_2824,"Corrida Auto Replicas, Ltd",(91) 555 22 82,"C/ Araquil, 67",,Madrid,CA,28023,Spain,EMEA,Sommer,Mart¡n,Small,0.013043716697376919,-0.5035731838851627
10358,-0.8309080121008373,0.8101579745265006,3,0.11266714674955965,10/12/2004,Shipped,4,12,2004,Classic Cars,0.007079232279580979,S700_2824,Euro Shopping Channel,(91) 555 94 44,"C/ Moralzarzal, 86",,Madrid,CA,28034,Spain,EMEA,Freyre,Diego,Medium,-0.6731667521014554,0.7858338988510151
10371,-0.11220131389876024,0.8101579745265006,3,0.4058838765483088,23/01/2005,Shipped,1,1,2005,Classic Cars,0.007079232279580979,S700_2824,Mini Gifts Distributors Ltd.,4155551450,5677 Strong St.,,San Rafael,CA,97562,USA,EMEA,Nelson,Valarie,Medium,-0.0909007892074317,0.49678466575574054
10382,-0.11220131389876024,-1.4287327557747933,9,-0.9173464192810812,17/02/2005,Shipped,1,2,2005,Classic Cars,0.007079232279580979,S700_2824,Mini Gifts Distributors Ltd.,4155551450,5677 Strong St.,,San Rafael,CA,97562,USA,EMEA,Nelson,Valarie,Small,0.16030569240812834,-1.0776521116892095
10411,-0.11220131389876024,0.8101579745265006,4,0.012441186383326296,01/05/2005,Shipped,2,5,2005,Classic Cars,0.007079232279580979,S700_2824,Quebec Home Shopping Network,(514) 555-8054,43 rue St. Laurent,,Montreal,Quebec,H1J 1C3,Canada,EMEA,Fresnisre,Jean,Medium,-0.0909007892074317,0.103341975590758
10424,1.1198673115905147,-0.13576840134038795,1,0.09146205517291452,31/05/2005,In Process,2,5,2005,Classic Cars,0.007079232279580979,S700_2824,Euro Shopping Channel,(91) 555 94 44,"C/ Moralzarzal, 86",,Madrid,CA,28034,Spain,EMEA,Freyre,Diego,Medium,-0.1520425946080023,0.2435046497809168
10106,-0.3175460848136394,0.8101579745265006,1,0.2349507465484009,17/02/2003,Shipped,1,2,2003,Planes,0.4301669487545075,S700_2834,Rovelli Gifts,035-640555,Via Ludovico il Moro 22,,Bergamo,CA,24100,Italy,EMEA,Rovelli,Giovanni,Medium,-0.2572624928914385,0.4922132394398394
10120,-1.138925168473156,0.8101579745265006,7,-0.07426890383328635,29/04/2003,Shipped,2,4,2003,Planes,0.4301669487545075,S700_2834,"Australian Collectors, Co.",03 9520 4555,636 St Kilda Road,Level 3,Melbourne,Victoria,3004,Australia,APAC,Ferguson,Peter,Medium,-0.9227093076274656,0.8484404037941793
10133,-0.8309080121008373,0.7937976126797464,2,-0.46852069992526496,27/06/2003,Shipped,2,6,2003,Planes,0.4301669487545075,S700_2834,Euro Shopping Channel,(91) 555 94 44,"C/ Moralzarzal, 86",,Madrid,CA,28034,Spain,EMEA,Freyre,Diego,Small,-0.6595727963621184,0.19105209643685345
10145,-1.5496147103029143,0.8101579745265006,13,-0.43511928679134826,25/08/2003,Shipped,3,8,2003,Planes,0.4301669487545075,S700_2834,Toys4GrownUps.com,6265557265,78934 Hillside Dr.,,Pasadena,CA,90003,USA,EMEA,Young,Julie,Small,-1.2554327149954791,0.8203134282041309
10168,0.09314345701611891,0.8101579745265006,8,0.5288136750405229,28/10/2003,Shipped,4,10,2003,Planes,0.4301669487545075,S700_2834,Technics Stores Inc.,6505556809,9408 Furth Circle,,Burlingame,CA,94217,USA,EMEA,Hirano,Juri,Medium,0.07546091447657508,0.4533527605639478
10188,-0.6255632411859581,0.8101579745265006,8,0.21892610500097973,18/11/2003,Shipped,4,11,2003,Planes,0.4301669487545075,S700_2834,Herkku Gifts,+47 2267 3215,"Drammen 121, PR 744 Sentrum",,Bergen,CA,N 5804,Norway,EMEA,Oeztan,Veysel,Medium,-0.5068050484174486,0.7257311534184283
10210,-1.0362527830157164,0.8101579745265006,6,-0.39960550986144805,12/01/2004,Shipped,1,1,2004,Planes,0.4301669487545075,S700_2834,Osaka Souveniers Co.,+81 06 6342 5555,"Dojima Avanza 4F, 1-6-20 Dojima, Kita-ku",,Osaka,Osaka,530-0003,Japan,Japan,Kentary,Mory,Small,-0.8395284557854622,0.43992294592401415
10223,-0.6255632411859581,0.8101579745265006,8,-0.19224632242334902,20/02/2004,Shipped,1,2,2004,Planes,0.4301669487545075,S700_2834,"Australian Collectors, Co.",03 9520 4555,636 St Kilda Road,Level 3,Melbourne,Victoria,3004,Australia,APAC,Ferguson,Peter,Medium,-0.5068050484174486,0.3145587259940995
10235,-1.0362527830157164,0.6173040121511234,2,-0.625096272401831,02/04/2004,Shipped,2,4,2004,Planes,0.4301669487545075,S700_2834,"Royal Canadian Collectables, Ltd.",(604) 555-4555,23 Tsawassen Blvd.,,Tsawassen,BC,T2F 8M4,Canada,EMEA,Lincoln,Elizabeth,Small,-0.6396830005583692,0.014586728156538276
10250,0.9145225406756355,0.8101579745265006,3,1.3585545182956824,11/05/2004,Shipped,2,5,2004,Planes,0.4301669487545075,S700_2834,The Sharp Gifts Warehouse,4085553659,3086 Ingle Ln.,,San Jose,CA,94217,USA,EMEA,Frick,Sue,Medium,0.7409077292126022,0.6176467890830802
10263,1.2225396970479543,0.8101579745265006,9,1.037866198666908,28/06/2004,Shipped,2,6,2004,Planes,0.4301669487545075,S700_2834,Gift Depot Inc.,2035552570,25593 South Bay Ln.,,Bridgewater,CT,97562,USA,EMEA,King,Julie,Medium,0.9904502847386123,0.047415913928295694
10275,1.325212082505394,0.8101579745265006,8,1.5339513064968713,23/07/2004,Shipped,3,7,2004,Planes,0.4301669487545075,S700_2834,La Rochelle Gifts,40.67.8555,"67, rue des Cinquante Otages",,Nantes,CA,44000,France,EMEA,Labrune,Janine,Medium,1.0736311365806157,0.4603201699162556
10285,1.017194926133075,0.8101579745265006,13,0.9985729739169452,27/08/2004,Shipped,3,8,2004,Planes,0.4301669487545075,S700_2834,Marta's Replicas Co.,6175558555,39323 Spinnaker Dr.,,Cambridge,MA,51247,USA,EMEA,Hernandez,Marta,Medium,0.8240885810546055,0.17448439286233974
10297,-0.009528928441320661,0.8101579745265006,3,0.23491816510167624,16/09/2004,Shipped,3,9,2004,Planes,0.4301669487545075,S700_2834,"Clover Collections, Co.",+353 1862 1555,25 Maiden Lane,Floor No. 4,Dublin,CA,2,Ireland,EMEA,Cassidy,Dean,Medium,-0.007719937365428311,0.24263810246710454
10308,-0.42021847027107895,0.8101579745265006,6,0.24726110316920882,15/10/2004,Shipped,4,10,2004,Planes,0.4301669487545075,S700_2834,Mini Classics,9145554562,3758 North Pendale Street,,White Plains,NY,24067,USA,EMEA,Frick,Steve,Medium,-0.34044334473344184,0.5877044479026506
10318,1.530556853420273,0.8101579745265006,8,1.9359411961859612,02/11/2004,Shipped,4,11,2004,Planes,0.4301669487545075,S700_2834,Diecast Classics Inc.,2155551555,7586 Pompton St.,,Allentown,PA,70267,USA,EMEA,Yu,Kyung,Large,1.2399928402646223,0.6959483559213389
10328,-0.21487369935619982,0.8101579745265006,11,0.2814553315067594,12/11/2004,Shipped,4,11,2004,Planes,0.4301669487545075,S700_2834,Rovelli Gifts,035-640555,Via Ludovico il Moro 22,,Bergamo,CA,24100,Italy,EMEA,Rovelli,Giovanni,Medium,-0.17408164104943508,0.45553697255619446
10340,-0.6255632411859581,0.8101579745265006,6,0.2935701994472194,24/11/2004,Shipped,4,11,2004,Planes,0.4301669487545075,S700_2834,Enaco Distributors,(93) 203 4555,"Rambla de Catalu¤a, 23",,Barcelona,CA,8022,Spain,EMEA,Saavedra,Eduardo,Medium,-0.5068050484174486,0.800375247864668
10353,1.325212082505394,-0.736639872803003,4,-0.13656462997087257,04/12/2004,Shipped,4,12,2004,Planes,0.4301669487545075,S700_2834,Gift Ideas Corp.,2035554407,2440 Pompton St.,,Glendale,CT,97561,USA,EMEA,Lewis,Dan,Medium,-0.9762040598937761,0.8396394299229035
10361,0.9145225406756355,-0.5571716610295155,5,-0.1995119850429525,17/12/2004,Shipped,4,12,2004,Planes,0.4301669487545075,S700_2834,Souveniers And Things Co.,+61 2 9495 8555,"Monitor Money Building, 815 Pacific Hwy",Level 6,Chatswood,NSW,2067,Australia,APAC,Huxley,Adrian,Medium,-0.5095460430371765,0.310034057994224
10375,-1.0362527830157164,-0.8392639607508255,10,-1.02394748272311,03/02/2005,Shipped,1,2,2005,Planes,0.4301669487545075,S700_2834,La Rochelle Gifts,40.67.8555,"67, rue des Cinquante Otages",,Nantes,CA,44000,France,EMEA,Labrune,Janine,Small,0.8696896150128359,-1.893637097735946
10388,1.530556853420273,0.8101579745265006,3,1.9552185521647296,03/03/2005,Shipped,1,3,2005,Planes,0.4301669487545075,S700_2834,FunGiftIdeas.com,5085552555,1785 First Street,,New Bedford,MA,50553,USA,EMEA,Benitez,Violeta,Large,1.2399928402646223,0.7152257119001073
10398,-1.2415975539305957,0.8101579745265006,9,-0.40349899274504725,30/03/2005,Shipped,1,3,2005,Planes,0.4301669487545075,S700_2834,Reims Collectables,26.47.1555,59 rue de l'Abbaye,,Reims,CA,51100,France,EMEA,Henriot,Paul,Small,-1.005890159469469,0.6023911667244217
10401,-1.4469423248454747,0.6173040121511234,2,-0.8338564620490911,03/04/2005,On Hold,2,4,2005,Planes,0.4301669487545075,S700_2834,Tekni Collectables Inc.,2015559350,7476 Moss Rd.,,Newark,NJ,94019,USA,EMEA,Brown,William,Small,-0.8932033024783856,0.0593468404292945
10416,0.6065053843033168,0.8101579745265006,3,1.1343452926598034,10/05/2005,Shipped,2,5,2005,Planes,0.4301669487545075,S700_2834,L'ordine Souveniers,0522-556555,Strada Provinciale 124,,Reggio Emilia,CA,42100,Italy,EMEA,Moroni,Maurizio,Medium,0.491365173686592,0.6429801189732114
10106,0.9145225406756355,-0.45900948994898916,8,-0.1522037243987186,17/02/2003,Shipped,1,2,2003,Planes,-0.5155585351306223,S700_3167,Rovelli Gifts,035-640555,Via Ludovico il Moro 22,,Bergamo,CA,24100,Italy,EMEA,Rovelli,Giovanni,Medium,-0.41977452494237716,0.26757080054365856
10120,0.8118501552181959,-0.3796865234192713,14,-0.15524465942635526,29/04/2003,Shipped,2,4,2003,Planes,-0.5155585351306223,S700_3167,"Australian Collectors, Co.",03 9520 4555,636 St Kilda Road,Level 3,Melbourne,Victoria,3004,Australia,APAC,Ferguson,Peter,Medium,-0.30824856297219255,0.1530039035458373
10143,-0.7282356266433977,0.6118505582022054,3,-0.470198644431586,10/08/2003,Shipped,3,8,2003,Planes,-0.5155585351306223,S700_3167,Mini Creations Ltd.,5085559555,4575 Hillside Dr.,,New Bedford,MA,50553,USA,EMEA,Tam,Wing C,Small,-0.4455713746644957,-0.024627269767090287
10155,0.8118501552181959,0.13591275902389682,1,0.08759572349491908,06/10/2003,Shipped,4,10,2003,Planes,-0.5155585351306223,S700_3167,"Toys of Finland, Co.",90-224 8555,Keskuskatu 45,,Helsinki,CA,21240,Finland,EMEA,Karttunen,Matti,Medium,0.1103407945096839,-0.02274507101476482
10168,1.325212082505394,0.6118505582022054,15,0.5724076507581433,28/10/2003,Shipped,4,10,2003,Planes,-0.5155585351306223,S700_3167,Technics Stores Inc.,6505556809,9408 Furth Circle,,Burlingame,CA,94217,USA,EMEA,Hirano,Juri,Medium,0.8108317524172323,-0.238424101659089
10199,0.29848822793099805,-0.06239465730039849,3,-0.2295303579586236,01/12/2003,Shipped,4,12,2003,Planes,-0.5155585351306223,S700_3167,West Coast Collectables Co.,3105553722,3675 Furth Circle,,Burbank,CA,94019,USA,EMEA,Thompson,Steve,Medium,-0.018624070689957858,-0.21090628726866573
10210,-0.42021847027107895,0.13591275902389682,13,-0.4754116759075346,12/01/2004,Shipped,1,1,2004,Planes,-0.5155585351306223,S700_3167,Osaka Souveniers Co.,+81 06 6342 5555,"Dojima Avanza 4F, 1-6-20 Dojima, Kita-ku",,Osaka,Osaka,530-0003,Japan,Japan,Kentary,Mory,Small,-0.0571130516873437,-0.4182986242201909
10223,-0.9335803975582768,-0.8159628393327208,15,-0.9810757290745533,20/02/2004,Shipped,1,2,2004,Planes,-0.5155585351306223,S700_3167,"Australian Collectors, Co.",03 9520 4555,636 St Kilda Road,Level 3,Melbourne,Victoria,3004,Australia,APAC,Ferguson,Peter,Small,0.7617669119370218,-1.7428426410115752
10235,-0.3175460848136394,0.41354314187791,9,-0.33118447173962207,02/04/2004,Shipped,2,4,2004,Planes,-0.5155585351306223,S700_3167,"Royal Canadian Collectables, Ltd.",(604) 555-4555,23 Tsawassen Blvd.,,Tsawassen,BC,T2F 8M4,Canada,EMEA,Lincoln,Elizabeth,Small,-0.13131900560486173,-0.19986546613476033
10250,0.9145225406756355,-0.8159628393327208,10,-0.3242337631050238,11/05/2004,Shipped,2,5,2004,Planes,-0.5155585351306223,S700_3167,The Sharp Gifts Warehouse,4085553659,3086 Ingle Ln.,,San Jose,CA,94217,USA,EMEA,Frick,Sue,Small,-0.7462164089234653,0.4219826458184415
10262,-0.8309080121008373,-0.3796865234192713,5,-0.8155619797131838,24/06/2004,Cancelled,2,6,2004,Planes,-0.5155585351306223,S700_3167,Euro Shopping Channel,(91) 555 94 44,"C/ Moralzarzal, 86",,Madrid,CA,28034,Spain,EMEA,Freyre,Diego,Small,0.3154845743957847,-1.1310465541089685
10275,0.8118501552181959,-0.49867097321384873,15,-0.21128474779280312,23/07/2004,Shipped,3,7,2004,Planes,-0.5155585351306223,S700_3167,La Rochelle Gifts,40.67.8555,"67, rue des Cinquante Otages",,Nantes,CA,44000,France,EMEA,Labrune,Janine,Medium,-0.4048461070064719,0.19356135921366877
10284,-1.0362527830157164,-0.6969783895381441,7,-0.9849855026815149,21/08/2004,Shipped,3,8,2004,Planes,-0.5155585351306223,S700_3167,"Norway Gifts By Mail, Co.",+47 2212 1555,"Drammensveien 126 A, PB 744 Sentrum",,Oslo,CA,N 0106,Norway,EMEA,Klaeboe,Jan,Small,0.7222457958607139,-1.7072312985422289
10296,-1.344269939388035,-0.14171762383011705,3,-0.9645677960673826,15/09/2004,Shipped,3,9,2004,Planes,-0.5155585351306223,S700_3167,"Bavarian Collectables Imports, Co.",+49 89 61 08 9555,Hansastr. 15,,Munich,CA,80686,Germany,EMEA,Donnermeyer,Michael,Small,0.1905067415963278,-1.1550745376637104
10308,-1.4469423248454747,0.17557424228875576,13,-0.9354617036600027,15/10/2004,Shipped,4,10,2004,Planes,-0.5155585351306223,S700_3167,Mini Classics,9145554562,3758 North Pendale Street,,White Plains,NY,24067,USA,EMEA,Frick,Steve,Small,-0.2540458023202749,-0.6814159013397278
10316,1.325212082505394,-0.4193480066841302,5,0.03025237725948402,01/11/2004,Shipped,4,11,2004,Planes,-0.5155585351306223,S700_3167,giftsbymail.co.uk,(198) 555-8888,Garden House Crowther Way,,Cowes,Isle of Wight,PO31 7PJ,UK,EMEA,Bennett,Helen,Medium,-0.555725045232362,0.585977422491846
10328,-0.21487369935619982,-0.9746087723921573,13,-0.7829805329885048,12/11/2004,Shipped,4,11,2004,Planes,-0.5155585351306223,S700_3167,Rovelli Gifts,035-640555,Via Ludovico il Moro 22,,Bergamo,CA,24100,Italy,EMEA,Rovelli,Giovanni,Small,0.20941779234890737,-0.9923983253374121
10341,-0.11220131389876024,0.8101579745265006,5,0.048997569608416024,24/11/2004,Shipped,4,11,2004,Planes,-0.5155585351306223,S700_3167,Salzburg Collectables,6562-9555,Geislweg 14,,Salzburg,CA,5020,Austria,EMEA,Pipps,Georg,Medium,-0.0909007892074317,0.13989835881584772
10353,0.8118501552181959,-0.08470424163688185,6,-0.016311940351203105,04/12/2004,Shipped,4,12,2004,Planes,-0.5155585351306223,S700_3167,Gift Ideas Corp.,2035554407,2440 Pompton St.,,Glendale,CT,97561,USA,EMEA,Lewis,Dan,Medium,-0.06876715172054211,0.052455211369339005
10361,0.9145225406756355,0.8101579745265006,10,0.7863157089879028,17/12/2004,Shipped,4,12,2004,Planes,-0.5155585351306223,S700_3167,Souveniers And Things Co.,+61 2 9495 8555,"Monitor Money Building, 815 Pacific Hwy",Level 6,Chatswood,NSW,2067,Australia,APAC,Huxley,Adrian,Medium,0.7409077292126022,0.045407979775300644
10375,0.9145225406756355,0.8101579745265006,11,0.8986130953656299,03/02/2005,Shipped,1,2,2005,Planes,-0.5155585351306223,S700_3167,La Rochelle Gifts,40.67.8555,"67, rue des Cinquante Otages",,Nantes,CA,44000,France,EMEA,Labrune,Janine,Medium,0.7409077292126022,0.15770536615302777
10386,-0.3175460848136394,0.5295529804276229,17,-0.2905228262272226,01/03/2005,Resolved,1,3,2005,Planes,-0.5155585351306223,S700_3167,Euro Shopping Channel,(91) 555 94 44,"C/ Moralzarzal, 86",,Madrid,CA,28034,Spain,EMEA,Freyre,Diego,Medium,-0.16815747563618547,-0.12236535059103712
10398,-0.6255632411859581,-0.8952858058624394,10,-0.8967983868800502,30/03/2005,Shipped,1,3,2005,Planes,-0.5155585351306223,S700_3167,Reims Collectables,26.47.1555,59 rue de l'Abbaye,,Reims,CA,51100,France,EMEA,Henriot,Paul,Small,0.5600578905030901,-1.4568562773831402
10401,4.302711260771142,0.41354314187791,9,1.9169353522632318,03/04/2005,On Hold,2,4,2005,Planes,-0.5155585351306223,S700_3167,Tekni Collectables Inc.,2015559350,7476 Moss Rd.,,Newark,NJ,94019,USA,EMEA,Brown,William,Large,1.7793567333727616,0.13757861889047018
10416,0.40116061338843767,-0.8159628393327208,10,-0.5066898647632264,10/05/2005,Shipped,2,5,2005,Planes,-0.5155585351306223,S700_3167,L'ordine Souveniers,0522-556555,Strada Provinciale 124,,Reggio Emilia,CA,42100,Italy,EMEA,Moroni,Maurizio,Small,-0.32733215312888553,-0.1793577116343409
10105,0.40116061338843767,-0.12486149344255176,6,-0.2114693759909097,11/02/2003,Shipped,1,2,2003,Ships,-0.01780828045423823,S700_3505,Danish Wholesale Imports,31 12 3555,Vinb'ltet 34,,Kobenhavn,CA,1734,Denmark,EMEA,Petersen,Jytte,Medium,-0.05008951329801045,-0.16137986269289925
10118,0.09314345701611891,0.8101579745265006,1,0.361279875982223,21/04/2003,Shipped,2,4,2003,Ships,-0.01780828045423823,S700_3505,Enaco Distributors,(93) 203 4555,"Rambla de Catalu¤a, 23",,Barcelona,CA,8022,Spain,EMEA,Saavedra,Eduardo,Medium,0.07546091447657508,0.2858189615056479
10129,0.7091777697607564,0.37140281590899754,6,0.14901175057093927,12/06/2003,Shipped,2,6,2003,Ships,-0.01780828045423823,S700_3505,"Stylish Desk Decors, Co.",(171) 555-0297,35 King George,,London,CA,WX3 6FW,UK,EMEA,Brown,Ann,Medium,0.26339062066920765,-0.11437887009826839
10142,-1.4469423248454747,0.8101579745265006,3,-0.6618915862362352,08/08/2003,Shipped,3,8,2003,Ships,-0.01780828045423823,S700_3505,Mini Gifts Distributors Ltd.,4155551450,5677 Strong St.,,San Rafael,CA,97562,USA,EMEA,Nelson,Valarie,Small,-1.1722518631534757,0.5103602769172405
10153,1.530556853420273,0.22267225366577603,2,0.4635313162865075,28/09/2003,Shipped,3,9,2003,Ships,-0.01780828045423823,S700_3505,Euro Shopping Channel,(91) 555 94 44,"C/ Moralzarzal, 86",,Madrid,CA,28034,Spain,EMEA,Freyre,Diego,Medium,0.340812543914691,0.1227187723718165
10167,-1.138925168473156,0.8101579745265006,13,-0.4024292352442535,23/10/2003,Cancelled,4,10,2003,Ships,-0.01780828045423823,S700_3505,Scandinavian Gift Ideas,0695-34 6555,?kergatan 24,,Boras,CA,S-844 67,Sweden,EMEA,Larsson,Maria,Small,-0.9227093076274656,0.5202800723832122
10177,0.9145225406756355,0.42147543853088165,4,0.27213703774350123,07/11/2003,Shipped,4,11,2003,Ships,-0.01780828045423823,S700_3505,CAF Imports,+34 913 728 555,"Merchants House, 27-30 Merchant's Quay",,Madrid,CA,28023,Spain,EMEA,Fernandez,Jesus,Medium,0.38544878887763956,-0.11331175113413833
10185,0.1958158424735585,0.8101579745265006,4,0.18341775831220017,14/11/2003,Shipped,4,11,2003,Ships,-0.01780828045423823,S700_3505,Mini Creations Ltd.,5085559555,4575 Hillside Dr.,,New Bedford,MA,50553,USA,EMEA,Tam,Wing C,Medium,0.15864176631857846,0.02477599199362171
10197,-0.8309080121008373,0.42147543853088165,10,-0.5786296991313178,26/11/2003,Shipped,4,11,2003,Ships,-0.01780828045423823,S700_3505,Enaco Distributors,(93) 203 4555,"Rambla de Catalu¤a, 23",,Barcelona,CA,8022,Spain,EMEA,Saavedra,Eduardo,Small,-0.3502073187790235,-0.22842238035229429
10208,0.1958158424735585,0.8101579745265006,4,0.4851979783584189,02/01/2004,Shipped,1,1,2004,Ships,-0.01780828045423823,S700_3505,"Saveley & Henriot, Co.",78.32.5555,"2, rue du Commerce",,Lyon,CA,69004,France,EMEA,Saveley,Mary,Medium,0.15864176631857846,0.3265562120398404
10222,0.29848822793099805,0.8101579745265006,16,0.3439139648779693,19/02/2004,Shipped,1,2,2004,Ships,-0.01780828045423823,S700_3505,Collectable Mini Designs Co.,7605558146,361 Furth Circle,,San Diego,CA,91217,USA,EMEA,Thompson,Valarie,Medium,0.24182261816058184,0.10209134671738748
10232,1.325212082505394,0.6197828548551769,1,0.5765780759389024,20/03/2004,Shipped,1,3,2004,Ships,-0.01780828045423823,S700_3505,giftsbymail.co.uk,(198) 555-8888,Garden House Crowther Way,,Cowes,Isle of Wight,PO31 7PJ,UK,EMEA,Bennett,Helen,Medium,0.8213437277837673,-0.24476565184486487
10248,-0.5228908557285186,0.8101579745265006,7,-0.16751700435931766,07/05/2004,Cancelled,2,5,2004,Ships,-0.01780828045423823,S700_3505,Land of Toys Inc.,2125557818,897 Long Airport Avenue,,NYC,NY,10022,USA,EMEA,Yu,Kwai,Medium,-0.42362419657544526,0.2561071922161276
10261,-1.0362527830157164,0.22267225366577603,5,-0.7331580707053498,17/06/2004,Shipped,2,6,2004,Ships,-0.01780828045423823,S700_3505,Quebec Home Shopping Network,(514) 555-8054,43 rue St. Laurent,,Montreal,Quebec,H1J 1C3,Canada,EMEA,Fresnisre,Jean,Small,-0.23074474256154198,-0.5024133281438078
10273,0.5038329988458772,0.12351854550362837,8,-0.05858636747647411,21/07/2004,Shipped,3,7,2004,Ships,-0.01780828045423823,S700_3505,Petit Auto,(02) 5554 67,Rue Joseph-Bens 532,,Bruxelles,CA,B-1180,Belgium,EMEA,Dewey,Catherine,Medium,0.06223271919417402,-0.12081908667064814
10283,-1.344269939388035,0.22267225366577603,10,-0.8767607971443726,20/08/2004,Shipped,3,8,2004,Ships,-0.01780828045423823,S700_3505,"Royal Canadian Collectables, Ltd.",(604) 555-4555,23 Tsawassen Blvd.,,Tsawassen,BC,T2F 8M4,Canada,EMEA,Lincoln,Elizabeth,Small,-0.2993316169386899,-0.5774291802056827
10295,-0.11220131389876024,0.8101579745265006,5,-0.04350115764294761,10/09/2004,Shipped,3,9,2004,Ships,-0.01780828045423823,S700_3505,Gifts4AllAges.com,6175559555,8616 Spinnaker Dr.,,Boston,MA,51003,USA,EMEA,Yoshido,Juri,Medium,-0.0909007892074317,0.047399631564484096
10306,-0.3175460848136394,0.3218259618279237,4,-0.36333149917463864,14/10/2004,Shipped,4,10,2004,Ships,-0.01780828045423823,S700_3505,"AV Stores, Co.",(171) 555-1555,Fauntleroy Circus,,Manchester,CA,EC2 5NT,UK,EMEA,Ashworth,Victoria,Small,-0.10219457416984094,-0.2611369250047977
10315,-0.42021847027107895,0.12351854550362837,3,-0.479620112776139,29/10/2004,Shipped,4,10,2004,Ships,-0.01780828045423823,S700_3505,La Rochelle Gifts,40.67.8555,"67, rue des Cinquante Otages",,Nantes,CA,44000,France,EMEA,Labrune,Janine,Small,-0.05190477424164337,-0.4277153385344956
10327,0.8118501552181959,-0.18137910709497596,2,-0.061844512148942016,10/11/2004,Resolved,4,11,2004,Ships,-0.01780828045423823,S700_3505,Danish Wholesale Imports,31 12 3555,Vinb'ltet 34,,Kobenhavn,CA,1734,Denmark,EMEA,Petersen,Jytte,Medium,-0.147252656248394,0.085408144099452
10337,-0.42021847027107895,0.28365178418549636,1,-0.42524710843377034,21/11/2004,Shipped,4,11,2004,Ships,-0.01780828045423823,S700_3505,Classic Legends Inc.,2125558493,5905 Pompton St.,Suite 750,NYC,NY,10022,USA,EMEA,Hernandez,Maria,Small,-0.1191957188400915,-0.30605138959367884
10350,-0.42021847027107895,-0.3132535389506322,13,-0.6279254280257572,02/12/2004,Shipped,4,12,2004,Ships,-0.01780828045423823,S700_3505,Euro Shopping Channel,(91) 555 94 44,"C/ Moralzarzal, 86",,Madrid,CA,28034,Spain,EMEA,Freyre,Diego,Small,0.1316349229448365,-0.7595603509705937
10373,-0.11220131389876024,0.6287066885897706,2,-0.15113939713904573,31/01/2005,Shipped,1,1,2005,Ships,-0.01780828045423823,S700_3505,"Oulu Toy Supplies, Inc.",981-443655,Torikatu 38,,Oulu,CA,90110,Finland,EMEA,Koskitalo,Pirkko,Medium,-0.07054171651671096,-0.08059768062233477
10386,1.017194926133075,0.4175092902043958,2,0.32022725310912775,01/03/2005,Resolved,1,3,2005,Ships,-0.01780828045423823,S700_3505,Euro Shopping Channel,(91) 555 94 44,"C/ Moralzarzal, 86",,Madrid,CA,28034,Spain,EMEA,Freyre,Diego,Medium,0.424688331609333,-0.10446107850020525
10397,1.325212082505394,0.8101579745265006,3,0.889881267643416,28/03/2005,Shipped,1,3,2005,Ships,-0.01780828045423823,S700_3505,Alpha Cognac,61.77.6555,1 rue Alsace-Lorraine,,Toulouse,CA,31000,France,EMEA,Roulet,Annette,Medium,1.0736311365806157,-0.1837498689371997
10414,-0.7282356266433977,0.8101579745265006,7,-0.2850057012485103,06/05/2005,On Hold,2,5,2005,Ships,-0.01780828045423823,S700_3505,Gifts4AllAges.com,6175559555,8616 Spinnaker Dr.,,Boston,MA,51003,USA,EMEA,Yoshido,Juri,Medium,-0.589985900259452,0.30498019901094164
10105,-1.344269939388035,0.8101579745265006,7,-0.5417800828857059,11/02/2003,Shipped,1,2,2003,Ships,-0.04269579318805743,S700_3962,Danish Wholesale Imports,31 12 3555,Vinb'ltet 34,,Kobenhavn,CA,1734,Denmark,EMEA,Petersen,Jytte,Small,-1.0890710113114723,0.5472909284257664
10117,1.017194926133075,-0.01182626613770338,1,0.10861075663233721,16/04/2003,Shipped,2,4,2003,Ships,-0.04269579318805743,S700_3962,"Dragon Souveniers, Ltd.",+65 221 7555,"Bronz Sok., Bronz Apt. 3/6 Tesvikiye",,Singapore,CA,79903,Singapore,Japan,Natividad,Eric,Medium,-0.012029617910371276,0.12064037454270848
10129,-0.5228908557285186,0.08683167348363328,7,-0.5384567753197885,12/06/2003,Shipped,2,6,2003,Ships,-0.04269579318805743,S700_3962,"Stylish Desk Decors, Co.",(171) 555-0297,35 King George,,London,CA,WX3 6FW,UK,EMEA,Brown,Ann,Small,-0.04540348805219632,-0.49305328726759223
10142,0.29848822793099805,0.08683167348363328,4,-0.1674192600191437,08/08/2003,Shipped,3,8,2003,Ships,-0.04269579318805743,S700_3962,Mini Gifts Distributors Ltd.,4155551450,5677 Strong St.,,San Rafael,CA,97562,USA,EMEA,Nelson,Valarie,Medium,0.02591823234641273,-0.19333749236555642
10153,-1.5496147103029143,0.8101579745265006,3,-0.7326965002100835,28/09/2003,Shipped,3,9,2003,Ships,-0.04269579318805743,S700_3962,Euro Shopping Channel,(91) 555 94 44,"C/ Moralzarzal, 86",,Madrid,CA,28034,Spain,EMEA,Freyre,Diego,Small,-1.2554327149954791,0.5227362147853957
10167,-0.7282356266433977,0.8101579745265006,14,-0.29914604912702103,23/10/2003,Cancelled,4,10,2003,Ships,-0.04269579318805743,S700_3962,Scandinavian Gift Ideas,0695-34 6555,?kergatan 24,,Boras,CA,S-844 67,Sweden,EMEA,Larsson,Maria,Medium,-0.589985900259452,0.29083985113243094
10177,-1.138925168473156,0.8101579745265006,5,-0.557907899014422,07/11/2003,Shipped,4,11,2003,Ships,-0.04269579318805743,S700_3962,CAF Imports,+34 913 728 555,"Merchants House, 27-30 Merchant's Quay",,Madrid,CA,28023,Spain,EMEA,Fernandez,Jesus,Small,-0.9227093076274656,0.36480140861304367
10185,-1.344269939388035,-0.20864637683956644,5,-0.9806956121960987,14/11/2003,Shipped,4,11,2003,Ships,-0.04269579318805743,S700_3962,Mini Creations Ltd.,5085559555,4575 Hillside Dr.,,New Bedford,MA,50553,USA,EMEA,Tam,Wing C,Small,0.2804770523476571,-1.2611726645437558
10197,-0.009528928441320661,0.48047189488735936,11,-0.15565192751041376,26/11/2003,Shipped,4,11,2003,Ships,-0.04269579318805743,S700_3962,Enaco Distributors,(93) 203 4555,"Rambla de Catalu¤a, 23",,Barcelona,CA,8022,Spain,EMEA,Saavedra,Eduardo,Medium,-0.00457838230444739,-0.1510735452059664
10208,-0.21487369935619982,0.08683167348363328,5,-0.3993177070820466,02/01/2004,Shipped,1,1,2004,Ships,-0.04269579318805743,S700_3962,"Saveley & Henriot, Co.",78.32.5555,"2, rue du Commerce",,Lyon,CA,69004,France,EMEA,Saveley,Mary,Small,-0.018657842902717926,-0.3806598641793287
10222,-0.42021847027107895,0.5791298345086968,17,-0.3249179734862422,19/02/2004,Shipped,1,2,2004,Ships,-0.04269579318805743,S700_3962,Collectable Mini Designs Co.,7605558146,361 Furth Circle,,San Diego,CA,91217,USA,EMEA,Thompson,Valarie,Small,-0.24336105314558767,-0.08155692034065451
10232,-0.009528928441320661,-0.060907351677966216,2,-0.3631957431466191,20/03/2004,Shipped,1,3,2004,Ships,-0.04269579318805743,S700_3962,giftsbymail.co.uk,(198) 555-8888,Garden House Crowther Way,,Cowes,Isle of Wight,PO31 7PJ,UK,EMEA,Bennett,Helen,Small,0.000580381795689692,-0.3637761249423088
10248,-0.009528928441320661,0.3327328697257599,8,-0.21228934240014757,07/05/2004,Cancelled,2,5,2004,Ships,-0.04269579318805743,S700_3962,Land of Toys Inc.,2125557818,897 Long Airport Avenue,,NYC,NY,10022,USA,EMEA,Yu,Kwai,Medium,-0.003170587705692036,-0.20911875469445554
10261,1.530556853420273,-0.11048420575904006,6,0.28107521462830487,17/06/2004,Shipped,2,6,2004,Ships,-0.04269579318805743,S700_3962,Quebec Home Shopping Network,(514) 555-8054,43 rue St. Laurent,,Montreal,Quebec,H1J 1C3,Canada,EMEA,Fresnisre,Jean,Medium,-0.16910235831919435,0.4501775729474992
10273,-0.9335803975582768,0.8101579745265006,9,-0.3173590778461166,21/07/2004,Shipped,3,7,2004,Ships,-0.04269579318805743,S700_3962,Petit Auto,(02) 5554 67,Rue Joseph-Bens 532,,Bruxelles,CA,B-1180,Belgium,EMEA,Dewey,Catherine,Small,-0.7563476039434588,0.4389885260973422
10283,0.29848822793099805,0.28365178418549636,11,-0.08549864247105897,20/08/2004,Shipped,3,8,2004,Ships,-0.04269579318805743,S700_3962,"Royal Canadian Collectables, Ltd.",(604) 555-4555,23 Tsawassen Blvd.,,Tsawassen,BC,T2F 8M4,Canada,EMEA,Lincoln,Elizabeth,Medium,0.0846667184109947,-0.17016536088205367
10294,1.017194926133075,0.8101579745265006,1,0.618347490639941,10/09/2004,Shipped,3,9,2004,Ships,-0.04269579318805743,S700_3962,Online Mini Collectables,6175557555,7635 Spinnaker Dr.,,Brickhaven,MA,58339,USA,EMEA,Barajas,Miguel,Medium,0.8240885810546055,-0.20574109041466448
10306,-0.5228908557285186,0.8101579745265006,5,-0.020737586864638724,14/10/2004,Shipped,4,10,2004,Ships,-0.04269579318805743,S700_3962,"AV Stores, Co.",(171) 555-1555,Fauntleroy Circus,,Manchester,CA,EC2 5NT,UK,EMEA,Ashworth,Victoria,Medium,-0.42362419657544526,0.40288660971080653
10315,0.1958158424735585,0.3823097238068337,4,-0.09405127223628722,29/10/2004,Shipped,4,10,2004,Ships,-0.04269579318805743,S700_3962,La Rochelle Gifts,40.67.8555,"67, rue des Cinquante Otages",,Nantes,CA,44000,France,EMEA,Labrune,Janine,Medium,0.0748623006530686,-0.16891357288935582
10327,0.1958158424735585,0.14632389838092202,3,-0.1896886788554617,10/11/2004,Resolved,4,11,2004,Ships,-0.04269579318805743,S700_3962,Danish Wholesale Imports,31 12 3555,Vinb'ltet 34,,Kobenhavn,CA,1734,Denmark,EMEA,Petersen,Jytte,Medium,0.028652537435475606,-0.2183412162909373
10337,0.09314345701611891,-0.5834473936924847,7,-0.5244793346749013,21/11/2004,Shipped,4,11,2004,Ships,-0.04269579318805743,S700_3962,Classic Legends Inc.,2125558493,5905 Pompton St.,Suite 750,NYC,NY,10022,USA,EMEA,Hernandez,Maria,Small,-0.05434430723556255,-0.4701350274393387
10350,-1.0362527830157164,0.8101579745265006,16,-0.3796493737425822,02/12/2004,Shipped,4,12,2004,Ships,-0.04269579318805743,S700_3962,Euro Shopping Channel,(91) 555 94 44,"C/ Moralzarzal, 86",,Madrid,CA,28034,Spain,EMEA,Freyre,Diego,Small,-0.8395284557854622,0.45987908204288
10373,0.1958158424735585,0.8101579745265006,8,0.25615040788392535,31/01/2005,Shipped,1,1,2005,Ships,-0.04269579318805743,S700_3962,"Oulu Toy Supplies, Inc.",981-443655,Torikatu 38,,Oulu,CA,90110,Finland,EMEA,Koskitalo,Pirkko,Medium,0.15864176631857846,0.09750864156534689
10386,-0.5228908557285186,0.5860705940800471,3,-0.37440919106102954,01/03/2005,Resolved,1,3,2005,Ships,-0.04269579318805743,S700_3962,Euro Shopping Channel,(91) 555 94 44,"C/ Moralzarzal, 86",,Madrid,CA,28034,Spain,EMEA,Freyre,Diego,Small,-0.3064509544558371,-0.06795823660519246
10397,0.09314345701611891,0.8101579745265006,2,0.12806188032697044,28/03/2005,Shipped,1,3,2005,Ships,-0.04269579318805743,S700_3962,Alpha Cognac,61.77.6555,1 rue Alsace-Lorraine,,Toulouse,CA,31000,France,EMEA,Roulet,Annette,Medium,0.07546091447657508,0.052600965850395365
10414,-0.8309080121008373,0.3327328697257599,8,-0.6048740544680469,06/05/2005,On Hold,2,5,2005,Ships,-0.04269579318805743,S700_3962,Gifts4AllAges.com,6175559555,8616 Spinnaker Dr.,,Boston,MA,51003,USA,EMEA,Yoshido,Juri,Small,-0.276470407344438,-0.32840364712360887
10106,1.325212082505394,-1.1015255188397064,10,-0.3284041882857829,17/02/2003,Shipped,1,2,2003,Planes,-0.6648836115335376,S700_4002,Rovelli Gifts,035-640555,Via Ludovico il Moro 22,,Bergamo,CA,24100,Italy,EMEA,Rovelli,Giovanni,Small,-1.4597549267544019,1.131350738468619
10119,-0.9335803975582768,-1.2115861348996901,1,-1.0937423718484935,28/04/2003,Shipped,2,4,2003,Planes,-0.6648836115335376,S700_4002,Salzburg Collectables,6562-9555,Geislweg 14,,Salzburg,CA,5020,Austria,EMEA,Pipps,Georg,Small,1.1311130654957486,-2.2248554373442424
10131,-0.9335803975582768,0.07295015434093256,2,-0.7279287485060387,16/06/2003,Shipped,2,6,2003,Planes,-0.6648836115335376,S700_4002,Gift Ideas Corp.,2035554407,2440 Pompton St.,,Glendale,CT,97561,USA,EMEA,Lewis,Dan,Small,-0.06810483409154548,-0.6598239144144933
10143,-0.11220131389876024,0.10963702636092765,5,-0.3444451205565665,10/08/2003,Shipped,3,8,2003,Planes,-0.6648836115335376,S700_4002,Mini Creations Ltd.,5085559555,4575 Hillside Dr.,,New Bedford,MA,50553,USA,EMEA,Tam,Wing C,Small,-0.012301418409649094,-0.3321437021469174
10155,0.9145225406756355,0.10963702636092765,3,0.12184968448479852,06/10/2003,Shipped,4,10,2003,Planes,-0.6648836115335376,S700_4002,"Toys of Finland, Co.",90-224 8555,Keskuskatu 45,,Helsinki,CA,21240,Finland,EMEA,Karttunen,Matti,Medium,0.10026553189971718,0.02158415258508134
10168,0.40116061338843767,-0.03711046171905129,17,-0.1739844215341666,28/10/2003,Shipped,4,10,2003,Planes,-0.6648836115335376,S700_4002,Technics Stores Inc.,6505556809,9408 Furth Circle,,Burlingame,CA,94217,USA,EMEA,Hirano,Juri,Medium,-0.014887255586342749,-0.15909716594782386
10178,1.017194926133075,-0.36729230989900286,2,-0.06659597312962437,08/11/2003,Shipped,4,11,2003,Planes,-0.6648836115335376,S700_4002,Alpha Cognac,61.77.6555,1 rue Alsace-Lorraine,,Toulouse,CA,31000,France,EMEA,Roulet,Annette,Medium,-0.3736078740369627,0.3070119009073383
10198,0.5038329988458772,-0.9909691342389115,2,-0.5468736490569972,27/11/2003,Shipped,4,11,2003,Planes,-0.6648836115335376,S700_4002,Cruz & Sons Co.,+63 2 555 3587,15 McCallum Street - NatWest Center #13-03,,Makati City,CA,1227 MM,Philippines,Japan,Cruz,Arnold,Small,-0.49928295066729345,-0.047590698389703756
10210,0.7091777697607564,-0.66078728605896,15,-0.3258302539945331,12/01/2004,Shipped,1,1,2004,Planes,-0.6648836115335376,S700_4002,Osaka Souveniers Co.,+81 06 6342 5555,"Dojima Avanza 4F, 1-6-20 Dojima, Kita-ku",,Osaka,Osaka,530-0003,Japan,Japan,Kentary,Mory,Small,-0.4686156538135562,0.1427853998190231
10222,0.8118501552181959,-0.47735292595898665,2,-0.2012442319604813,19/02/2004,Shipped,1,2,2004,Planes,-0.6648836115335376,S700_4002,Collectable Mini Designs Co.,7605558146,361 Furth Circle,,San Diego,CA,91217,USA,EMEA,Thompson,Valarie,Medium,-0.3875390470336633,0.18629481507318202
10235,-0.11220131389876024,-0.5507266699989761,11,-0.5903698804344439,02/04/2004,Shipped,2,4,2004,Planes,-0.6648836115335376,S700_4002,"Royal Canadian Collectables, Ltd.",(604) 555-4555,23 Tsawassen Blvd.,,Tsawassen,BC,T2F 8M4,Canada,EMEA,Lincoln,Elizabeth,Small,0.06179225597297407,-0.652162136407418
10250,0.29848822793099805,-1.064342878278901,12,-0.6465620155522738,11/05/2004,Shipped,2,5,2004,Planes,-0.6648836115335376,S700_4002,The Sharp Gifts Warehouse,4085553659,3086 Ingle Ln.,,San Jose,CA,94217,USA,EMEA,Frick,Sue,Small,-0.3176938196484471,-0.32886819590382665
10262,-0.009528928441320661,-0.6241004140389657,7,-0.5791021301088258,24/06/2004,Cancelled,2,6,2004,Planes,-0.6648836115335376,S700_4002,Euro Shopping Channel,(91) 555 94 44,"C/ Moralzarzal, 86",,Madrid,CA,28034,Spain,EMEA,Freyre,Diego,Small,0.0059470081855759,-0.5850491382944017
10275,-0.42021847027107895,-0.5507266699989761,17,-0.708559078428217,23/07/2004,Shipped,3,7,2004,Planes,-0.6648836115335376,S700_4002,La Rochelle Gifts,40.67.8555,"67, rue des Cinquante Otages",,Nantes,CA,44000,France,EMEA,Labrune,Janine,Small,0.23142551880445505,-0.939984597232672
10284,-0.3175460848136394,-0.9542822622189171,9,-0.8106095998110326,21/08/2004,Shipped,3,8,2004,Planes,-0.6648836115335376,S700_4002,"Norway Gifts By Mail, Co.",+47 2212 1555,"Drammensveien 126 A, PB 744 Sentrum",,Oslo,CA,N 0106,Norway,EMEA,Klaeboe,Jan,Small,0.3030285961747199,-1.1136381959857524
10296,1.2225396970479543,0.146819666921733,5,0.28087972594795674,15/09/2004,Shipped,3,9,2004,Planes,-0.6648836115335376,S700_4002,"Bavarian Collectables Imports, Co.",+49 89 61 08 9555,Hansastr. 15,,Munich,CA,80686,Germany,EMEA,Donnermeyer,Michael,Medium,0.17949287111917703,0.10138685482877971
10308,0.40116061338843767,-0.7708479021189438,15,-0.4874179390255789,15/10/2004,Shipped,4,10,2004,Planes,-0.6648836115335376,S700_4002,Mini Classics,9145554562,3758 North Pendale Street,,White Plains,NY,24067,USA,EMEA,Frick,Steve,Small,-0.30923381724322585,-0.17818412178235304
10316,0.9145225406756355,-1.064342878278901,7,-0.4439379983714946,01/11/2004,Shipped,4,11,2004,Planes,-0.6648836115335376,S700_4002,giftsbymail.co.uk,(198) 555-8888,Garden House Crowther Way,,Cowes,Isle of Wight,PO31 7PJ,UK,EMEA,Bennett,Helen,Small,-0.9733655531936393,0.5294275548221447
10328,0.40116061338843767,0.10963702636092765,12,-0.1112977180358841,12/11/2004,Shipped,4,11,2004,Planes,-0.6648836115335376,S700_4002,Rovelli Gifts,035-640555,Via Ludovico il Moro 22,,Bergamo,CA,24100,Italy,EMEA,Rovelli,Giovanni,Medium,0.04398205674503405,-0.15527977478091815
10339,1.530556853420273,-1.2790106564499506,8,-0.35887870145559925,23/11/2004,Shipped,4,11,2004,Planes,-0.6648836115335376,S700_4002,"Tokyo Collectables, Ltd",+81 3 3584 0555,2-2-8 Roppongi,,Minato-ku,Tokyo,106-0032,Japan,Japan,Shimamura,Akiko,Small,-1.957598525827034,1.598719824371435
10352,-1.344269939388035,-0.40397918191899723,1,-1.0277649422310184,03/12/2004,Shipped,4,12,2004,Planes,-0.6648836115335376,S700_4002,Auto-Moto Classics Inc.,6175558428,16780 Pompton St.,,Brickhaven,MA,58339,USA,EMEA,Taylor,Leslie,Small,0.5430570703922784,-1.5708220126232968
10361,-0.009528928441320661,0.8101579745265006,11,0.3928567280995581,17/12/2004,Shipped,4,12,2004,Planes,-0.6648836115335376,S700_4002,Souveniers And Things Co.,+61 2 9495 8555,"Monitor Money Building, 815 Pacific Hwy",Level 6,Chatswood,NSW,2067,Australia,APAC,Huxley,Adrian,Medium,-0.007719937365428311,0.4005766654649864
10373,1.017194926133075,-1.3900628095915561,17,-0.5707124075772207,31/01/2005,Shipped,1,1,2005,Planes,-0.6648836115335376,S700_4002,"Oulu Toy Supplies, Inc.",981-443655,Torikatu 38,,Oulu,CA,90110,Finland,EMEA,Koskitalo,Pirkko,Small,-1.4139648369228177,0.843252429345597
10386,0.9145225406756355,0.13591275902389682,15,0.13451300677845696,01/03/2005,Resolved,1,3,2005,Planes,-0.6648836115335376,S700_4002,Euro Shopping Channel,(91) 555 94 44,"C/ Moralzarzal, 86",,Madrid,CA,28034,Spain,EMEA,Freyre,Diego,Medium,0.12429528169276953,0.010217725085687426
10398,0.09314345701611891,0.1835065389417274,12,-0.2220583461764304,30/03/2005,Shipped,1,3,2005,Planes,-0.6648836115335376,S700_4002,Reims Collectables,26.47.1555,59 rue de l'Abbaye,,Reims,CA,51100,France,EMEA,Henriot,Paul,Medium,0.017092433422095536,-0.23915077959852593
10401,-0.7282356266433977,-0.5507266699989761,11,-0.8267482764219902,03/04/2005,On Hold,2,4,2005,Planes,-0.6648836115335376,S700_4002,Tekni Collectables Inc.,2015559350,7476 Moss Rd.,,Newark,NJ,94019,USA,EMEA,Brown,William,Small,0.40105878163593606,-1.2278070580579263
10416,0.8118501552181959,-1.064342878278901,12,-0.4777086679016245,10/05/2005,Shipped,2,5,2005,Planes,-0.6648836115335376,S700_4002,L'ordine Souveniers,0522-556555,Strada Provinciale 124,,Reggio Emilia,CA,42100,Italy,EMEA,Moroni,Maurizio,Small,-0.8640869309361072,0.38637826303448275
10106,1.325212082505394,-1.537801834753156,15,-0.5577775732275233,17/02/2003,Shipped,1,2,2003,Planes,-1.2870714298790178,S72_1253,Rovelli Gifts,035-640555,Via Ludovico il Moro 22,,Bergamo,CA,24100,Italy,EMEA,Rovelli,Giovanni,Small,-2.0379135719138453,1.4801359986863218
10119,-0.7282356266433977,-1.7594103724955559,6,-1.1974382562909052,28/04/2003,Shipped,2,4,2003,Planes,-1.2870714298790178,S72_1253,Salzburg Collectables,6562-9555,Geislweg 14,,Salzburg,CA,5020,Austria,EMEA,Pipps,Georg,Small,1.2812653151371949,-2.4787035714281
10131,-1.4469423248454747,-2.079676849859293,7,-1.45420720768698,16/06/2003,Shipped,2,6,2003,Planes,-1.2870714298790178,S72_1253,Gift Ideas Corp.,2035554407,2440 Pompton St.,,Glendale,CT,97561,USA,EMEA,Lewis,Dan,Small,3.009172456062718,-4.4633796637496985
10143,0.1958158424735585,-1.6364597743744929,10,-0.9121931204574611,10/08/2003,Shipped,3,8,2003,Planes,-1.2870714298790178,S72_1253,Mini Creations Ltd.,5085559555,4575 Hillside Dr.,,New Bedford,MA,50553,USA,EMEA,Tam,Wing C,Small,-0.32044474939323075,-0.5917483710642304
10155,-0.11220131389876024,-1.710329286955293,8,-1.0222152358055814,06/10/2003,Shipped,4,10,2003,Planes,-1.2870714298790178,S72_1253,"Toys of Finland, Co.",90-224 8555,Keskuskatu 45,,Helsinki,CA,21240,Finland,EMEA,Karttunen,Matti,Small,0.19190119319591362,-1.214116429001495
10167,0.5038329988458772,-2.079676849859293,4,-1.0238660291062984,23/10/2003,Cancelled,4,10,2003,Planes,-1.2870714298790178,S72_1253,Scandinavian Gift Ideas,0695-34 6555,?kergatan 24,,Boras,CA,S-844 67,Sweden,EMEA,Larsson,Maria,Small,-1.0478098238949545,0.023943794788656048
10178,1.017194926133075,-1.6116713473339561,7,-0.6799417077217073,08/11/2003,Shipped,4,11,2003,Planes,-1.2870714298790178,S72_1253,Alpha Cognac,61.77.6555,1 rue Alsace-Lorraine,,Toulouse,CA,31000,France,EMEA,Roulet,Annette,Small,-1.6393839171021571,0.9594422093804499
10186,-0.7282356266433977,-1.5625902617936929,4,-1.1370756959923165,14/11/2003,Shipped,4,11,2003,Planes,-1.2870714298790178,S72_1253,"Double Decker Gift Stores, Ltd",(171) 555-7555,120 Hanover Sq.,,London,CA,WA1 1DP,UK,EMEA,Hardy,Thomas,Small,1.1379338984842007,-2.275009594476517
10197,-0.6255632411859581,-2.079676849859293,1,-1.2730109219687982,26/11/2003,Shipped,4,11,2003,Planes,-1.2870714298790178,S72_1253,Enaco Distributors,(93) 203 4555,"Rambla de Catalu¤a, 23",,Barcelona,CA,8022,Spain,EMEA,Saavedra,Eduardo,Small,1.3009693908173823,-2.5739803127861807
10209,1.325212082505394,-1.931937824697693,3,-0.764995574396482,09/01/2004,Shipped,1,1,2004,Planes,-1.2870714298790178,S72_1253,"Men 'R' US Retailers, Ltd.",2155554369,6047 Douglas Av.,,Los Angeles,CA,,USA,EMEA,Chandler,Michael,Small,-2.56022734793857,1.7952317735420882
10222,-0.42021847027107895,-1.8823609706166191,7,-1.1607135355910712,19/02/2004,Shipped,1,2,2004,Planes,-1.2870714298790178,S72_1253,Collectable Mini Designs Co.,7605558146,361 Furth Circle,,San Diego,CA,91217,USA,EMEA,Thompson,Valarie,Small,0.7910028475704991,-1.9517163831615703
10249,-0.3175460848136394,-1.291404869970219,3,-0.928771646599202,08/05/2004,Shipped,2,5,2004,Planes,-1.2870714298790178,S72_1253,Cambridge Collectables Co.,6175555555,4658 Baden Av.,,Cambridge,MA,51247,USA,EMEA,Tseng,Kyung,Small,0.4100805603683101,-1.3388522069675122
10262,-1.4469423248454747,-1.316193297010756,12,-1.27859320984096,24/06/2004,Cancelled,2,6,2004,Planes,-1.2870714298790178,S72_1253,Euro Shopping Channel,(91) 555 94 44,"C/ Moralzarzal, 86",,Madrid,CA,28034,Spain,EMEA,Freyre,Diego,Small,1.9044557891227736,-3.1830489989637334
10274,-0.3175460848136394,-1.242323784429956,4,-0.9115686427285714,21/07/2004,Shipped,3,7,2004,Planes,-1.2870714298790178,S72_1253,Collectables For Less Inc.,6175558555,7825 Douglas Av.,,Brickhaven,MA,58339,USA,EMEA,Nelson,Allen,Small,0.3944950538165962,-1.3060636965451677
10283,0.8118501552181959,-1.291404869970219,1,-0.5846518365342627,20/08/2004,Shipped,3,8,2004,Planes,-1.2870714298790178,S72_1253,"Royal Canadian Collectables, Ltd.",(604) 555-4555,23 Tsawassen Blvd.,,Tsawassen,BC,T2F 8M4,Canada,EMEA,Lincoln,Elizabeth,Small,-1.0484272441348563,0.46377540760059366
10296,-1.4469423248454747,-1.907149397657156,10,-1.4145230055763212,15/09/2004,Shipped,3,9,2004,Planes,-1.2870714298790178,S72_1253,"Bavarian Collectables Imports, Co.",+49 89 61 08 9555,Hansastr. 15,,Munich,CA,80686,Germany,EMEA,Donnermeyer,Michael,Small,2.7595351832736923,-4.1740581888500135
10307,-0.11220131389876024,-1.4887207492128927,4,-0.9396864312519694,14/10/2004,Shipped,4,10,2004,Planes,-1.2870714298790178,S72_1253,"Classic Gift Ideas, Inc",2155554695,782 First Street,,Philadelphia,PA,71270,USA,EMEA,Cervantes,Francisca,Small,0.1670364240900333,-1.1067228553420028
10316,-0.11220131389876024,-1.9810189102379558,12,-1.1230222319717382,01/11/2004,Shipped,4,11,2004,Planes,-1.2870714298790178,S72_1253,giftsbymail.co.uk,(198) 555-8888,Garden House Crowther Way,,Cowes,Isle of Wight,PO31 7PJ,UK,EMEA,Bennett,Helen,Small,0.22227292458698883,-1.345295156558727
10329,0.9145225406756355,0.1225270084220064,8,0.12806188032697044,15/11/2004,Shipped,4,11,2004,Planes,-1.2870714298790178,S72_1253,Land of Toys Inc.,2125557818,897 Long Airport Avenue,,NYC,NY,10022,USA,EMEA,Yu,Kwai,Medium,0.11205371104347828,0.016008169283492163
10339,-0.8309080121008373,-0.36431769865413827,6,-0.8110168678950912,23/11/2004,Shipped,4,11,2004,Planes,-1.2870714298790178,S72_1253,"Tokyo Collectables, Ltd",+81 3 3584 0555,2-2-8 Roppongi,,Minato-ku,Tokyo,106-0032,Japan,Japan,Shimamura,Akiko,Small,0.3027144947618619,-1.1137313626569532
10352,1.4278844679628335,-1.537801834753156,4,-0.5291927839677381,03/12/2004,Shipped,4,12,2004,Planes,-1.2870714298790178,S72_1253,Auto-Moto Classics Inc.,6175558428,16780 Pompton St.,,Brickhaven,MA,58339,USA,EMEA,Taylor,Leslie,Small,-2.1958033546487794,1.6666105706810415
10361,-1.2415975539305957,0.5721890749373464,12,-0.7408418618912532,17/12/2004,Shipped,4,12,2004,Planes,-1.2870714298790178,S72_1253,Souveniers And Things Co.,+61 2 9495 8555,"Monitor Money Building, 815 Pacific Hwy",Level 6,Chatswood,NSW,2067,Australia,APAC,Huxley,Adrian,Small,-0.7104285558280196,-0.03041330606323367
10373,-1.0362527830157164,-0.9265192239335157,9,-1.0478405436545415,31/01/2005,Shipped,1,1,2005,Planes,-1.2870714298790178,S72_1253,"Oulu Toy Supplies, Inc.",981-443655,Torikatu 38,,Oulu,CA,90110,Finland,EMEA,Koskitalo,Pirkko,Small,0.9601081243186674,-2.007948667973209
10386,1.530556853420273,0.17309539958470221,16,0.4363801106826083,01/03/2005,Resolved,1,3,2005,Planes,-1.2870714298790178,S72_1253,Euro Shopping Channel,(91) 555 94 44,"C/ Moralzarzal, 86",,Madrid,CA,28034,Spain,EMEA,Freyre,Diego,Medium,0.26493235012988664,0.17144776055272165
10398,-0.11220131389876024,-2.153546362440093,1,-1.1872728449128054,30/03/2005,Shipped,1,3,2005,Planes,-1.2870714298790178,S72_1253,Reims Collectables,26.47.1555,59 rue de l'Abbaye,,Reims,CA,51100,France,EMEA,Henriot,Paul,Small,0.24163073140767416,-1.4289035763204796
10400,-1.5496147103029143,-1.3652743825510192,4,-1.3203571943008776,01/04/2005,Shipped,2,4,2005,Planes,-1.2870714298790178,S72_1253,The Sharp Gifts Warehouse,4085553659,3086 Ingle Ln.,,San Jose,CA,94217,USA,EMEA,Frick,Sue,Small,2.115649266800788,-3.4360064611016656
10415,0.7091777697607564,-1.291404869970219,3,-0.6159354556310754,09/05/2005,Disputed,2,5,2005,Planes,-1.2870714298790178,S72_1253,"Australian Collectables, Ltd",61-9-3844-6555,7 Allen Street,,Glen Waverly,Victoria,3150,Australia,APAC,Connery,Sean,Small,-0.9158356255436595,0.29990016991258406
10105,-1.0362527830157164,-1.3325536588575102,8,-1.1590247306025088,11/02/2003,Shipped,1,2,2003,Ships,-1.1626338662099218,S72_3212,Danish Wholesale Imports,31 12 3555,Vinb'ltet 34,,Kobenhavn,CA,1734,Denmark,EMEA,Petersen,Jytte,Small,1.3808624375088705,-2.5398871681113793
10117,1.530556853420273,-1.9820104473195774,2,-0.7438827969188899,16/04/2003,Shipped,2,4,2003,Ships,-1.1626338662099218,S72_3212,"Dragon Souveniers, Ltd.",+65 221 7555,"Bronz Sok., Bronz Apt. 3/6 Tesvikiye",,Singapore,CA,79903,Singapore,Japan,Natividad,Eric,Small,-3.0335796736955603,2.28969687677667
10129,-0.3175460848136394,-0.9265192239335157,8,-0.8008786077225951,12/06/2003,Shipped,2,6,2003,Ships,-1.1626338662099218,S72_3212,"Stylish Desk Decors, Co.",(171) 555-0297,35 King George,,London,CA,WX3 6FW,UK,EMEA,Brown,Ann,Small,0.2942125520646595,-1.0950911597872546
10142,0.40116061338843767,-1.954743177574987,5,-0.9931471550860469,08/08/2003,Shipped,3,8,2003,Ships,-1.1626338662099218,S72_3212,Mini Gifts Distributors Ltd.,4155551450,5677 Strong St.,,San Rafael,CA,97562,USA,EMEA,Nelson,Valarie,Small,-0.7841659721328456,-0.20898118295320134
10153,1.530556853420273,-1.169941577471588,4,-0.29914604912702103,28/09/2003,Shipped,3,9,2003,Ships,-1.1626338662099218,S72_3212,Euro Shopping Channel,(91) 555 94 44,"C/ Moralzarzal, 86",,Madrid,CA,28034,Spain,EMEA,Freyre,Diego,Medium,-1.7906620995004643,1.4915160503734433
10167,0.29848822793099805,-1.7385880937815048,15,-0.9271968766741757,23/10/2003,Cancelled,4,10,2003,Ships,-1.1626338662099218,S72_3212,Scandinavian Gift Ideas,0695-34 6555,?kergatan 24,,Boras,CA,S-844 67,Sweden,EMEA,Larsson,Maria,Small,-0.5189480792147733,-0.40824879745940246
10177,0.5038329988458772,-1.6572820530885441,6,-0.8388034117101215,07/11/2003,Shipped,4,11,2003,Ships,-1.1626338662099218,S72_3212,CAF Imports,+34 913 728 555,"Merchants House, 27-30 Merchant's Quay",,Madrid,CA,28023,Spain,EMEA,Fernandez,Jesus,Small,-0.8349933867410534,-0.0038100249690681265
10185,-0.7282356266433977,-0.9532907251372952,6,-0.9502102385440407,14/11/2003,Shipped,4,11,2003,Ships,-1.1626338662099218,S72_3212,Mini Creations Ltd.,5085559555,4575 Hillside Dr.,,New Bedford,MA,50553,USA,EMEA,Tam,Wing C,Small,0.6942202685936971,-1.6444305071377379
10197,0.7091777697607564,-1.6572820530885441,12,-0.7842512094107673,26/11/2003,Shipped,4,11,2003,Ships,-1.1626338662099218,S72_3212,Enaco Distributors,(93) 203 4555,"Rambla de Catalu¤a, 23",,Barcelona,CA,8022,Spain,EMEA,Saavedra,Eduardo,Small,-1.1753075902738612,0.3910563808630939
10208,0.7091777697607564,-0.980557994881886,6,-0.472935485956459,02/01/2004,Shipped,1,1,2004,Ships,-1.1626338662099218,S72_3212,"Saveley & Henriot, Co.",78.32.5555,"2, rue du Commerce",,Lyon,CA,69004,France,EMEA,Saveley,Mary,Small,-0.6953899319314151,0.22245444597495606
10222,0.09314345701611891,-1.0073294960856658,18,-0.6916221563725049,19/02/2004,Shipped,1,2,2004,Ships,-1.1626338662099218,S72_3212,Collectable Mini Designs Co.,7605558146,361 Furth Circle,,San Diego,CA,91217,USA,EMEA,Thompson,Valarie,Small,-0.09382615161972394,-0.5977960047527809
10232,-1.138925168473156,-1.6840535542923238,3,-1.2822586225974864,20/03/2004,Shipped,1,3,2004,Ships,-1.1626338662099218,S72_3212,giftsbymail.co.uk,(198) 555-8888,Garden House Crowther Way,,Cowes,Isle of Wight,PO31 7PJ,UK,EMEA,Bennett,Helen,Small,1.9180109780402022,-3.2002696006376885
10248,-1.2415975539305957,-0.8992519541889252,9,-1.1115318417601683,07/05/2004,Cancelled,2,5,2004,Ships,-1.1626338662099218,S72_3212,Land of Toys Inc.,2125557818,897 Long Airport Avenue,,NYC,NY,10022,USA,EMEA,Yu,Kwai,Small,1.1165090266882776,-2.2280408684484456
10261,-0.6255632411859581,-1.6300147833439533,7,-1.1301792897689262,17/06/2004,Shipped,2,6,2004,Ships,-1.1626338662099218,S72_3212,Quebec Home Shopping Network,(514) 555-8054,43 rue St. Laurent,,Montreal,Quebec,H1J 1C3,Canada,EMEA,Fresnisre,Jean,Small,1.0196773310496707,-2.149856620818597
10273,0.1958158424735585,-1.8739329054228366,10,-1.0084332838410421,21/07/2004,Shipped,3,7,2004,Ships,-1.1626338662099218,S72_3212,Petit Auto,(02) 5554 67,Rue Joseph-Bens 532,,Bruxelles,CA,B-1180,Belgium,EMEA,Dewey,Catherine,Small,-0.36694575061429596,-0.6414875332267462
10283,-0.21487369935619982,-1.6032432821401734,12,-1.0102035424464164,20/08/2004,Shipped,3,8,2004,Ships,-1.1626338662099218,S72_3212,"Royal Canadian Collectables, Ltd.",(604) 555-4555,23 Tsawassen Blvd.,,Tsawassen,BC,T2F 8M4,Canada,EMEA,Lincoln,Elizabeth,Small,0.3444948150014347,-1.354698357447851
10293,-0.3175460848136394,-1.169941577471588,1,-0.8861985562122879,09/09/2004,Shipped,3,9,2004,Ships,-1.1626338662099218,S72_3212,Amica Models & Co.,011-4988555,Via Monte Bianco 34,,Torino,CA,10100,Italy,EMEA,Accorti,Paolo,Small,0.37151036738679594,-1.257708923599084
10306,-0.009528928441320661,-1.1972088472161788,6,-0.7988096858555781,14/10/2004,Shipped,4,10,2004,Ships,-1.1626338662099218,S72_3212,"AV Stores, Co.",(171) 555-1555,Fauntleroy Circus,,Manchester,CA,EC2 5NT,UK,EMEA,Ashworth,Victoria,Small,0.011408117434438968,-0.810217803290017
10315,0.5038329988458772,-1.386592429805881,5,-0.7202069456322898,29/10/2004,Shipped,4,10,2004,Ships,-1.1626338662099218,S72_3212,La Rochelle Gifts,40.67.8555,"67, rue des Cinquante Otages",,Nantes,CA,44000,France,EMEA,Labrune,Janine,Small,-0.6986110220860884,-0.021595923546201434
10327,0.1958158424735585,0.1527688894114614,4,-0.1870767328763666,10/11/2004,Resolved,4,11,2004,Ships,-1.1626338662099218,S72_3212,Danish Wholesale Imports,31 12 3555,Vinb'ltet 34,,Kobenhavn,CA,1734,Denmark,EMEA,Petersen,Jytte,Medium,0.029914568783855205,-0.21699130166022182
10337,0.7091777697607564,0.6693597089362507,5,0.2860818969416638,21/11/2004,Shipped,4,11,2004,Ships,-1.1626338662099218,S72_3212,Classic Legends Inc.,2125558493,5905 Pompton St.,Suite 750,NYC,NY,10022,USA,EMEA,Hernandez,Maria,Medium,0.47469502555111937,-0.18861312860945556
10350,-1.5496147103029143,0.8101579745265006,15,-0.7110841405493796,02/12/2004,Shipped,4,12,2004,Ships,-1.1626338662099218,S72_3212,Euro Shopping Channel,(91) 555 94 44,"C/ Moralzarzal, 86",,Madrid,CA,28034,Spain,EMEA,Freyre,Diego,Small,-1.2554327149954791,0.5443485744460995
10373,-0.6255632411859581,0.8101579745265006,1,0.23057940244617328,31/01/2005,Shipped,1,1,2005,Ships,-1.1626338662099218,S72_3212,"Oulu Toy Supplies, Inc.",981-443655,Torikatu 38,,Oulu,CA,90110,Finland,EMEA,Koskitalo,Pirkko,Medium,-0.5068050484174486,0.7373844508636218
10386,0.8118501552181959,0.8101579745265006,4,1.0120236811731167,01/03/2005,Resolved,1,3,2005,Ships,-1.1626338662099218,S72_3212,Euro Shopping Channel,(91) 555 94 44,"C/ Moralzarzal, 86",,Madrid,CA,28034,Spain,EMEA,Freyre,Diego,Medium,0.6577268773705988,0.35429680380251793
10397,-0.11220131389876024,-1.061864035574847,1,-0.7807215526822604,28/03/2005,Shipped,1,3,2005,Ships,-1.1626338662099218,S72_3212,Alpha Cognac,61.77.6555,1 rue Alsace-Lorraine,,Toulouse,CA,31000,France,EMEA,Roulet,Annette,Small,0.11914253997333772,-0.8998640926555981
10414,1.2225396970479543,-0.8992519541889252,9,-0.2576372859997799,06/05/2005,On Hold,2,5,2005,Ships,-1.1626338662099218,S72_3212,Gifts4AllAges.com,6175559555,8616 Spinnaker Dr.,,Boston,MA,51003,USA,EMEA,Yoshido,Juri,Medium,-1.0993712116439096,0.8417339256441296
