ORDERNUMBER,ORDERLINENUMBER,order_id,order_line,warehouse,delivery_date,shipping_cost
10107,2,10107,2,WH_ONLY,2003-02-24,49.84900667935069
10121,5,10121,5,WH_ONLY,2003-05-07,50.745807728211894
10134,2,10134,2,WH_ONLY,2003-07-01,52.038937084613195
10145,6,10145,6,WH_ONLY,2003-08-25,51.55150754619652
10159,14,10159,14,WH_ONLY,2003-10-11,54.31437423218813
10168,1,10168,1,WH_ONLY,2003-10-28,50.30887536233827
10180,9,10180,9,WH_ONLY,2003-11-11,49.058978077990616
10188,1,10188,1,WH_ONLY,2003-11-18,51.10861390479026
10201,2,10201,2,WH_ONLY,2003-12-01,51.357201491639415
10211,14,10211,14,WH_ONLY,2004-01-15,49.860176698055945
10223,1,10223,1,WH_ONLY,2004-02-20,49.81537067818704
10237,7,10237,7,WH_ONLY,2004-04-05,50.99364253100694
10251,2,10251,2,WH_ONLY,2004-05-19,52.360131619915464
10263,2,10263,2,WH_ONLY,2004-06-28,52.028563768847064
10275,1,10275,1,WH_ONLY,2004-07-23,49.180348096541984
10285,6,10285,6,WH_ONLY,2004-08-27,51.317441994221475
10299,9,10299,9,WH_ONLY,2004-10-01,50.23963807051813
10309,5,10309,5,WH_ONLY,2004-10-17,55.485095415950724
10318,1,10318,1,WH_ONLY,2004-11-02,51.477631226353445
10329,1,10329,1,WH_ONLY,2004-11-15,51.85838371789667
10341,9,10341,9,WH_ONLY,2004-11-24,52.22178657062112
10361,13,10361,13,WH_ONLY,2004-12-17,50.741889291751846
10375,12,10375,12,WH_ONLY,2005-02-03,50.18723891181813
10388,4,10388,4,WH_ONLY,2005-03-03,51.524173024841275
10403,7,10403,7,WH_ONLY,2005-04-08,50.003664163098875
10417,2,10417,2,WH_ONLY,2005-05-13,51.25942860840745
10103,11,10103,11,WH_ONLY,2003-01-29,50.12741637704723
10112,1,10112,1,WH_ONLY,2003-03-26,51.25880563895648
10126,11,10126,11,WH_ONLY,2003-05-29,50.09958044674775
10140,11,10140,11,WH_ONLY,2003-07-25,49.53799677087073
10150,8,10150,8,WH_ONLY,2003-09-19,52.12084782110384
10163,1,10163,1,WH_ONLY,2003-10-21,49.34270222064086
10174,4,10174,4,WH_ONLY,2003-11-07,50.487279072657785
10183,8,10183,8,WH_ONLY,2003-11-13,50.44799277016607
10194,11,10194,11,WH_ONLY,2003-11-27,49.936970680877224
10206,6,10206,6,WH_ONLY,2003-12-05,49.73173756898022
10215,3,10215,3,WH_ONLY,2004-01-29,49.65500305317333
10228,2,10228,2,WH_ONLY,2004-03-10,51.582972098840905
10245,9,10245,9,WH_ONLY,2004-05-04,50.3183169114626
10258,6,10258,6,WH_ONLY,2004-06-16,52.06739625000111
10270,9,10270,9,WH_ONLY,2004-07-19,50.74507009747727
10280,2,10280,2,WH_ONLY,2004-08-17,50.58907448333863
10291,11,10291,11,WH_ONLY,2004-09-08,50.69285535575477
10304,6,10304,6,WH_ONLY,2004-10-12,51.26612903266002
10312,3,10312,3,WH_ONLY,2004-10-21,51.36010998184895
10322,1,10322,1,WH_ONLY,2004-11-04,50.29545921702436
10333,3,10333,3,WH_ONLY,2004-11-19,50.189622487025524
10347,1,10347,1,WH_ONLY,2004-11-30,51.96845060950023
10357,10,10357,10,WH_ONLY,2004-12-11,57.14771194367172
10369,2,10369,2,WH_ONLY,2005-01-20,51.71087301449617
10381,3,10381,3,WH_ONLY,2005-02-18,51.056552903414854
10391,4,10391,4,WH_ONLY,2005-03-11,51.885869472672304
10411,9,10411,9,WH_ONLY,2005-05-02,51.18513984356786
10424,6,10424,6,WH_ONLY,2005-05-31,51.19213354741483
10107,5,10107,5,WH_ONLY,2003-02-24,49.99936300950232
10120,3,10120,3,WH_ONLY,2003-04-29,51.50012365652175
10134,5,10134,5,WH_ONLY,2003-07-01,49.54479864231777
10145,9,10145,9,WH_ONLY,2003-08-26,50.044444218355295
10159,17,10159,17,WH_ONLY,2003-10-10,51.520225123855795
10168,4,10168,4,WH_ONLY,2003-10-28,49.76555749388395
10180,12,10180,12,WH_ONLY,2003-11-11,49.412095750184626
10188,4,10188,4,WH_ONLY,2003-11-18,49.314133759430845
10201,5,10201,5,WH_ONLY,2003-12-01,52.41854603142067
10210,2,10210,2,WH_ONLY,2004-01-14,50.681895454815695
10223,4,10223,4,WH_ONLY,2004-02-20,50.334808828331745
10236,1,10236,1,WH_ONLY,2004-04-05,51.74203331892727
10251,5,10251,5,WH_ONLY,2004-05-20,51.51508114787358
10263,5,10263,5,WH_ONLY,2004-06-28,50.59589040643849
10275,4,10275,4,WH_ONLY,2004-07-23,51.05309979041734
10285,9,10285,9,WH_ONLY,2004-08-27,52.10951797096369
10298,1,10298,1,WH_ONLY,2004-09-29,51.51197782038681
10308,2,10308,2,WH_ONLY,2004-10-16,54.50959490181933
10318,4,10318,4,WH_ONLY,2004-11-02,51.56313945968004
10329,2,10329,2,WH_ONLY,2004-11-15,51.22031887328635
10339,4,10339,4,WH_ONLY,2004-11-24,50.342584340273106
10361,8,10361,8,WH_ONLY,2004-12-17,50.78783677140527
10374,5,10374,5,WH_ONLY,2005-02-02,49.69283899511183
10388,5,10388,5,WH_ONLY,2005-03-03,49.36263214516102
10402,1,10402,1,WH_ONLY,2005-04-08,51.45263765438625
10417,5,10417,5,WH_ONLY,2005-05-13,49.00504394364608
10107,4,10107,4,WH_ONLY,2003-02-26,50.915845433226835
10120,2,10120,2,WH_ONLY,2003-04-29,50.96491857184187
10134,4,10134,4,WH_ONLY,2003-07-01,49.31638628693845
10145,8,10145,8,WH_ONLY,2003-08-25,51.88245746182247
10159,16,10159,16,WH_ONLY,2003-10-10,49.811306054271036
10168,3,10168,3,WH_ONLY,2003-10-28,50.054428408910574
10180,11,10180,11,WH_ONLY,2003-11-11,50.4307458672354
10188,3,10188,3,WH_ONLY,2003-11-18,50.1156673141405
10201,4,10201,4,WH_ONLY,2003-12-01,49.726446809121434
10210,1,10210,1,WH_ONLY,2004-01-14,51.43759890552152
10223,3,10223,3,WH_ONLY,2004-02-20,51.89409112604227
10237,9,10237,9,WH_ONLY,2004-04-07,50.17788582516557
10251,4,10251,4,WH_ONLY,2004-05-19,51.524099609196256
10263,4,10263,4,WH_ONLY,2004-06-30,51.55469179400006
10275,3,10275,3,WH_ONLY,2004-07-23,52.082042585285066
10285,8,10285,8,WH_ONLY,2004-08-27,50.546351829266314
10299,11,10299,11,WH_ONLY,2004-09-30,50.217862041259096
10308,1,10308,1,WH_ONLY,2004-10-16,55.19962988322865
10318,3,10318,3,WH_ONLY,2004-11-02,51.084574106579254
10329,3,10329,3,WH_ONLY,2004-11-15,51.43930020217551
10339,3,10339,3,WH_ONLY,2004-11-23,49.50028702739367
10362,4,10362,4,WH_ONLY,2005-01-05,50.52988283873727
10374,1,10374,1,WH_ONLY,2005-02-02,51.82578758951056
10388,7,10388,7,WH_ONLY,2005-03-03,51.6989271842922
10403,9,10403,9,WH_ONLY,2005-04-08,52.63971250309832
10417,4,10417,4,WH_ONLY,2005-05-13,51.34014754258519
10105,2,10105,2,WH_ONLY,2003-02-13,50.386933597904736
10119,11,10119,11,WH_ONLY,2003-04-28,51.30479392052675
10129,2,10129,2,WH_ONLY,2003-06-13,51.048440887096355
10143,15,10143,15,WH_ONLY,2003-08-11,49.21668951560877
10155,13,10155,13,WH_ONLY,2003-10-08,50.74348394638101
10167,9,10167,9,WH_ONLY,2003-10-23,51.14954825480913
10178,12,10178,12,WH_ONLY,2003-11-10,50.266535761708184
10186,9,10186,9,WH_ONLY,2003-11-14,51.92339395515203
10197,6,10197,6,WH_ONLY,2003-11-27,51.15623683020007
10209,8,10209,8,WH_ONLY,2004-01-09,52.501235829467205
10222,12,10222,12,WH_ONLY,2004-02-19,49.74497566485985
10248,3,10248,3,WH_ONLY,2004-05-07,49.840776527652764
10261,1,10261,1,WH_ONLY,2004-06-18,51.49498151265925
10273,4,10273,4,WH_ONLY,2004-07-22,50.21453069682102
10283,6,10283,6,WH_ONLY,2004-08-20,51.72755145696342
10295,1,10295,1,WH_ONLY,2004-09-10,51.961995923855206
10307,9,10307,9,WH_ONLY,2004-10-16,54.44883085265147
10316,17,10316,17,WH_ONLY,2004-11-01,50.535798104553464
10325,6,10325,6,WH_ONLY,2004-11-05,50.594333529216755
10337,8,10337,8,WH_ONLY,2004-11-22,50.32989963585742
10350,5,10350,5,WH_ONLY,2004-12-02,52.38330183369777
10359,6,10359,6,WH_ONLY,2004-12-16,52.12170794764178
10373,3,10373,3,WH_ONLY,2005-02-01,51.029491652510124
10384,4,10384,4,WH_ONLY,2005-02-25,51.42682436364679
10395,2,10395,2,WH_ONLY,2005-03-18,50.59635509231781
10400,9,10400,9,WH_ONLY,2005-04-01,51.81930491534128
10414,3,10414,3,WH_ONLY,2005-05-06,51.08116607374
10103,4,10103,4,WH_ONLY,2003-01-29,51.327997963482176
10114,8,10114,8,WH_ONLY,2003-04-01,52.32044769223533
10126,4,10126,4,WH_ONLY,2003-05-30,49.9632697330866
10140,4,10140,4,WH_ONLY,2003-07-24,51.7091415971537
10150,1,10150,1,WH_ONLY,2003-09-19,50.081036427355684
10164,2,10164,2,WH_ONLY,2003-10-21,50.206744731388625
10175,9,10175,9,WH_ONLY,2003-11-06,50.8137458365899
10183,1,10183,1,WH_ONLY,2003-11-13,52.6875314351259
10194,4,10194,4,WH_ONLY,2003-11-27,51.64674248859632
10207,15,10207,15,WH_ONLY,2003-12-09,51.37580077057906
10217,4,10217,4,WH_ONLY,2004-02-05,51.29521721112995
10229,9,10229,9,WH_ONLY,2004-03-11,50.792301556901066
10245,2,10245,2,WH_ONLY,2004-05-04,51.79126160130138
10259,12,10259,12,WH_ONLY,2004-06-15,50.87362003215574
10270,2,10270,2,WH_ONLY,2004-07-19,50.42946954989898
10281,9,10281,9,WH_ONLY,2004-08-19,49.45534959987116
10291,4,10291,4,WH_ONLY,2004-09-08,51.455611513777164
10305,13,10305,13,WH_ONLY,2004-10-13,51.90446313109633
10313,7,10313,7,WH_ONLY,2004-10-22,50.23102928074603
10322,8,10322,8,WH_ONLY,2004-11-04,49.09793880176965
10334,2,10334,2,WH_ONLY,2004-11-19,51.778028407541555
10347,2,10347,2,WH_ONLY,2004-11-30,49.88299272553442
10357,9,10357,9,WH_ONLY,2004-12-10,51.1845755879377
10370,4,10370,4,WH_ONLY,2005-01-20,52.33822553410298
10381,6,10381,6,WH_ONLY,2005-02-17,50.860469201396114
10391,7,10391,7,WH_ONLY,2005-03-11,49.78453052902149
10411,2,10411,2,WH_ONLY,2005-05-02,51.61222310732464
10425,12,10425,12,WH_ONLY,2005-05-31,51.61327006958188
10108,6,10108,6,WH_ONLY,2003-03-03,51.044682342416365
10122,10,10122,10,WH_ONLY,2003-05-08,52.29044613450017
10135,7,10135,7,WH_ONLY,2003-07-02,49.485733686639
10147,7,10147,7,WH_ONLY,2003-09-05,50.497583851091235
10159,2,10159,2,WH_ONLY,2003-10-10,51.77124332393776
10169,2,10169,2,WH_ONLY,2003-11-04,51.71342981090987
10181,14,10181,14,WH_ONLY,2003-11-13,49.58405141107501
10191,3,10191,3,WH_ONLY,2003-11-20,51.353481778131346
10203,8,10203,8,WH_ONLY,2003-12-02,51.02243660176713
10211,2,10211,2,WH_ONLY,2004-01-15,50.64813742050643
10225,9,10225,9,WH_ONLY,2004-02-24,49.34352026223298
10238,3,10238,3,WH_ONLY,2004-04-09,51.87592784347567
10253,13,10253,13,WH_ONLY,2004-06-03,49.54528775747187
10266,14,10266,14,WH_ONLY,2004-07-06,50.35808966306157
10276,3,10276,3,WH_ONLY,2004-08-04,49.90666970399357
10287,12,10287,12,WH_ONLY,2004-08-30,52.06509838342579
10300,5,10300,5,WH_ONLY,2003-10-06,51.19853667878084
10310,10,10310,10,WH_ONLY,2004-10-18,52.121957927944884
10320,3,10320,3,WH_ONLY,2004-11-03,49.76566575577752
10329,5,10329,5,WH_ONLY,2004-11-15,51.02076987548405
10341,2,10341,2,WH_ONLY,2004-11-24,50.71063944972252
10363,3,10363,3,WH_ONLY,2005-01-06,52.21344741307456
10375,7,10375,7,WH_ONLY,2005-02-03,52.37234023747198
10389,4,10389,4,WH_ONLY,2005-03-03,49.13510114186396
10419,13,10419,13,WH_ONLY,2005-05-19,51.4499366259847
10105,15,10105,15,WH_ONLY,2003-02-13,49.788741646828925
10117,9,10117,9,WH_ONLY,2003-04-16,50.97698142861472
10127,2,10127,2,WH_ONLY,2003-06-04,50.178974613113525
10142,12,10142,12,WH_ONLY,2003-08-08,50.001419298304484
10153,11,10153,11,WH_ONLY,2003-09-30,50.045643108786955
10165,3,10165,3,WH_ONLY,2003-10-22,51.558612161139465
10176,2,10176,2,WH_ONLY,2003-11-06,50.718893819246034
10185,13,10185,13,WH_ONLY,2003-11-14,51.59651736683939
10196,5,10196,5,WH_ONLY,2003-11-26,50.3635619877065
10208,13,10208,13,WH_ONLY,2004-01-02,49.371642066662645
10220,2,10220,2,WH_ONLY,2004-02-12,51.84272272419739
10231,2,10231,2,WH_ONLY,2004-03-19,50.5730396179726
10247,2,10247,2,WH_ONLY,2004-05-05,50.99243243238019
10272,2,10272,2,WH_ONLY,2004-07-20,51.611231305136194
10282,5,10282,5,WH_ONLY,2004-08-20,50.421860745950596
10293,8,10293,8,WH_ONLY,2004-09-09,49.15542199805981
10306,13,10306,13,WH_ONLY,2004-10-16,55.148892448939925
10314,5,10314,5,WH_ONLY,2004-10-22,52.51018151764328
10325,8,10325,8,WH_ONLY,2004-11-05,51.30109140404281
10336,10,10336,10,WH_ONLY,2004-11-22,50.95363009817504
10348,8,10348,8,WH_ONLY,2004-11-01,50.8846290612397
10359,8,10359,8,WH_ONLY,2004-12-15,50.0498391691708
10371,6,10371,6,WH_ONLY,2005-01-24,50.19467494668698
10382,10,10382,10,WH_ONLY,2005-02-17,51.27351567208855
10395,1,10395,1,WH_ONLY,2005-03-18,49.645369825272645
10413,2,10413,2,WH_ONLY,2005-05-05,50.31283949186698
10103,8,10103,8,WH_ONLY,2003-01-29,50.26620438136831
10113,2,10113,2,WH_ONLY,2003-03-27,50.362706081166465
10126,8,10126,8,WH_ONLY,2003-05-28,52.409013258426114
10140,8,10140,8,WH_ONLY,2003-07-25,49.28524836070383
10150,5,10150,5,WH_ONLY,2003-09-19,50.69294586101606
10164,6,10164,6,WH_ONLY,2003-10-21,50.0822509822458
10174,1,10174,1,WH_ONLY,2003-11-06,52.31703263674804
10183,5,10183,5,WH_ONLY,2003-11-13,50.007892671456716
10194,8,10194,8,WH_ONLY,2003-11-25,50.64817164998101
10206,3,10206,3,WH_ONLY,2003-12-05,51.54938107059275
10216,1,10216,1,WH_ONLY,2004-02-02,51.09617530156914
10229,13,10229,13,WH_ONLY,2004-03-11,50.440108475427095
10245,6,10245,6,WH_ONLY,2004-05-04,50.13623199286668
10258,3,10258,3,WH_ONLY,2004-06-15,50.27358823438769
10270,6,10270,6,WH_ONLY,2004-07-19,50.6063988242647
10281,13,10281,13,WH_ONLY,2004-08-19,49.81442663321195
10291,8,10291,8,WH_ONLY,2004-09-08,51.146152291903434
10304,3,10304,3,WH_ONLY,2004-10-12,50.221755145629544
10313,11,10313,11,WH_ONLY,2004-10-22,50.45567953674713
10322,9,10322,9,WH_ONLY,2004-11-04,51.24879906060522
10333,6,10333,6,WH_ONLY,2004-11-18,52.24092731481166
10347,3,10347,3,WH_ONLY,2004-11-29,51.08221398521581
10357,8,10357,8,WH_ONLY,2004-12-10,49.284817229328326
10370,8,10370,8,WH_ONLY,2005-01-20,49.74949179375414
10381,1,10381,1,WH_ONLY,2005-02-17,51.94938866991714
10391,9,10391,9,WH_ONLY,2005-03-09,49.84238997485323
10411,6,10411,6,WH_ONLY,2005-05-02,49.71508595565339
10424,3,10424,3,WH_ONLY,2005-05-31,50.83026004298981
10107,1,10107,1,WH_ONLY,2003-02-24,51.61858567073001
10121,4,10121,4,WH_ONLY,2003-05-07,51.70833516279262
10134,1,10134,1,WH_ONLY,2003-07-01,50.5412880015498
10145,5,10145,5,WH_ONLY,2003-08-25,49.23028321686155
10159,13,10159,13,WH_ONLY,2003-10-10,51.83441895381055
10169,13,10169,13,WH_ONLY,2003-11-04,50.509815967060646
10180,8,10180,8,WH_ONLY,2003-11-11,51.242046116958676
10189,1,10189,1,WH_ONLY,2003-11-19,51.894824480009326
10201,1,10201,1,WH_ONLY,2003-12-01,51.60759998870799
10211,13,10211,13,WH_ONLY,2004-01-15,50.599040129361526
10224,6,10224,6,WH_ONLY,2004-02-23,49.9328096092857
10237,6,10237,6,WH_ONLY,2004-04-05,50.97411847494485
10251,1,10251,1,WH_ONLY,2004-05-19,52.22417091291492
10263,1,10263,1,WH_ONLY,2004-06-28,51.961044135653054
10276,14,10276,14,WH_ONLY,2004-08-04,49.35427656022943
10285,5,10285,5,WH_ONLY,2004-08-27,49.81143716995675
10299,8,10299,8,WH_ONLY,2004-10-01,52.556135130040374
10309,4,10309,4,WH_ONLY,2004-10-15,51.67178340859048
10319,9,10319,9,WH_ONLY,2004-11-03,51.981034520180785
10329,6,10329,6,WH_ONLY,2004-11-15,49.599023635126656
10341,8,10341,8,WH_ONLY,2004-11-24,51.14924159820626
10362,1,10362,1,WH_ONLY,2005-01-05,51.90837026029566
10375,13,10375,13,WH_ONLY,2005-02-03,51.04969493616997
10388,6,10388,6,WH_ONLY,2005-03-03,50.52569384022002
10403,6,10403,6,WH_ONLY,2005-04-08,49.75499766625906
10417,1,10417,1,WH_ONLY,2005-05-13,51.26588097590466
10104,1,10104,1,WH_ONLY,2003-01-31,50.24528324536383
10117,10,10117,10,WH_ONLY,2003-04-16,50.833089662493045
10127,3,10127,3,WH_ONLY,2003-06-05,52.024858251075784
10142,13,10142,13,WH_ONLY,2003-08-08,50.313101018763255
10153,12,10153,12,WH_ONLY,2003-09-30,52.09915108459449
10165,4,10165,4,WH_ONLY,2003-10-22,50.182383864251484
10176,3,10176,3,WH_ONLY,2003-11-07,51.67298967566287
10185,14,10185,14,WH_ONLY,2003-11-14,52.623387358403974
10196,6,10196,6,WH_ONLY,2003-11-26,49.611447926774844
10208,14,10208,14,WH_ONLY,2004-01-02,49.32497887539117
10220,3,10220,3,WH_ONLY,2004-02-13,50.88992147603362
10230,1,10230,1,WH_ONLY,2004-03-16,49.72144261593716
10247,3,10247,3,WH_ONLY,2004-05-05,51.71298113249688
10272,3,10272,3,WH_ONLY,2004-07-20,52.30435353515794
10282,6,10282,6,WH_ONLY,2004-08-20,50.99967281518218
10293,9,10293,9,WH_ONLY,2004-09-09,49.928962114047835
10306,14,10306,14,WH_ONLY,2004-10-14,50.4810819672463
10314,6,10314,6,WH_ONLY,2004-10-22,51.152785002154154
10324,1,10324,1,WH_ONLY,2004-11-05,49.401083457815886
10336,11,10336,11,WH_ONLY,2004-11-22,50.72163845104586
10348,4,10348,4,WH_ONLY,2004-11-01,51.087347079375895
10358,5,10358,5,WH_ONLY,2004-12-10,51.22853774791632
10372,4,10372,4,WH_ONLY,2005-01-28,49.8404215139033
10382,11,10382,11,WH_ONLY,2005-02-17,51.50013755431885
10413,3,10413,3,WH_ONLY,2005-05-05,49.23015531421591
10108,4,10108,4,WH_ONLY,2003-03-04,49.55614008074263
10122,8,10122,8,WH_ONLY,2003-05-08,52.22506680613639
10135,5,10135,5,WH_ONLY,2003-07-02,51.37415307809465
10147,5,10147,5,WH_ONLY,2003-09-05,49.052793796037605
10160,6,10160,6,WH_ONLY,2003-10-13,50.05572278852685
10170,4,10170,4,WH_ONLY,2003-11-04,50.21208615844494
10181,12,10181,12,WH_ONLY,2003-11-12,49.876434248916404
10191,1,10191,1,WH_ONLY,2003-11-20,50.15134478699176
10203,6,10203,6,WH_ONLY,2003-12-03,49.17385129473122
10212,16,10212,16,WH_ONLY,2004-01-16,50.3396864215768
10225,7,10225,7,WH_ONLY,2004-02-23,51.49998468393851
10238,1,10238,1,WH_ONLY,2004-04-09,51.13491923829683
10253,11,10253,11,WH_ONLY,2004-06-03,51.423822248291536
10266,12,10266,12,WH_ONLY,2004-07-06,49.769948797201174
10276,1,10276,1,WH_ONLY,2004-08-03,52.62476939943793
10287,10,10287,10,WH_ONLY,2004-08-31,51.80013527287179
10300,3,10300,3,WH_ONLY,2003-10-06,51.54366888142394
10310,8,10310,8,WH_ONLY,2004-10-18,52.0337292577822
10320,1,10320,1,WH_ONLY,2004-11-03,51.886759189644856
10329,13,10329,13,WH_ONLY,2004-11-15,50.859612328871634
10341,1,10341,1,WH_ONLY,2004-11-24,49.58139811079865
10363,4,10363,4,WH_ONLY,2005-01-06,50.798012471034156
10376,1,10376,1,WH_ONLY,2005-02-08,51.996149969305606
10389,6,10389,6,WH_ONLY,2005-03-03,51.82932722450564
10419,11,10419,11,WH_ONLY,2005-05-17,51.03639545695754
10105,14,10105,14,WH_ONLY,2003-02-12,49.42109226442563
10117,8,10117,8,WH_ONLY,2003-04-18,50.147829031558615
10127,1,10127,1,WH_ONLY,2003-06-04,51.77782097315568
10142,11,10142,11,WH_ONLY,2003-08-08,50.834700914068826
10153,10,10153,10,WH_ONLY,2003-09-29,50.94018766390344
10165,2,10165,2,WH_ONLY,2003-10-22,50.310810649942745
10176,1,10176,1,WH_ONLY,2003-11-06,50.546975459708655
10185,12,10185,12,WH_ONLY,2003-11-15,56.7817073069802
10196,4,10196,4,WH_ONLY,2003-11-26,51.762196605984855
10208,12,10208,12,WH_ONLY,2004-01-02,51.866160651091036
10220,1,10220,1,WH_ONLY,2004-02-12,50.6961634779974
10231,1,10231,1,WH_ONLY,2004-03-19,51.27226492289681
10247,1,10247,1,WH_ONLY,2004-05-05,49.96447963894275
10272,1,10272,1,WH_ONLY,2004-07-20,51.193664507961756
10282,4,10282,4,WH_ONLY,2004-08-20,50.44535161370294
10293,7,10293,7,WH_ONLY,2004-09-09,50.87066349270787
10306,12,10306,12,WH_ONLY,2004-10-14,50.889898495261065
10314,4,10314,4,WH_ONLY,2004-10-22,51.80082048741773
10325,1,10325,1,WH_ONLY,2004-11-05,49.156514885332086
10336,1,10336,1,WH_ONLY,2004-11-22,51.42741542363865
10349,10,10349,10,WH_ONLY,2004-12-01,50.54165992758763
10359,5,10359,5,WH_ONLY,2004-12-16,50.81564131547128
10372,1,10372,1,WH_ONLY,2005-01-26,49.34016529216562
10382,12,10382,12,WH_ONLY,2005-02-17,49.89329238798099
10396,3,10396,3,WH_ONLY,2005-03-23,50.781730931172504
10413,1,10413,1,WH_ONLY,2005-05-05,49.44114226690229
10108,7,10108,7,WH_ONLY,2003-03-05,50.50573380077969
10122,11,10122,11,WH_ONLY,2003-05-08,51.99283825152007
10135,8,10135,8,WH_ONLY,2003-07-02,49.521997054213905
10147,8,10147,8,WH_ONLY,2003-09-05,51.673503056565465
10159,3,10159,3,WH_ONLY,2003-10-10,50.64305512276315
10169,3,10169,3,WH_ONLY,2003-11-04,50.92286209701005
10181,15,10181,15,WH_ONLY,2003-11-12,49.96250311460536
10191,4,10191,4,WH_ONLY,2003-11-20,49.894020495711345
10203,9,10203,9,WH_ONLY,2003-12-02,49.77743650570245
10211,3,10211,3,WH_ONLY,2004-01-15,49.89098507284888
10225,10,10225,10,WH_ONLY,2004-02-23,50.00536606950732
10238,4,10238,4,WH_ONLY,2004-04-09,51.015985763246185
10253,14,10253,14,WH_ONLY,2004-06-03,51.61298831564162
10266,15,10266,15,WH_ONLY,2004-07-06,51.84667799406687
10276,4,10276,4,WH_ONLY,2004-08-03,51.002936229001804
10287,13,10287,13,WH_ONLY,2004-08-31,49.70846328726688
10300,6,10300,6,WH_ONLY,2003-10-06,50.637217659731085
10310,11,10310,11,WH_ONLY,2004-10-18,50.28836756478925
10320,4,10320,4,WH_ONLY,2004-11-03,49.94297833774848
10329,14,10329,14,WH_ONLY,2004-11-15,50.96282267992535
10341,10,10341,10,WH_ONLY,2004-11-24,50.85022168474121
10363,5,10363,5,WH_ONLY,2005-01-06,50.39917778244816
10377,5,10377,5,WH_ONLY,2005-02-09,50.8281994330633
10389,7,10389,7,WH_ONLY,2005-03-03,51.661523636814096
10419,14,10419,14,WH_ONLY,2005-05-18,52.13051388637777
10104,9,10104,9,WH_ONLY,2003-01-31,50.64794394234386
10115,5,10115,5,WH_ONLY,2003-04-04,51.78103246048018
10127,11,10127,11,WH_ONLY,2003-06-05,51.824912561118445
10141,5,10141,5,WH_ONLY,2003-08-01,49.97171412206467
10151,3,10151,3,WH_ONLY,2003-09-23,50.01010812420682
10165,12,10165,12,WH_ONLY,2003-10-22,50.502407080689046
10175,1,10175,1,WH_ONLY,2003-11-06,52.26305868112666
10184,6,10184,6,WH_ONLY,2003-11-15,56.59726318798746
10195,6,10195,6,WH_ONLY,2003-11-25,49.449732941684346
10207,7,10207,7,WH_ONLY,2003-12-11,50.82402188083083
10219,2,10219,2,WH_ONLY,2004-02-12,50.607396497313886
10229,1,10229,1,WH_ONLY,2004-03-11,51.11329661094561
10246,5,10246,5,WH_ONLY,2004-05-05,49.693590825808556
10259,4,10259,4,WH_ONLY,2004-06-15,51.57063497495088
10271,5,10271,5,WH_ONLY,2004-07-20,51.49646141735246
10281,1,10281,1,WH_ONLY,2004-08-19,51.903759976529614
10292,8,10292,8,WH_ONLY,2004-09-08,52.23326910106091
10305,5,10305,5,WH_ONLY,2004-10-13,51.74792109046801
10314,14,10314,14,WH_ONLY,2004-10-22,50.912444215094524
10324,7,10324,7,WH_ONLY,2004-11-05,50.93468677251229
10336,3,10336,3,WH_ONLY,2004-11-22,49.52182427202264
10349,9,10349,9,WH_ONLY,2004-12-01,51.54424041816415
10358,9,10358,9,WH_ONLY,2004-12-10,50.151211164187245
10371,4,10371,4,WH_ONLY,2005-01-24,51.88787052895035
10382,13,10382,13,WH_ONLY,2005-02-17,49.90279214219674
10412,5,10412,5,WH_ONLY,2005-05-05,49.53626812043027
10425,4,10425,4,WH_ONLY,2005-05-31,50.07477365038699
10108,3,10108,3,WH_ONLY,2003-03-04,49.1676303516627
10122,7,10122,7,WH_ONLY,2003-05-08,51.88574675506331
10135,4,10135,4,WH_ONLY,2003-07-02,51.83913921424101
10147,4,10147,4,WH_ONLY,2003-09-05,50.764124439630315
10160,5,10160,5,WH_ONLY,2003-10-13,50.034135649759705
10170,3,10170,3,WH_ONLY,2003-11-04,49.80907008280709
10181,11,10181,11,WH_ONLY,2003-11-13,49.05455347768648
10192,16,10192,16,WH_ONLY,2003-11-20,50.22762398494527
10203,5,10203,5,WH_ONLY,2003-12-02,51.945744078041834
10212,15,10212,15,WH_ONLY,2004-01-16,50.35754825101577
10225,6,10225,6,WH_ONLY,2004-02-23,50.19953508133392
10239,5,10239,5,WH_ONLY,2004-04-12,50.041603538203994
10253,10,10253,10,WH_ONLY,2004-06-02,49.861816526825635
10266,11,10266,11,WH_ONLY,2004-07-06,50.49916383730783
10277,1,10277,1,WH_ONLY,2004-08-06,51.52874344855485
10287,9,10287,9,WH_ONLY,2004-08-30,49.72323717076942
10300,2,10300,2,WH_ONLY,2003-10-06,49.31659992280731
10310,7,10310,7,WH_ONLY,2004-10-18,50.9483151432651
10321,15,10321,15,WH_ONLY,2004-11-04,50.48932759987517
10329,15,10329,15,WH_ONLY,2004-11-15,50.01921962607358
10341,7,10341,7,WH_ONLY,2004-11-25,52.26756441479075
10363,6,10363,6,WH_ONLY,2005-01-06,51.08160970477392
10377,1,10377,1,WH_ONLY,2005-02-09,50.782857277384714
10389,8,10389,8,WH_ONLY,2005-03-03,50.389100167682095
10405,5,10405,5,WH_ONLY,2005-04-14,50.73853511361605
10419,10,10419,10,WH_ONLY,2005-05-19,51.15462961630988
10103,10,10103,10,WH_ONLY,2003-01-29,51.6566727751942
10113,4,10113,4,WH_ONLY,2003-03-27,51.6713264287481
10126,10,10126,10,WH_ONLY,2003-05-30,49.50321258298651
10140,10,10140,10,WH_ONLY,2003-07-24,50.77676024175521
10150,7,10150,7,WH_ONLY,2003-09-19,50.2023979497892
10164,8,10164,8,WH_ONLY,2003-10-21,51.925135017013446
10174,3,10174,3,WH_ONLY,2003-11-06,51.12066993528851
10183,7,10183,7,WH_ONLY,2003-11-15,56.28621079652311
10194,10,10194,10,WH_ONLY,2003-11-25,49.512875986683405
10206,5,10206,5,WH_ONLY,2003-12-05,50.813911682554114
10215,2,10215,2,WH_ONLY,2004-01-30,49.37130993694476
10228,1,10228,1,WH_ONLY,2004-03-10,50.564275183114376
10245,8,10245,8,WH_ONLY,2004-05-04,49.83698857553252
10258,5,10258,5,WH_ONLY,2004-06-15,51.06302655429679
10270,8,10270,8,WH_ONLY,2004-07-19,49.602398932523045
10280,1,10280,1,WH_ONLY,2004-08-18,50.6590855161297
10291,10,10291,10,WH_ONLY,2004-09-09,51.655934491996895
10304,5,10304,5,WH_ONLY,2004-10-12,50.242639479439305
10312,2,10312,2,WH_ONLY,2004-10-21,51.007001376229624
10322,10,10322,10,WH_ONLY,2004-11-04,50.23715267278766
10333,7,10333,7,WH_ONLY,2004-11-18,49.040957689468804
10347,5,10347,5,WH_ONLY,2004-11-29,52.17264702877033
10357,1,10357,1,WH_ONLY,2004-12-10,49.39394186345734
10370,1,10370,1,WH_ONLY,2005-01-20,50.59565248710658
10381,2,10381,2,WH_ONLY,2005-02-17,51.2808117208322
10391,10,10391,10,WH_ONLY,2005-03-09,51.64106886939959
10411,8,10411,8,WH_ONLY,2005-05-02,51.866535302773165
10424,5,10424,5,WH_ONLY,2005-05-31,50.307789641957065
10109,4,10109,4,WH_ONLY,2003-03-12,49.22003951629405
10122,2,10122,2,WH_ONLY,2003-05-08,51.1470413781526
10136,2,10136,2,WH_ONLY,2003-07-04,51.16666706457226
10148,13,10148,13,WH_ONLY,2003-09-11,51.83128669657478
10161,12,10161,12,WH_ONLY,2003-10-17,51.6707562800601
10171,2,10171,2,WH_ONLY,2003-11-06,52.22216089002796
10181,6,10181,6,WH_ONLY,2003-11-12,50.45057145888513
10192,11,10192,11,WH_ONLY,2003-11-20,50.281314649335386
10204,17,10204,17,WH_ONLY,2003-12-02,51.31374374009556
10212,10,10212,10,WH_ONLY,2004-01-16,50.60913389351833
10225,1,10225,1,WH_ONLY,2004-02-23,49.51892104572158
10240,3,10240,3,WH_ONLY,2004-04-13,51.55952792719015
10253,5,10253,5,WH_ONLY,2004-06-02,51.641186775793656
10266,6,10266,6,WH_ONLY,2004-07-06,50.82488150966612
10278,6,10278,6,WH_ONLY,2004-08-06,49.77629094337495
10287,4,10287,4,WH_ONLY,2004-08-30,50.52700838633123
10301,8,10301,8,WH_ONLY,2003-10-06,52.17354016167536
10310,2,10310,2,WH_ONLY,2004-10-18,51.870568444799716
10321,10,10321,10,WH_ONLY,2004-11-04,49.725034705331026
10331,6,10331,6,WH_ONLY,2004-11-17,49.89552570232267
10342,2,10342,2,WH_ONLY,2004-11-24,51.690108938535964
10356,8,10356,8,WH_ONLY,2004-12-09,50.96034509064408
10365,1,10365,1,WH_ONLY,2005-01-07,50.567192172221795
10377,2,10377,2,WH_ONLY,2005-02-09,52.66600348647391
10390,14,10390,14,WH_ONLY,2005-03-04,49.16263970612175
10406,3,10406,3,WH_ONLY,2005-04-15,51.63070743386506
10419,5,10419,5,WH_ONLY,2005-05-19,49.54450025934909
10102,2,10102,2,WH_ONLY,2003-01-10,50.958023659433195
10111,6,10111,6,WH_ONLY,2003-03-26,51.38197568690186
10125,1,10125,1,WH_ONLY,2003-05-21,50.63385398286054
10139,7,10139,7,WH_ONLY,2003-07-18,52.75076361483896
10149,4,10149,4,WH_ONLY,2003-09-12,50.97747967620428
10162,2,10162,2,WH_ONLY,2003-10-20,50.3755755217612
10173,6,10173,6,WH_ONLY,2003-11-05,50.14655649789479
10182,3,10182,3,WH_ONLY,2003-11-12,50.2977110125897
10193,7,10193,7,WH_ONLY,2003-11-21,50.525608680228515
10205,2,10205,2,WH_ONLY,2003-12-03,49.58358885549802
10215,10,10215,10,WH_ONLY,2004-01-30,50.82409793566046
10227,3,10227,3,WH_ONLY,2004-03-04,50.352258641357984
10244,7,10244,7,WH_ONLY,2004-04-30,51.268146481108175
10256,2,10256,2,WH_ONLY,2004-06-09,51.72806833786995
10280,9,10280,9,WH_ONLY,2004-08-17,51.80733088588961
10289,2,10289,2,WH_ONLY,2004-09-03,49.283329385438556
10304,13,10304,13,WH_ONLY,2004-10-11,50.06016073528486
10312,10,10312,10,WH_ONLY,2004-10-21,51.083729556385265
10322,14,10322,14,WH_ONLY,2004-11-04,50.49397812126114
10332,15,10332,15,WH_ONLY,2004-11-17,49.28147855212015
10346,3,10346,3,WH_ONLY,2004-11-29,51.56462836673718
10356,9,10356,9,WH_ONLY,2004-12-09,51.66732903536172
10369,8,10369,8,WH_ONLY,2005-01-20,50.620992395183265
10380,13,10380,13,WH_ONLY,2005-02-16,50.02910081537927
10391,2,10391,2,WH_ONLY,2005-03-09,52.0951494969884
10422,2,10422,2,WH_ONLY,2005-05-30,51.22258726895455
10102,1,10102,1,WH_ONLY,2003-01-10,51.65026989735878
10111,5,10111,5,WH_ONLY,2003-03-25,51.37501085621709
10126,17,10126,17,WH_ONLY,2003-05-29,51.99571000671581
10139,6,10139,6,WH_ONLY,2003-07-18,51.01440737403929
10149,3,10149,3,WH_ONLY,2003-09-12,49.45256838357943
10162,1,10162,1,WH_ONLY,2003-10-20,51.721752365082
10173,5,10173,5,WH_ONLY,2003-11-06,51.46806669417518
10182,2,10182,2,WH_ONLY,2003-11-12,51.97829226270875
10193,6,10193,6,WH_ONLY,2003-11-21,50.03113178590618
10205,1,10205,1,WH_ONLY,2003-12-03,49.98625277612584
10215,9,10215,9,WH_ONLY,2004-01-30,51.871054332187455
10227,2,10227,2,WH_ONLY,2004-03-03,51.97989830271559
10244,6,10244,6,WH_ONLY,2004-04-30,52.365482657125625
10256,1,10256,1,WH_ONLY,2004-06-10,51.23231295016405
10280,8,10280,8,WH_ONLY,2004-08-18,50.73983820074141
10289,1,10289,1,WH_ONLY,2004-09-03,51.1351885834472
10304,12,10304,12,WH_ONLY,2004-10-12,52.2458575364528
10312,9,10312,9,WH_ONLY,2004-10-21,51.546269926490076
10322,5,10322,5,WH_ONLY,2004-11-04,50.913403303828495
10332,16,10332,16,WH_ONLY,2004-11-17,49.853005686296946
10347,7,10347,7,WH_ONLY,2004-11-29,50.60282239416537
10356,6,10356,6,WH_ONLY,2004-12-09,51.92757636887729
10369,7,10369,7,WH_ONLY,2005-01-20,50.46264038221173
10381,9,10381,9,WH_ONLY,2005-02-17,50.25617606863656
10391,3,10391,3,WH_ONLY,2005-03-09,50.201209780910354
10422,1,10422,1,WH_ONLY,2005-05-30,49.94000000370314
10110,16,10110,16,WH_ONLY,2003-03-20,49.75011808877487
10123,2,10123,2,WH_ONLY,2003-05-20,50.24029481222938
10137,2,10137,2,WH_ONLY,2003-07-11,52.362775954885535
10148,9,10148,9,WH_ONLY,2003-09-11,51.12305227932634
10161,8,10161,8,WH_ONLY,2003-10-17,50.41802555831071
10172,6,10172,6,WH_ONLY,2003-11-05,50.089393305421915
10181,2,10181,2,WH_ONLY,2003-11-13,51.41369019087484
10192,7,10192,7,WH_ONLY,2003-11-20,50.70703615716379
10204,13,10204,13,WH_ONLY,2003-12-03,52.20568147515834
10212,6,10212,6,WH_ONLY,2004-01-16,51.61441120288035
10226,4,10226,4,WH_ONLY,2004-02-26,51.464010775299904
10241,11,10241,11,WH_ONLY,2004-04-13,50.061001220234054
10253,1,10253,1,WH_ONLY,2004-06-01,51.07985577757954
10266,2,10266,2,WH_ONLY,2004-07-06,50.58125051481116
10278,2,10278,2,WH_ONLY,2004-08-06,52.181225108468425
10288,14,10288,14,WH_ONLY,2004-09-02,50.974873958977376
10301,4,10301,4,WH_ONLY,2003-10-07,50.42919034016896
10311,9,10311,9,WH_ONLY,2004-10-18,50.21143016618288
10321,6,10321,6,WH_ONLY,2004-11-04,49.743239485483805
10331,14,10331,14,WH_ONLY,2004-11-18,51.07769983202152
10343,4,10343,4,WH_ONLY,2004-11-25,50.116608091936776
10367,1,10367,1,WH_ONLY,2005-01-12,51.08241162274986
10378,5,10378,5,WH_ONLY,2005-02-10,50.36267998353145
10407,11,10407,11,WH_ONLY,2005-04-22,51.27998402182883
10419,1,10419,1,WH_ONLY,2005-05-18,52.07478951454641
10106,12,10106,12,WH_ONLY,2003-02-18,51.653086142531095
10119,3,10119,3,WH_ONLY,2003-04-28,51.61055122863365
10131,4,10131,4,WH_ONLY,2003-06-16,50.25997923120943
10143,7,10143,7,WH_ONLY,2003-08-12,49.475652933892775
10155,5,10155,5,WH_ONLY,2003-10-06,51.10236446705139
10167,1,10167,1,WH_ONLY,2003-10-23,50.0570644730233
10178,4,10178,4,WH_ONLY,2003-11-10,50.837584286313536
10186,1,10186,1,WH_ONLY,2003-11-14,49.508973509674895
10198,4,10198,4,WH_ONLY,2003-11-27,50.27201684604869
10210,17,10210,17,WH_ONLY,2004-01-14,49.167655541538586
10222,4,10222,4,WH_ONLY,2004-02-19,51.64189318072899
10250,14,10250,14,WH_ONLY,2004-05-11,49.676344892787085
10262,9,10262,9,WH_ONLY,2004-06-25,50.82710068293334
10274,1,10274,1,WH_ONLY,2004-07-21,49.50123561280999
10284,11,10284,11,WH_ONLY,2004-08-23,51.18551564464986
10296,7,10296,7,WH_ONLY,2004-09-15,50.2013628467198
10307,1,10307,1,WH_ONLY,2004-10-14,52.38002622253814
10316,9,10316,9,WH_ONLY,2004-11-01,51.80964606447375
10327,6,10327,6,WH_ONLY,2004-11-11,50.2760559587697
10338,1,10338,1,WH_ONLY,2004-11-22,52.2508969242721
10351,1,10351,1,WH_ONLY,2004-12-03,52.1682032394464
10373,4,10373,4,WH_ONLY,2005-01-31,51.86007749842315
10386,7,10386,7,WH_ONLY,2005-03-01,52.174714210479635
10398,11,10398,11,WH_ONLY,2005-03-30,50.53131842691581
10400,1,10400,1,WH_ONLY,2005-04-01,50.745167189876
10416,14,10416,14,WH_ONLY,2005-05-10,49.96925135909813
10100,3,10100,3,WH_ONLY,2003-01-06,49.57299321046153
10110,7,10110,7,WH_ONLY,2003-03-18,52.075460365478705
10124,6,10124,6,WH_ONLY,2003-05-21,50.23083315591829
10149,11,10149,11,WH_ONLY,2003-09-12,52.03357198533624
10162,9,10162,9,WH_ONLY,2003-10-20,51.68481444278889
10173,13,10173,13,WH_ONLY,2003-11-05,51.70553502944688
10182,10,10182,10,WH_ONLY,2003-11-13,52.38088103180397
10193,14,10193,14,WH_ONLY,2003-11-21,49.805708735343984
10204,4,10204,4,WH_ONLY,2003-12-02,49.1022499227111
10214,7,10214,7,WH_ONLY,2004-01-28,50.24023723675303
10227,10,10227,10,WH_ONLY,2004-03-03,49.40061054570392
10241,2,10241,2,WH_ONLY,2004-04-13,49.09407126661195
10280,16,10280,16,WH_ONLY,2004-08-18,50.094650857644744
10288,5,10288,5,WH_ONLY,2004-09-03,51.75523922976461
10302,1,10302,1,WH_ONLY,2003-10-06,50.735204211224556
10312,17,10312,17,WH_ONLY,2004-10-21,50.09576271907301
10331,7,10331,7,WH_ONLY,2004-11-17,51.655212993264115
10344,1,10344,1,WH_ONLY,2004-11-25,49.96316485083234
10367,3,10367,3,WH_ONLY,2005-01-12,49.50905437609197
10379,2,10379,2,WH_ONLY,2005-02-10,51.32056640450665
10407,2,10407,2,WH_ONLY,2005-04-22,50.913521184686104
10420,5,10420,5,WH_ONLY,2005-05-30,51.240827910899625
10108,2,10108,2,WH_ONLY,2003-03-03,49.154169030367314
10122,6,10122,6,WH_ONLY,2003-05-08,51.607274014081774
10135,3,10135,3,WH_ONLY,2003-07-02,50.89130836842986
10147,3,10147,3,WH_ONLY,2003-09-05,50.67174975489523
10160,4,10160,4,WH_ONLY,2003-10-13,50.872632942047346
10170,2,10170,2,WH_ONLY,2003-11-04,51.82900467435058
10181,10,10181,10,WH_ONLY,2003-11-13,50.8127734724323
10192,15,10192,15,WH_ONLY,2003-11-20,50.90796341662542
10203,4,10203,4,WH_ONLY,2003-12-02,52.24041287307564
10212,14,10212,14,WH_ONLY,2004-01-16,51.72560622240203
10225,5,10225,5,WH_ONLY,2004-02-23,50.28349215910647
10239,4,10239,4,WH_ONLY,2004-04-12,51.697785710677266
10253,9,10253,9,WH_ONLY,2004-06-01,50.57533063841832
10266,10,10266,10,WH_ONLY,2004-07-06,49.66865225718737
10278,10,10278,10,WH_ONLY,2004-08-06,51.45837621036992
10287,8,10287,8,WH_ONLY,2004-08-31,52.489015327780976
10300,1,10300,1,WH_ONLY,2003-10-06,51.74984955527546
10310,6,10310,6,WH_ONLY,2004-10-16,55.130830960841074
10321,14,10321,14,WH_ONLY,2004-11-06,56.17607005795329
10329,9,10329,9,WH_ONLY,2004-11-15,50.17933976999565
10342,1,10342,1,WH_ONLY,2004-11-24,52.01824863835362
10363,7,10363,7,WH_ONLY,2005-01-06,51.99045606027513
10377,4,10377,4,WH_ONLY,2005-02-09,51.116734445877036
10389,3,10389,3,WH_ONLY,2005-03-03,51.67109213488854
10405,4,10405,4,WH_ONLY,2005-04-15,51.529808533663655
10419,9,10419,9,WH_ONLY,2005-05-18,50.94790845216118
10109,3,10109,3,WH_ONLY,2003-03-12,49.42292120614843
10122,1,10122,1,WH_ONLY,2003-05-08,50.89519881896841
10136,1,10136,1,WH_ONLY,2003-07-04,50.97709662246077
10148,12,10148,12,WH_ONLY,2003-09-11,51.113625305575724
10161,11,10161,11,WH_ONLY,2003-10-17,50.61710101860325
10171,1,10171,1,WH_ONLY,2003-11-05,52.49811143915949
10181,5,10181,5,WH_ONLY,2003-11-12,49.8057748820394
10192,10,10192,10,WH_ONLY,2003-11-20,50.81173519275284
10204,16,10204,16,WH_ONLY,2003-12-02,51.06286557794688
10212,9,10212,9,WH_ONLY,2004-01-16,51.32082243645585
10226,7,10226,7,WH_ONLY,2004-02-27,51.25178279615132
10240,2,10240,2,WH_ONLY,2004-04-13,49.90801729538497
10253,4,10253,4,WH_ONLY,2004-06-02,49.572272072776606
10266,5,10266,5,WH_ONLY,2004-07-06,51.08173077982907
10278,5,10278,5,WH_ONLY,2004-08-06,50.74312848687187
10287,3,10287,3,WH_ONLY,2004-08-31,49.680584905696094
10301,7,10301,7,WH_ONLY,2003-10-07,51.168619410406656
10310,1,10310,1,WH_ONLY,2004-10-16,55.505456026119695
10321,9,10321,9,WH_ONLY,2004-11-06,56.00097176259864
10331,8,10331,8,WH_ONLY,2004-11-17,52.185755905915855
10342,3,10342,3,WH_ONLY,2004-11-24,49.891670211497036
10356,2,10356,2,WH_ONLY,2004-12-09,49.53552474202877
10366,3,10366,3,WH_ONLY,2005-01-10,51.89767638525355
10377,6,10377,6,WH_ONLY,2005-02-09,51.10545158642979
10390,15,10390,15,WH_ONLY,2005-03-04,51.077784983181466
10406,2,10406,2,WH_ONLY,2005-04-15,51.81782995977568
10419,4,10419,4,WH_ONLY,2005-05-18,51.75922249029059
10104,8,10104,8,WH_ONLY,2003-01-31,52.38650662782621
10115,4,10115,4,WH_ONLY,2003-04-04,50.828746574777455
10127,10,10127,10,WH_ONLY,2003-06-04,50.470255726674935
10141,4,10141,4,WH_ONLY,2003-08-01,50.31445023762439
10151,2,10151,2,WH_ONLY,2003-09-22,49.636471374909675
10165,11,10165,11,WH_ONLY,2003-10-22,51.13581009346604
10176,10,10176,10,WH_ONLY,2003-11-06,50.18672075030362
10184,5,10184,5,WH_ONLY,2003-11-14,51.91433785006823
10195,5,10195,5,WH_ONLY,2003-11-25,51.558140212423744
10207,6,10207,6,WH_ONLY,2003-12-09,51.15572611923449
10219,1,10219,1,WH_ONLY,2004-02-12,50.14171460139505
10230,8,10230,8,WH_ONLY,2004-03-17,49.151877143866784
10246,4,10246,4,WH_ONLY,2004-05-05,49.12247279327141
10259,3,10259,3,WH_ONLY,2004-06-15,50.35160280030429
10271,4,10271,4,WH_ONLY,2004-07-20,49.28500009021923
10282,13,10282,13,WH_ONLY,2004-08-20,50.859485525438075
10292,7,10292,7,WH_ONLY,2004-09-09,51.74248676951211
10305,4,10305,4,WH_ONLY,2004-10-13,51.6750402341944
10314,13,10314,13,WH_ONLY,2004-10-22,51.66900719690878
10324,8,10324,8,WH_ONLY,2004-11-05,49.6150983116604
10336,6,10336,6,WH_ONLY,2004-11-22,51.88016180359797
10349,8,10349,8,WH_ONLY,2004-12-01,51.85190574755575
10358,10,10358,10,WH_ONLY,2004-12-10,50.420659327138736
10371,7,10371,7,WH_ONLY,2005-01-25,51.20461972815476
10382,5,10382,5,WH_ONLY,2005-02-17,50.05959750024477
10412,4,10412,4,WH_ONLY,2005-05-05,52.18002094314333
10425,3,10425,3,WH_ONLY,2005-05-31,52.62683690956543
10100,2,10100,2,WH_ONLY,2003-01-07,49.72443965276038
10110,6,10110,6,WH_ONLY,2003-03-20,51.77258831755273
10124,5,10124,5,WH_ONLY,2003-05-21,50.89676537518481
10149,10,10149,10,WH_ONLY,2003-09-12,52.34396224125588
10162,8,10162,8,WH_ONLY,2003-10-20,51.13923510169593
10173,12,10173,12,WH_ONLY,2003-11-05,51.86317983534805
10182,9,10182,9,WH_ONLY,2003-11-14,49.55229935039534
10193,13,10193,13,WH_ONLY,2003-11-21,50.1133369064626
10204,3,10204,3,WH_ONLY,2003-12-02,49.77747812560113
10214,6,10214,6,WH_ONLY,2004-01-28,51.959259606691816
10227,9,10227,9,WH_ONLY,2004-03-04,51.57958237021964
10241,1,10241,1,WH_ONLY,2004-04-13,51.764355487596475
10280,15,10280,15,WH_ONLY,2004-08-17,52.08762252332832
10288,4,10288,4,WH_ONLY,2004-09-02,49.3413144824413
10303,2,10303,2,WH_ONLY,2004-10-06,50.155575580155165
10312,16,10312,16,WH_ONLY,2004-10-21,49.61695445696472
10332,9,10332,9,WH_ONLY,2004-11-17,49.7489790879022
10344,2,10344,2,WH_ONLY,2004-11-25,50.055902117437455
10367,4,10367,4,WH_ONLY,2005-01-12,50.42845508323338
10379,1,10379,1,WH_ONLY,2005-02-10,50.07799322926984
10407,1,10407,1,WH_ONLY,2005-04-22,49.62874382841216
10420,4,10420,4,WH_ONLY,2005-05-30,49.46884834113195
10104,12,10104,12,WH_ONLY,2003-01-31,49.596401420988144
10114,3,10114,3,WH_ONLY,2003-04-03,51.921129858341715
10127,14,10127,14,WH_ONLY,2003-06-05,51.24342516980195
10141,8,10141,8,WH_ONLY,2003-08-01,52.69013548742197
10151,6,10151,6,WH_ONLY,2003-09-23,50.45564373885635
10165,15,10165,15,WH_ONLY,2003-10-22,50.4464033936431
10175,4,10175,4,WH_ONLY,2003-11-06,51.47506490759584
10184,9,10184,9,WH_ONLY,2003-11-14,50.44467339194512
10195,9,10195,9,WH_ONLY,2003-11-25,50.45137324715088
10207,10,10207,10,WH_ONLY,2003-12-09,50.07942890739196
10229,4,10229,4,WH_ONLY,2004-03-11,49.657447110409315
10246,8,10246,8,WH_ONLY,2004-05-05,49.98194007114811
10259,7,10259,7,WH_ONLY,2004-06-15,50.22480189699755
10271,8,10271,8,WH_ONLY,2004-07-20,51.75284978664969
10281,4,10281,4,WH_ONLY,2004-08-19,49.83632158865989
10292,11,10292,11,WH_ONLY,2004-09-08,50.438543626157525
10305,8,10305,8,WH_ONLY,2004-10-13,51.425420895002894
10313,2,10313,2,WH_ONLY,2004-10-23,54.96915743654454
10324,10,10324,10,WH_ONLY,2004-11-05,50.79156289550063
10334,6,10334,6,WH_ONLY,2004-11-19,51.62538210611521
10349,7,10349,7,WH_ONLY,2004-12-01,49.43928044348054
10358,11,10358,11,WH_ONLY,2004-12-10,49.79146637426149
10370,5,10370,5,WH_ONLY,2005-01-20,50.804755515141196
10383,11,10383,11,WH_ONLY,2005-02-22,50.554839364255166
10412,8,10412,8,WH_ONLY,2005-05-04,50.70111531189991
10425,7,10425,7,WH_ONLY,2005-05-31,51.97728354201959
10101,4,10101,4,WH_ONLY,2003-01-09,49.468459829981505
10110,4,10110,4,WH_ONLY,2003-03-18,50.767176652707604
10124,3,10124,3,WH_ONLY,2003-05-21,50.54317616429006
10149,8,10149,8,WH_ONLY,2003-09-12,50.05685574035373
10162,6,10162,6,WH_ONLY,2003-10-20,51.30737566718366
10173,10,10173,10,WH_ONLY,2003-11-05,50.13136198981325
10182,7,10182,7,WH_ONLY,2003-11-12,50.62674396691664
10193,11,10193,11,WH_ONLY,2003-11-21,49.95106999902599
10204,1,10204,1,WH_ONLY,2003-12-02,50.569512200444365
10214,4,10214,4,WH_ONLY,2004-01-27,50.53693500977894
10227,7,10227,7,WH_ONLY,2004-03-03,51.68597765097784
10243,2,10243,2,WH_ONLY,2004-04-26,49.36027175891069
10280,13,10280,13,WH_ONLY,2004-08-17,50.506894707062294
10288,2,10288,2,WH_ONLY,2004-09-03,50.49566442189413
10304,17,10304,17,WH_ONLY,2004-10-11,51.69251385257024
10312,14,10312,14,WH_ONLY,2004-10-21,51.004221266407264
10322,6,10322,6,WH_ONLY,2004-11-06,56.06919580537356
10332,8,10332,8,WH_ONLY,2004-11-17,52.019211679809715
10344,3,10344,3,WH_ONLY,2004-11-25,51.75986750903303
10356,3,10356,3,WH_ONLY,2004-12-09,50.269806344952706
10367,5,10367,5,WH_ONLY,2005-01-13,51.32525980360944
10380,10,10380,10,WH_ONLY,2005-02-16,51.9056674337821
10390,16,10390,16,WH_ONLY,2005-03-04,51.960097182051726
10409,2,10409,2,WH_ONLY,2005-04-25,52.39841121673331
10420,2,10420,2,WH_ONLY,2005-05-30,50.52260801264008
10103,2,10103,2,WH_ONLY,2003-01-30,49.73753162280158
10114,6,10114,6,WH_ONLY,2003-04-01,50.47987077182422
10126,2,10126,2,WH_ONLY,2003-05-30,51.79266467757438
10140,2,10140,2,WH_ONLY,2003-07-24,50.87312845574333
10151,9,10151,9,WH_ONLY,2003-09-23,50.762062253022435
10165,18,10165,18,WH_ONLY,2003-10-22,52.192294337587334
10175,7,10175,7,WH_ONLY,2003-11-06,50.66626074280666
10184,12,10184,12,WH_ONLY,2003-11-14,51.59297515794956
10194,2,10194,2,WH_ONLY,2003-11-25,50.349635538757155
10207,13,10207,13,WH_ONLY,2003-12-09,50.06996958179627
10217,2,10217,2,WH_ONLY,2004-02-05,50.88903262674814
10229,7,10229,7,WH_ONLY,2004-03-11,51.23757100456055
10246,11,10246,11,WH_ONLY,2004-05-05,49.73884949622242
10259,10,10259,10,WH_ONLY,2004-06-15,50.15053166814833
10271,11,10271,11,WH_ONLY,2004-07-20,52.50513233272943
10281,7,10281,7,WH_ONLY,2004-08-19,49.68461561239419
10291,2,10291,2,WH_ONLY,2004-09-08,51.31129716834909
10305,11,10305,11,WH_ONLY,2004-10-13,50.73161617926651
10313,5,10313,5,WH_ONLY,2004-10-22,51.11085993338319
10322,11,10322,11,WH_ONLY,2004-11-04,50.936715793358566
10334,1,10334,1,WH_ONLY,2004-11-19,49.89067229980688
10347,8,10347,8,WH_ONLY,2004-11-30,51.23950474654097
10357,7,10357,7,WH_ONLY,2004-12-10,50.13644940865787
10370,7,10370,7,WH_ONLY,2005-01-20,51.05068939546362
10381,7,10381,7,WH_ONLY,2005-02-17,49.94279772288472
10391,5,10391,5,WH_ONLY,2005-03-11,51.20793544780293
10412,11,10412,11,WH_ONLY,2005-05-04,49.98595554108983
10425,10,10425,10,WH_ONLY,2005-05-31,50.31737250779208
10106,2,10106,2,WH_ONLY,2003-02-19,49.987112496208454
10120,8,10120,8,WH_ONLY,2003-04-29,49.63910969962504
10133,3,10133,3,WH_ONLY,2003-06-27,51.621976463407115
10145,14,10145,14,WH_ONLY,2003-08-26,49.89835625706291
10168,9,10168,9,WH_ONLY,2003-10-28,52.47101166457609
10210,7,10210,7,WH_ONLY,2004-01-14,52.2510979673419
10223,9,10223,9,WH_ONLY,2004-02-20,50.90828468331895
10235,3,10235,3,WH_ONLY,2004-04-02,49.688424443250845
10250,4,10250,4,WH_ONLY,2004-05-11,50.89645199586176
10263,10,10263,10,WH_ONLY,2004-06-30,51.40870403148216
10275,9,10275,9,WH_ONLY,2004-07-23,50.46930851842532
10284,1,10284,1,WH_ONLY,2004-08-23,49.56228412756913
10297,4,10297,4,WH_ONLY,2004-09-16,51.05459220672523
10308,7,10308,7,WH_ONLY,2004-10-15,51.47717045144623
10318,9,10318,9,WH_ONLY,2004-11-02,52.042122206284354
10327,8,10327,8,WH_ONLY,2004-11-10,50.29249325103181
10339,2,10339,2,WH_ONLY,2004-11-23,51.35344553877159
10353,1,10353,1,WH_ONLY,2004-12-06,50.14868920630468
10374,2,10374,2,WH_ONLY,2005-02-02,50.40660200795901
10386,18,10386,18,WH_ONLY,2005-03-01,52.089804184870836
10398,15,10398,15,WH_ONLY,2005-03-31,49.77249355259328
10401,3,10401,3,WH_ONLY,2005-04-04,50.15133575437141
10416,4,10416,4,WH_ONLY,2005-05-10,49.40489875731285
10107,6,10107,6,WH_ONLY,2003-02-25,51.81715209588762
10120,4,10120,4,WH_ONLY,2003-04-29,51.879979466347464
10134,6,10134,6,WH_ONLY,2003-07-01,51.62182565764955
10145,10,10145,10,WH_ONLY,2003-08-27,51.97197650075232
10159,18,10159,18,WH_ONLY,2003-10-10,49.70540762967792
10168,5,10168,5,WH_ONLY,2003-10-28,50.371805433123484
10180,13,10180,13,WH_ONLY,2003-11-11,50.87641614222602
10188,5,10188,5,WH_ONLY,2003-11-19,49.93802191170369
10201,6,10201,6,WH_ONLY,2003-12-01,50.46148082719981
10210,3,10210,3,WH_ONLY,2004-01-12,52.46710537653926
10223,5,10223,5,WH_ONLY,2004-02-20,49.81811324078549
10236,2,10236,2,WH_ONLY,2004-04-05,50.180252666309165
10251,6,10251,6,WH_ONLY,2004-05-19,50.00123280567266
10263,6,10263,6,WH_ONLY,2004-06-29,49.91681463649376
10275,5,10275,5,WH_ONLY,2004-07-23,51.68471461866905
10285,10,10285,10,WH_ONLY,2004-08-27,50.54968870110034
10298,2,10298,2,WH_ONLY,2004-09-28,50.99148851843077
10308,3,10308,3,WH_ONLY,2004-10-15,51.21787771265085
10318,5,10318,5,WH_ONLY,2004-11-02,49.61544484234143
10329,12,10329,12,WH_ONLY,2004-11-15,50.656442282707694
10339,1,10339,1,WH_ONLY,2004-11-23,50.608059000640004
10362,3,10362,3,WH_ONLY,2005-01-05,51.51461138892914
10374,4,10374,4,WH_ONLY,2005-02-02,52.1399261719621
10389,5,10389,5,WH_ONLY,2005-03-03,51.4554806576697
10402,2,10402,2,WH_ONLY,2005-04-08,50.71642471409523
10417,6,10417,6,WH_ONLY,2005-05-13,51.712253591552546
10101,1,10101,1,WH_ONLY,2003-01-10,49.58403130982077
10110,1,10110,1,WH_ONLY,2003-03-19,49.346035475721266
10125,2,10125,2,WH_ONLY,2003-05-21,49.630354135541886
10139,8,10139,8,WH_ONLY,2003-07-18,50.05820138235068
10149,5,10149,5,WH_ONLY,2003-09-12,50.811343644780116
10162,3,10162,3,WH_ONLY,2003-10-20,51.05344555132482
10173,7,10173,7,WH_ONLY,2003-11-05,52.4301110296263
10182,4,10182,4,WH_ONLY,2003-11-13,50.69502721387602
10193,8,10193,8,WH_ONLY,2003-11-21,50.8602001851602
10205,3,10205,3,WH_ONLY,2003-12-03,49.577757078324105
10214,1,10214,1,WH_ONLY,2004-01-26,49.05237805535981
10227,4,10227,4,WH_ONLY,2004-03-03,51.09037509205796
10244,8,10244,8,WH_ONLY,2004-04-29,50.35090413962172
10255,1,10255,1,WH_ONLY,2004-06-04,52.276773424066874
10280,10,10280,10,WH_ONLY,2004-08-17,49.50455137486373
10289,3,10289,3,WH_ONLY,2004-09-03,49.296782117892036
10304,14,10304,14,WH_ONLY,2004-10-12,50.32828751028232
10312,11,10312,11,WH_ONLY,2004-10-21,50.559253783593114
10322,2,10322,2,WH_ONLY,2004-11-04,49.44799757662239
10332,1,10332,1,WH_ONLY,2004-11-17,51.53573420652569
10347,6,10347,6,WH_ONLY,2004-11-29,49.31015295037305
10356,1,10356,1,WH_ONLY,2004-12-09,51.35081706010632
10367,7,10367,7,WH_ONLY,2005-01-12,49.90300944545911
10380,8,10380,8,WH_ONLY,2005-02-16,50.24473233783915
10390,7,10390,7,WH_ONLY,2005-03-04,50.19414334845828
10421,1,10421,1,WH_ONLY,2005-05-30,51.44265010399016
10109,1,10109,1,WH_ONLY,2003-03-12,50.13202418645232
10123,3,10123,3,WH_ONLY,2003-05-20,51.501082013059175
10137,3,10137,3,WH_ONLY,2003-07-11,49.73238458558797
10148,10,10148,10,WH_ONLY,2003-09-11,51.28493238456989
10161,9,10161,9,WH_ONLY,2003-10-17,50.28474893310359
10172,7,10172,7,WH_ONLY,2003-11-05,51.26715524926225
10181,3,10181,3,WH_ONLY,2003-11-12,50.99859174540699
10192,8,10192,8,WH_ONLY,2003-11-20,52.00456022692864
10204,14,10204,14,WH_ONLY,2003-12-02,50.36153740122146
10212,7,10212,7,WH_ONLY,2004-01-16,49.551715572877754
10226,5,10226,5,WH_ONLY,2004-02-27,49.086420512293344
10241,12,10241,12,WH_ONLY,2004-04-13,51.513014393132785
10253,2,10253,2,WH_ONLY,2004-06-01,51.232285913178835
10266,3,10266,3,WH_ONLY,2004-07-06,52.07056983566445
10278,3,10278,3,WH_ONLY,2004-08-06,49.88472227061873
10287,1,10287,1,WH_ONLY,2004-08-31,50.135893548113295
10301,5,10301,5,WH_ONLY,2003-10-07,49.530509752355506
10311,10,10311,10,WH_ONLY,2004-10-18,52.07475664212925
10321,7,10321,7,WH_ONLY,2004-11-04,50.95075616973982
10331,10,10331,10,WH_ONLY,2004-11-17,51.8147838964237
10343,3,10343,3,WH_ONLY,2004-11-24,50.30240852393793
10366,2,10366,2,WH_ONLY,2005-01-10,51.263909740020736
10379,5,10379,5,WH_ONLY,2005-02-10,50.983392136220345
10407,12,10407,12,WH_ONLY,2005-04-22,50.019923253182654
10419,2,10419,2,WH_ONLY,2005-05-18,51.607807054718364
10103,12,10103,12,WH_ONLY,2003-01-30,52.269676060577424
10112,2,10112,2,WH_ONLY,2003-03-26,51.59675935384331
10126,12,10126,12,WH_ONLY,2003-05-30,51.205062148961076
10139,1,10139,1,WH_ONLY,2003-07-16,50.43215733953843
10150,9,10150,9,WH_ONLY,2003-09-19,49.88419287445263
10163,2,10163,2,WH_ONLY,2003-10-21,52.29846504040522
10174,5,10174,5,WH_ONLY,2003-11-06,49.115432277287454
10183,9,10183,9,WH_ONLY,2003-11-15,56.13370815978218
10193,1,10193,1,WH_ONLY,2003-11-21,51.1929197494976
10206,7,10206,7,WH_ONLY,2003-12-05,51.363264101939734
10215,4,10215,4,WH_ONLY,2004-01-29,52.59454779683007
10228,3,10228,3,WH_ONLY,2004-03-10,50.568885541415604
10244,1,10244,1,WH_ONLY,2004-04-30,50.21788245876107
10257,1,10257,1,WH_ONLY,2004-06-14,49.700197616640565
10270,10,10270,10,WH_ONLY,2004-07-19,50.382043874683866
10280,3,10280,3,WH_ONLY,2004-08-18,49.90193438157293
10291,12,10291,12,WH_ONLY,2004-09-08,50.74126624607819
10304,7,10304,7,WH_ONLY,2004-10-11,51.4431620533332
10312,4,10312,4,WH_ONLY,2004-10-21,51.78167150720038
10322,12,10322,12,WH_ONLY,2004-11-04,49.6174901600996
10333,5,10333,5,WH_ONLY,2004-11-18,50.06835995117294
10347,9,10347,9,WH_ONLY,2004-11-29,51.81640785438018
10357,6,10357,6,WH_ONLY,2004-12-10,49.56189285946981
10369,1,10369,1,WH_ONLY,2005-01-20,49.502702377273366
10381,8,10381,8,WH_ONLY,2005-02-17,50.20660858610156
10391,6,10391,6,WH_ONLY,2005-03-11,51.387832477930566
10423,1,10423,1,WH_ONLY,2005-05-30,49.60999573059098
10103,14,10103,14,WH_ONLY,2003-01-29,51.98439427600793
10111,2,10111,2,WH_ONLY,2003-03-27,50.520972931477
10126,14,10126,14,WH_ONLY,2003-05-30,50.87030959789091
10139,3,10139,3,WH_ONLY,2003-07-18,49.840811202803174
10150,11,10150,11,WH_ONLY,2003-09-19,50.813278363151795
10163,4,10163,4,WH_ONLY,2003-10-21,51.18469478908909
10173,2,10173,2,WH_ONLY,2003-11-05,51.57363091550636
10183,11,10183,11,WH_ONLY,2003-11-15,56.47991664424195
10193,3,10193,3,WH_ONLY,2003-11-21,50.84634329353596
10206,9,10206,9,WH_ONLY,2003-12-05,52.45255065329484
10215,6,10215,6,WH_ONLY,2004-01-30,51.9825116931863
10228,5,10228,5,WH_ONLY,2004-03-10,51.27940426986091
10244,3,10244,3,WH_ONLY,2004-04-29,49.86198838321171
10257,3,10257,3,WH_ONLY,2004-06-14,49.30768153777454
10269,1,10269,1,WH_ONLY,2004-07-16,50.35468193298237
10280,5,10280,5,WH_ONLY,2004-08-17,51.56901084218666
10291,14,10291,14,WH_ONLY,2004-09-08,50.4528048721442
10304,9,10304,9,WH_ONLY,2004-10-12,50.15567995593277
10312,6,10312,6,WH_ONLY,2004-10-21,51.74185756241982
10322,13,10322,13,WH_ONLY,2004-11-04,51.992181020325766
10332,17,10332,17,WH_ONLY,2004-11-18,52.11913440374726
10347,10,10347,10,WH_ONLY,2004-11-30,50.033796685732966
10357,5,10357,5,WH_ONLY,2004-12-10,51.08193749312286
10369,6,10369,6,WH_ONLY,2005-01-20,50.45610584728047
10381,4,10381,4,WH_ONLY,2005-02-17,50.405631708618294
10392,3,10392,3,WH_ONLY,2005-03-10,49.87005604647599
10423,3,10423,3,WH_ONLY,2005-06-01,50.06027644996064
10106,18,10106,18,WH_ONLY,2003-02-19,50.38982168304193
10119,9,10119,9,WH_ONLY,2003-04-28,51.43493019693632
10130,2,10130,2,WH_ONLY,2003-06-16,50.107909220654044
10143,13,10143,13,WH_ONLY,2003-08-11,51.20039683921312
10155,11,10155,11,WH_ONLY,2003-10-06,50.94565634615782
10167,7,10167,7,WH_ONLY,2003-10-23,49.96808919974714
10178,10,10178,10,WH_ONLY,2003-11-10,50.80998264876287
10186,7,10186,7,WH_ONLY,2003-11-14,50.33544619509931
10197,4,10197,4,WH_ONLY,2003-11-26,51.40457492130676
10209,6,10209,6,WH_ONLY,2004-01-09,50.35628543485668
10222,10,10222,10,WH_ONLY,2004-02-19,49.43842080276015
10248,1,10248,1,WH_ONLY,2004-05-07,49.36570259530706
10262,15,10262,15,WH_ONLY,2004-06-25,51.34285358720737
10273,2,10273,2,WH_ONLY,2004-07-21,52.35749303660691
10283,4,10283,4,WH_ONLY,2004-08-20,50.410948411658524
10296,13,10296,13,WH_ONLY,2004-09-15,51.56555353207887
10307,7,10307,7,WH_ONLY,2004-10-14,51.40967824184899
10316,15,10316,15,WH_ONLY,2004-11-01,51.82142313172111
10327,5,10327,5,WH_ONLY,2004-11-10,52.16618186296012
10338,3,10338,3,WH_ONLY,2004-11-22,50.90913018881983
10350,6,10350,6,WH_ONLY,2004-12-02,51.149078140171525
10373,5,10373,5,WH_ONLY,2005-01-31,51.98016205791197
10386,5,10386,5,WH_ONLY,2005-03-01,50.159629458970684
10398,18,10398,18,WH_ONLY,2005-03-31,50.01119212985176
10400,7,10400,7,WH_ONLY,2005-04-01,49.57605497185814
10414,1,10414,1,WH_ONLY,2005-05-06,51.454727832727315
10103,13,10103,13,WH_ONLY,2003-01-29,51.76938817352004
10111,1,10111,1,WH_ONLY,2003-03-27,49.40103826120125
10126,13,10126,13,WH_ONLY,2003-05-30,50.91559933872236
10139,2,10139,2,WH_ONLY,2003-07-16,50.50293309842306
10150,10,10150,10,WH_ONLY,2003-09-19,49.52652611260858
10163,3,10163,3,WH_ONLY,2003-10-20,52.416739793041
10173,1,10173,1,WH_ONLY,2003-11-05,49.766889942459365
10183,10,10183,10,WH_ONLY,2003-11-15,54.561499399333876
10193,2,10193,2,WH_ONLY,2003-11-21,51.04166062121111
10206,8,10206,8,WH_ONLY,2003-12-05,51.6454144300931
10215,5,10215,5,WH_ONLY,2004-01-30,49.880421210022746
10228,4,10228,4,WH_ONLY,2004-03-10,51.48066268433223
10244,2,10244,2,WH_ONLY,2004-04-30,50.65545460593298
10257,2,10257,2,WH_ONLY,2004-06-14,49.265997201164005
10270,11,10270,11,WH_ONLY,2004-07-19,49.61584152601653
10280,4,10280,4,WH_ONLY,2004-08-18,51.071694644477205
10291,13,10291,13,WH_ONLY,2004-09-09,49.85369964063543
10304,8,10304,8,WH_ONLY,2004-10-12,52.07885004362461
10312,5,10312,5,WH_ONLY,2004-10-21,51.81593073747038
10322,7,10322,7,WH_ONLY,2004-11-04,52.083363371857
10332,18,10332,18,WH_ONLY,2004-11-17,50.34645796664858
10347,11,10347,11,WH_ONLY,2004-11-30,51.89544286261875
10357,4,10357,4,WH_ONLY,2004-12-10,50.26947576418099
10369,5,10369,5,WH_ONLY,2005-01-20,50.557713111627486
10381,5,10381,5,WH_ONLY,2005-02-17,49.4439723575913
10392,2,10392,2,WH_ONLY,2005-03-11,49.6447971947143
10423,2,10423,2,WH_ONLY,2005-06-01,51.295056535293796
10105,11,10105,11,WH_ONLY,2003-02-12,50.455002227070175
10117,5,10117,5,WH_ONLY,2003-04-16,50.30469367438792
10128,2,10128,2,WH_ONLY,2003-06-06,51.422518370029074
10142,8,10142,8,WH_ONLY,2003-08-08,50.242069470237915
10153,7,10153,7,WH_ONLY,2003-09-30,50.82962722439906
10166,2,10166,2,WH_ONLY,2003-10-21,50.44900931033444
10177,9,10177,9,WH_ONLY,2003-11-07,51.62715143179918
10185,9,10185,9,WH_ONLY,2003-11-14,51.44199339790572
10196,1,10196,1,WH_ONLY,2003-11-26,51.160459369759906
10208,9,10208,9,WH_ONLY,2004-01-02,50.06476293399943
10221,3,10221,3,WH_ONLY,2004-02-18,50.865062763487856
10232,6,10232,6,WH_ONLY,2004-03-22,51.6421779460483
10248,12,10248,12,WH_ONLY,2004-05-07,50.02731193033987
10273,13,10273,13,WH_ONLY,2004-07-21,49.95774403677812
10282,1,10282,1,WH_ONLY,2004-08-20,49.95289840758969
10293,4,10293,4,WH_ONLY,2004-09-09,50.91366905560198
10306,9,10306,9,WH_ONLY,2004-10-14,51.04236479056685
10314,1,10314,1,WH_ONLY,2004-10-22,51.94224390805142
10325,9,10325,9,WH_ONLY,2004-11-06,55.14614480677532
10336,12,10336,12,WH_ONLY,2004-11-22,50.794637896590984
10350,1,10350,1,WH_ONLY,2004-12-02,51.50183773495132
10372,3,10372,3,WH_ONLY,2005-01-27,51.73236931288966
10383,9,10383,9,WH_ONLY,2005-02-23,50.21932114519532
10396,2,10396,2,WH_ONLY,2005-03-23,51.196124141297624
10414,12,10414,12,WH_ONLY,2005-05-06,50.68342509042586
10104,13,10104,13,WH_ONLY,2003-01-31,51.74906783688796
10109,5,10109,5,WH_ONLY,2003-03-10,49.85785775272145
10114,4,10114,4,WH_ONLY,2003-04-02,52.510650659427775
10122,3,10122,3,WH_ONLY,2003-05-08,51.08550695762605
10127,15,10127,15,WH_ONLY,2003-06-03,50.93781984710608
10136,3,10136,3,WH_ONLY,2003-07-04,49.853658594902335
10141,9,10141,9,WH_ONLY,2003-08-01,50.3802802395648
10148,14,10148,14,WH_ONLY,2003-09-11,50.70220170802133
10151,7,10151,7,WH_ONLY,2003-09-23,49.607873290748685
10160,1,10160,1,WH_ONLY,2003-10-13,51.69490356498561
10165,16,10165,16,WH_ONLY,2003-10-22,52.676520382059465
10171,3,10171,3,WH_ONLY,2003-11-05,51.44299035893655
10175,5,10175,5,WH_ONLY,2003-11-07,51.396002589718684
10181,7,10181,7,WH_ONLY,2003-11-13,49.89179408052515
10184,10,10184,10,WH_ONLY,2003-11-14,50.89696959258496
10192,12,10192,12,WH_ONLY,2003-11-20,49.490859405212234
10195,10,10195,10,WH_ONLY,2003-11-25,51.452818914167764
10203,1,10203,1,WH_ONLY,2003-12-03,51.765584504491365
10207,11,10207,11,WH_ONLY,2003-12-09,51.35056986365166
10212,11,10212,11,WH_ONLY,2004-01-16,49.307909430411485
10225,2,10225,2,WH_ONLY,2004-02-23,50.06657602461539
10229,5,10229,5,WH_ONLY,2004-03-11,50.62727227913349
10239,1,10239,1,WH_ONLY,2004-04-12,50.687591632084406
10246,9,10246,9,WH_ONLY,2004-05-05,51.641220800840784
10253,6,10253,6,WH_ONLY,2004-06-01,51.93273805804341
10259,8,10259,8,WH_ONLY,2004-06-15,50.8038033292193
10266,7,10266,7,WH_ONLY,2004-07-06,50.25305049555212
10271,9,10271,9,WH_ONLY,2004-07-20,50.09254316103759
10278,7,10278,7,WH_ONLY,2004-08-06,49.916454704664424
10281,5,10281,5,WH_ONLY,2004-08-19,50.2004187185548
10287,5,10287,5,WH_ONLY,2004-08-30,50.6441091438829
10292,12,10292,12,WH_ONLY,2004-09-08,51.70535905769094
10301,9,10301,9,WH_ONLY,2003-10-06,51.358939805429394
10305,9,10305,9,WH_ONLY,2004-10-13,49.290013074869734
10310,3,10310,3,WH_ONLY,2004-10-18,50.135288488107335
10313,3,10313,3,WH_ONLY,2004-10-22,50.23448219846151
10321,11,10321,11,WH_ONLY,2004-11-04,49.42092635621944
10324,12,10324,12,WH_ONLY,2004-11-05,52.13745532659203
10331,11,10331,11,WH_ONLY,2004-11-17,49.4503217574012
10334,3,10334,3,WH_ONLY,2004-11-19,51.01694888991156
10342,4,10342,4,WH_ONLY,2004-11-24,50.10927701657484
10349,6,10349,6,WH_ONLY,2004-12-01,52.440816292733324
10358,12,10358,12,WH_ONLY,2004-12-10,50.82631390758413
10366,1,10366,1,WH_ONLY,2005-01-11,50.25889135208926
10370,9,10370,9,WH_ONLY,2005-01-20,50.70457381029487
10377,3,10377,3,WH_ONLY,2005-02-09,51.45057581676268
10383,6,10383,6,WH_ONLY,2005-02-22,52.25818449036527
10394,5,10394,5,WH_ONLY,2005-03-17,50.35242374717034
10405,1,10405,1,WH_ONLY,2005-04-14,52.443434795665056
10412,9,10412,9,WH_ONLY,2005-05-04,52.332474614190716
10419,6,10419,6,WH_ONLY,2005-05-18,51.94799336235967
10425,8,10425,8,WH_ONLY,2005-05-31,51.11572874181882
10105,13,10105,13,WH_ONLY,2003-02-12,51.400789348575614
10117,7,10117,7,WH_ONLY,2003-04-16,50.28668588096548
10128,4,10128,4,WH_ONLY,2003-06-06,51.248452361114424
10142,10,10142,10,WH_ONLY,2003-08-08,50.752743388212
10153,9,10153,9,WH_ONLY,2003-09-29,51.137648479478706
10165,1,10165,1,WH_ONLY,2003-10-22,50.40269800184958
10177,11,10177,11,WH_ONLY,2003-11-07,51.2617836809971
10185,11,10185,11,WH_ONLY,2003-11-14,51.427290904624975
10196,3,10196,3,WH_ONLY,2003-11-26,49.38817881400758
10208,11,10208,11,WH_ONLY,2004-01-02,52.29182378006433
10221,5,10221,5,WH_ONLY,2004-02-18,50.838448298942104
10232,8,10232,8,WH_ONLY,2004-03-22,51.7080465957131
10248,14,10248,14,WH_ONLY,2004-05-07,50.75296004655802
10273,15,10273,15,WH_ONLY,2004-07-21,50.20073181826533
10282,3,10282,3,WH_ONLY,2004-08-20,52.485825315032386
10293,6,10293,6,WH_ONLY,2004-09-09,50.33907264730433
10306,11,10306,11,WH_ONLY,2004-10-14,51.511069763451175
10314,3,10314,3,WH_ONLY,2004-10-22,50.662764425067714
10326,6,10326,6,WH_ONLY,2004-11-09,51.22175149568128
10336,7,10336,7,WH_ONLY,2004-11-22,50.69947476639757
10350,2,10350,2,WH_ONLY,2004-12-02,50.969417250663454
10372,5,10372,5,WH_ONLY,2005-01-27,50.37141245692368
10383,12,10383,12,WH_ONLY,2005-02-22,49.153935760729645
10396,4,10396,4,WH_ONLY,2005-03-24,50.65275766632502
10414,14,10414,14,WH_ONLY,2005-05-06,49.0992256064773
10108,9,10108,9,WH_ONLY,2003-03-03,52.6628936163696
10122,13,10122,13,WH_ONLY,2003-05-08,52.302460168369066
10135,10,10135,10,WH_ONLY,2003-07-02,50.57266014546129
10147,10,10147,10,WH_ONLY,2003-09-05,51.47022171142795
10159,5,10159,5,WH_ONLY,2003-10-10,50.11005112988587
10169,5,10169,5,WH_ONLY,2003-11-04,51.04487286598574
10181,17,10181,17,WH_ONLY,2003-11-12,51.47359750374857
10191,6,10191,6,WH_ONLY,2003-11-20,51.87358052859613
10203,11,10203,11,WH_ONLY,2003-12-02,50.77031225853442
10211,5,10211,5,WH_ONLY,2004-01-15,51.49909901904184
10225,12,10225,12,WH_ONLY,2004-02-23,49.76620853386841
10238,6,10238,6,WH_ONLY,2004-04-09,52.73040704716106
10252,2,10252,2,WH_ONLY,2004-05-28,49.793440013841725
10265,2,10265,2,WH_ONLY,2004-07-02,51.54377616756947
10276,6,10276,6,WH_ONLY,2004-08-02,51.79255796880327
10287,15,10287,15,WH_ONLY,2004-08-31,51.09382511235951
10300,8,10300,8,WH_ONLY,2003-10-06,49.56465169747635
10310,13,10310,13,WH_ONLY,2004-10-18,52.334107471454914
10319,1,10319,1,WH_ONLY,2004-11-03,50.03197311072532
10329,10,10329,10,WH_ONLY,2004-11-15,50.88673459827146
10342,5,10342,5,WH_ONLY,2004-11-24,50.289530266448004
10363,10,10363,10,WH_ONLY,2005-01-06,49.99079232510431
10378,4,10378,4,WH_ONLY,2005-02-10,50.703580152367
10390,9,10390,9,WH_ONLY,2005-03-04,50.56975749949022
10103,16,10103,16,WH_ONLY,2003-01-30,49.86290752249954
10111,4,10111,4,WH_ONLY,2003-03-26,49.88185433075178
10126,16,10126,16,WH_ONLY,2003-05-30,50.23942976620192
10139,5,10139,5,WH_ONLY,2003-07-18,51.93475078131164
10149,2,10149,2,WH_ONLY,2003-09-12,51.77961687387507
10163,6,10163,6,WH_ONLY,2003-10-21,49.264345697169446
10173,4,10173,4,WH_ONLY,2003-11-05,50.877954332610024
10182,1,10182,1,WH_ONLY,2003-11-12,50.10343038260689
10193,5,10193,5,WH_ONLY,2003-11-21,49.739628997647756
10206,11,10206,11,WH_ONLY,2003-12-05,51.57463964054349
10215,8,10215,8,WH_ONLY,2004-01-29,51.233509203967344
10227,1,10227,1,WH_ONLY,2004-03-02,49.82995595509416
10244,5,10244,5,WH_ONLY,2004-04-30,49.686338989940516
10257,5,10257,5,WH_ONLY,2004-06-14,49.287766138232136
10280,7,10280,7,WH_ONLY,2004-08-17,51.67007306245808
10290,2,10290,2,WH_ONLY,2004-09-07,52.00433389027423
10304,11,10304,11,WH_ONLY,2004-10-11,49.927095041426654
10312,8,10312,8,WH_ONLY,2004-10-21,49.98131998995845
10323,2,10323,2,WH_ONLY,2004-11-05,51.578859766988444
10333,2,10333,2,WH_ONLY,2004-11-18,51.834371582431615
10347,12,10347,12,WH_ONLY,2004-11-29,50.72227588160848
10357,3,10357,3,WH_ONLY,2004-12-10,49.133079591377104
10369,4,10369,4,WH_ONLY,2005-01-20,49.79318418126485
10382,7,10382,7,WH_ONLY,2005-02-17,50.99646258182659
10392,1,10392,1,WH_ONLY,2005-03-11,50.44635012118643
10423,5,10423,5,WH_ONLY,2005-06-01,49.473194137168655
10108,8,10108,8,WH_ONLY,2003-03-03,51.360954466734675
10122,12,10122,12,WH_ONLY,2003-05-08,49.20089308727492
10135,9,10135,9,WH_ONLY,2003-07-02,51.803432722748866
10147,9,10147,9,WH_ONLY,2003-09-05,50.26894397054886
10159,4,10159,4,WH_ONLY,2003-10-10,49.22537381777559
10169,4,10169,4,WH_ONLY,2003-11-04,51.43942697214822
10181,16,10181,16,WH_ONLY,2003-11-12,50.78321492985084
10191,5,10191,5,WH_ONLY,2003-11-21,52.33501865024675
10203,10,10203,10,WH_ONLY,2003-12-03,51.2762585119101
10211,4,10211,4,WH_ONLY,2004-01-15,50.50558947591113
10225,11,10225,11,WH_ONLY,2004-02-23,51.60465097762336
10238,5,10238,5,WH_ONLY,2004-04-09,50.4581681707254
10252,1,10252,1,WH_ONLY,2004-05-27,52.1688497538427
10265,1,10265,1,WH_ONLY,2004-07-02,50.5863678160446
10276,5,10276,5,WH_ONLY,2004-08-03,51.04119943341522
10287,14,10287,14,WH_ONLY,2004-08-30,49.70984437372557
10300,7,10300,7,WH_ONLY,2003-10-06,50.3027822015393
10310,12,10310,12,WH_ONLY,2004-10-16,57.159610297675435
10320,5,10320,5,WH_ONLY,2004-11-03,52.070394534092465
10330,3,10330,3,WH_ONLY,2004-11-16,49.626795891902425
10342,7,10342,7,WH_ONLY,2004-11-24,50.311328562478984
10355,7,10355,7,WH_ONLY,2004-12-07,51.45277886075641
10363,11,10363,11,WH_ONLY,2005-01-06,51.925711386006995
10378,10,10378,10,WH_ONLY,2005-02-10,49.83135542521112
10390,1,10390,1,WH_ONLY,2005-03-04,50.375543754517174
10109,2,10109,2,WH_ONLY,2003-03-11,50.6297227586538
10123,4,10123,4,WH_ONLY,2003-05-20,52.215908859587785
10137,4,10137,4,WH_ONLY,2003-07-11,49.553401983262006
10148,11,10148,11,WH_ONLY,2003-09-11,49.57579596151728
10161,10,10161,10,WH_ONLY,2003-10-17,51.36101191511353
10172,8,10172,8,WH_ONLY,2003-11-05,49.5650404744783
10181,4,10181,4,WH_ONLY,2003-11-12,51.285638779483776
10192,9,10192,9,WH_ONLY,2003-11-20,50.73564907250222
10204,15,10204,15,WH_ONLY,2003-12-02,50.096291243847844
10212,8,10212,8,WH_ONLY,2004-01-16,50.59730739871881
10226,6,10226,6,WH_ONLY,2004-02-26,50.90670604899727
10240,1,10240,1,WH_ONLY,2004-04-13,50.0671902380823
10253,3,10253,3,WH_ONLY,2004-06-02,50.70768115322983
10266,4,10266,4,WH_ONLY,2004-07-06,51.944375619985465
10278,4,10278,4,WH_ONLY,2004-08-06,51.590349575406414
10287,2,10287,2,WH_ONLY,2004-08-31,50.27011552662631
10301,6,10301,6,WH_ONLY,2003-10-06,49.606402031536994
10311,11,10311,11,WH_ONLY,2004-10-18,50.22220852153123
10321,8,10321,8,WH_ONLY,2004-11-04,50.83764190937331
10331,12,10331,12,WH_ONLY,2004-11-18,50.21672824467392
10343,2,10343,2,WH_ONLY,2004-11-24,51.77909314115061
10367,6,10367,6,WH_ONLY,2005-01-12,49.65578885241061
10379,4,10379,4,WH_ONLY,2005-02-10,49.08079985797461
10406,1,10406,1,WH_ONLY,2005-04-15,50.29730737074027
10419,3,10419,3,WH_ONLY,2005-05-19,51.56819603141411
10108,12,10108,12,WH_ONLY,2003-03-05,49.55479432399432
10122,16,10122,16,WH_ONLY,2003-05-08,51.27698940304462
10135,13,10135,13,WH_ONLY,2003-07-02,49.93843602293715
10146,2,10146,2,WH_ONLY,2003-09-05,52.03853844963424
10159,8,10159,8,WH_ONLY,2003-10-10,51.64203067724994
10169,8,10169,8,WH_ONLY,2003-11-04,50.57551851706293
10180,3,10180,3,WH_ONLY,2003-11-11,50.50662775246187
10191,9,10191,9,WH_ONLY,2003-11-20,51.03177944518534
10211,8,10211,8,WH_ONLY,2004-01-15,50.26606001340218
10224,1,10224,1,WH_ONLY,2004-02-23,51.020753029264654
10237,1,10237,1,WH_ONLY,2004-04-07,52.00224868814846
10252,5,10252,5,WH_ONLY,2004-05-26,50.96597886213499
10264,3,10264,3,WH_ONLY,2004-07-02,51.41701548452067
10276,9,10276,9,WH_ONLY,2004-08-02,50.329368668846776
10286,1,10286,1,WH_ONLY,2004-08-30,49.75187121060639
10299,3,10299,3,WH_ONLY,2004-09-30,51.75558424013158
10310,16,10310,16,WH_ONLY,2004-10-18,50.54762296092247
10319,4,10319,4,WH_ONLY,2004-11-03,51.24272448830491
10330,2,10330,2,WH_ONLY,2004-11-16,49.91625238688958
10342,8,10342,8,WH_ONLY,2004-11-24,50.10249802762988
10355,1,10355,1,WH_ONLY,2004-12-08,52.181193808437946
10363,12,10363,12,WH_ONLY,2005-01-06,49.71821327406263
10378,9,10378,9,WH_ONLY,2005-02-10,51.98406432963715
10390,2,10390,2,WH_ONLY,2005-03-04,52.48824610564979
10403,1,10403,1,WH_ONLY,2005-04-08,51.838604589796745
10106,17,10106,17,WH_ONLY,2003-02-19,51.03838172021871
10119,8,10119,8,WH_ONLY,2003-04-28,50.71132613685548
10130,1,10130,1,WH_ONLY,2003-06-18,52.0387110576566
10143,12,10143,12,WH_ONLY,2003-08-11,50.307619727792655
10155,10,10155,10,WH_ONLY,2003-10-06,50.50287082837884
10167,6,10167,6,WH_ONLY,2003-10-23,51.619075961701235
10178,9,10178,9,WH_ONLY,2003-11-10,50.25358865782431
10186,6,10186,6,WH_ONLY,2003-11-14,50.507193832887204
10197,3,10197,3,WH_ONLY,2003-11-26,50.76201356314043
10209,5,10209,5,WH_ONLY,2004-01-09,50.9028693432299
10222,9,10222,9,WH_ONLY,2004-02-19,51.95067178397186
10249,5,10249,5,WH_ONLY,2004-05-10,49.80684690989736
10262,14,10262,14,WH_ONLY,2004-06-24,51.89422122850641
10273,1,10273,1,WH_ONLY,2004-07-21,51.86529555634962
10283,3,10283,3,WH_ONLY,2004-08-20,51.66428832352941
10296,12,10296,12,WH_ONLY,2004-09-15,51.36355317247144
10307,6,10307,6,WH_ONLY,2004-10-14,51.402537959973
10316,14,10316,14,WH_ONLY,2004-11-02,49.11566345572433
10328,6,10328,6,WH_ONLY,2004-11-12,51.40359908077778
10338,2,10338,2,WH_ONLY,2004-11-22,49.56821630498655
10351,2,10351,2,WH_ONLY,2004-12-03,51.83039358357493
10373,6,10373,6,WH_ONLY,2005-02-01,52.60998043679274
10386,6,10386,6,WH_ONLY,2005-03-01,50.14658176119586
10398,17,10398,17,WH_ONLY,2005-03-31,50.4421102914618
10400,6,10400,6,WH_ONLY,2005-04-01,51.33176123852952
10415,5,10415,5,WH_ONLY,2005-05-09,50.44194974264725
10104,3,10104,3,WH_ONLY,2003-01-31,52.1387505864235
10117,12,10117,12,WH_ONLY,2003-04-16,49.88460582207097
10127,5,10127,5,WH_ONLY,2003-06-03,50.039689383659386
10142,15,10142,15,WH_ONLY,2003-08-08,52.45699483728379
10152,1,10152,1,WH_ONLY,2003-09-25,51.41554501846687
10165,6,10165,6,WH_ONLY,2003-10-22,51.54248331380287
10176,5,10176,5,WH_ONLY,2003-11-06,49.92740979226712
10185,16,10185,16,WH_ONLY,2003-11-15,56.749503697317266
10196,8,10196,8,WH_ONLY,2003-11-26,51.17055844294634
10207,1,10207,1,WH_ONLY,2003-12-11,51.387382510328145
10220,5,10220,5,WH_ONLY,2004-02-12,51.306694736052904
10230,3,10230,3,WH_ONLY,2004-03-15,50.723633353188944
10247,5,10247,5,WH_ONLY,2004-05-05,50.29140660170124
10272,5,10272,5,WH_ONLY,2004-07-20,50.30037979466247
10282,8,10282,8,WH_ONLY,2004-08-21,56.518817993532096
10292,2,10292,2,WH_ONLY,2004-09-08,49.733454908550605
10306,16,10306,16,WH_ONLY,2004-10-14,51.34465975368592
10314,8,10314,8,WH_ONLY,2004-10-23,54.67226917058827
10324,13,10324,13,WH_ONLY,2004-11-05,51.22889617896019
10337,3,10337,3,WH_ONLY,2004-11-22,51.33229387405832
10349,5,10349,5,WH_ONLY,2004-12-01,50.25649904903925
10358,13,10358,13,WH_ONLY,2004-12-10,49.31630320355974
10372,6,10372,6,WH_ONLY,2005-01-26,49.64672682562675
10383,1,10383,1,WH_ONLY,2005-02-24,50.759000548017866
10394,1,10394,1,WH_ONLY,2005-03-16,51.51762049900439
10413,5,10413,5,WH_ONLY,2005-05-05,49.33754980971494
10100,4,10100,4,WH_ONLY,2003-01-06,51.458541411013016
10110,8,10110,8,WH_ONLY,2003-03-18,50.40571914669592
10124,7,10124,7,WH_ONLY,2003-05-21,50.54840651456288
10148,1,10148,1,WH_ONLY,2003-09-11,52.23904489158639
10162,10,10162,10,WH_ONLY,2003-10-20,50.66362201287578
10173,14,10173,14,WH_ONLY,2003-11-05,50.96248689577496
10182,11,10182,11,WH_ONLY,2003-11-12,49.002732781260846
10193,15,10193,15,WH_ONLY,2003-11-21,49.52290819071241
10204,5,10204,5,WH_ONLY,2003-12-02,49.77059458054973
10213,1,10213,1,WH_ONLY,2004-01-22,49.17049593283277
10227,11,10227,11,WH_ONLY,2004-03-02,51.699546192944496
10241,3,10241,3,WH_ONLY,2004-04-13,50.29377560817256
10280,17,10280,17,WH_ONLY,2004-08-18,50.92324275710826
10288,6,10288,6,WH_ONLY,2004-09-03,49.93095627636947
10302,2,10302,2,WH_ONLY,2003-10-06,50.377557347645656
10311,1,10311,1,WH_ONLY,2004-10-18,51.321810944284934
10332,2,10332,2,WH_ONLY,2004-11-17,51.832573257272884
10344,4,10344,4,WH_ONLY,2004-11-25,49.300378880850644
10367,8,10367,8,WH_ONLY,2005-01-12,51.955348791585635
10380,1,10380,1,WH_ONLY,2005-02-16,50.711573809801486
10407,3,10407,3,WH_ONLY,2005-04-22,50.84671456542555
10420,6,10420,6,WH_ONLY,2005-05-30,50.45368144041524
10105,10,10105,10,WH_ONLY,2003-02-13,49.190524391581135
10117,4,10117,4,WH_ONLY,2003-04-18,49.474579621126985
10128,1,10128,1,WH_ONLY,2003-06-06,50.80890098877302
10142,7,10142,7,WH_ONLY,2003-08-08,50.37291934412179
10153,6,10153,6,WH_ONLY,2003-09-29,52.19912725116542
10166,1,10166,1,WH_ONLY,2003-10-21,50.813069849233365
10177,8,10177,8,WH_ONLY,2003-11-07,49.4857609496684
10185,8,10185,8,WH_ONLY,2003-11-15,56.169476274899345
10197,14,10197,14,WH_ONLY,2003-11-26,49.87418573679497
10208,8,10208,8,WH_ONLY,2004-01-02,50.98683660690267
10221,2,10221,2,WH_ONLY,2004-02-18,51.56838644220384
10232,5,10232,5,WH_ONLY,2004-03-22,51.64863760765091
10248,11,10248,11,WH_ONLY,2004-05-07,52.1081367488685
10261,9,10261,9,WH_ONLY,2004-06-18,50.98962703898588
10273,12,10273,12,WH_ONLY,2004-07-21,51.351635112278075
10283,14,10283,14,WH_ONLY,2004-08-20,52.30400194645085
10293,3,10293,3,WH_ONLY,2004-09-09,50.570530019117854
10306,8,10306,8,WH_ONLY,2004-10-15,49.52064695907488
10315,7,10315,7,WH_ONLY,2004-10-29,50.41804168702162
10326,5,10326,5,WH_ONLY,2004-11-10,49.80866918551748
10337,2,10337,2,WH_ONLY,2004-11-22,51.581028384091105
10350,3,10350,3,WH_ONLY,2004-12-02,50.87711115350703
10372,7,10372,7,WH_ONLY,2005-01-28,51.47393150262491
10383,7,10383,7,WH_ONLY,2005-02-24,49.39221430734231
10396,5,10396,5,WH_ONLY,2005-03-23,51.781020968338694
10414,11,10414,11,WH_ONLY,2005-05-06,50.215662783300786
10103,5,10103,5,WH_ONLY,2003-01-29,51.40685766420584
10114,9,10114,9,WH_ONLY,2003-04-02,50.973145512040986
10126,5,10126,5,WH_ONLY,2003-05-29,50.54732188561215
10140,5,10140,5,WH_ONLY,2003-07-24,49.386926133040255
10150,2,10150,2,WH_ONLY,2003-09-19,49.25515084197042
10164,3,10164,3,WH_ONLY,2003-10-21,51.569008077250274
10175,10,10175,10,WH_ONLY,2003-11-07,51.77260090326121
10183,2,10183,2,WH_ONLY,2003-11-15,56.61189219751432
10194,5,10194,5,WH_ONLY,2003-11-25,49.379836410360916
10207,16,10207,16,WH_ONLY,2003-12-09,51.01359629222218
10217,5,10217,5,WH_ONLY,2004-02-05,51.327333077279576
10229,10,10229,10,WH_ONLY,2004-03-11,51.37277554565468
10245,3,10245,3,WH_ONLY,2004-05-04,49.951589397432485
10259,13,10259,13,WH_ONLY,2004-06-15,49.45724364726229
10270,3,10270,3,WH_ONLY,2004-07-19,51.40918047602398
10281,10,10281,10,WH_ONLY,2004-08-19,50.40756367097492
10291,5,10291,5,WH_ONLY,2004-09-08,50.27344736817969
10305,14,10305,14,WH_ONLY,2004-10-13,49.1164036320233
10313,8,10313,8,WH_ONLY,2004-10-23,56.4451327008344
10323,1,10323,1,WH_ONLY,2004-11-06,57.32901262988459
10334,4,10334,4,WH_ONLY,2004-11-19,52.279117948301355
10347,4,10347,4,WH_ONLY,2004-11-30,50.7451719014015
10357,2,10357,2,WH_ONLY,2004-12-10,50.99922157512185
10370,6,10370,6,WH_ONLY,2005-01-20,49.233727257208486
10382,1,10382,1,WH_ONLY,2005-02-17,50.59765088370693
10411,3,10411,3,WH_ONLY,2005-05-02,50.23058387286615
10425,13,10425,13,WH_ONLY,2005-05-31,51.066506390031066
10103,9,10103,9,WH_ONLY,2003-01-30,50.84023808190117
10113,3,10113,3,WH_ONLY,2003-03-26,50.24037536886465
10126,9,10126,9,WH_ONLY,2003-05-28,49.82928589195787
10140,9,10140,9,WH_ONLY,2003-07-24,50.167076383326304
10150,6,10150,6,WH_ONLY,2003-09-19,49.45316660801649
10164,7,10164,7,WH_ONLY,2003-10-21,49.71187480038889
10174,2,10174,2,WH_ONLY,2003-11-06,52.744672842898076
10183,6,10183,6,WH_ONLY,2003-11-15,55.2893127440512
10194,9,10194,9,WH_ONLY,2003-11-25,51.25951747090957
10206,4,10206,4,WH_ONLY,2003-12-05,51.96129894275091
10215,1,10215,1,WH_ONLY,2004-01-30,52.200192288698304
10229,14,10229,14,WH_ONLY,2004-03-11,51.24847936255634
10245,7,10245,7,WH_ONLY,2004-05-04,51.69687846172067
10258,4,10258,4,WH_ONLY,2004-06-15,50.664928199558204
10270,7,10270,7,WH_ONLY,2004-07-19,50.636153316925736
10281,14,10281,14,WH_ONLY,2004-08-19,50.424641009016206
10291,9,10291,9,WH_ONLY,2004-09-08,51.11558368908429
10304,4,10304,4,WH_ONLY,2004-10-11,51.4072405166293
10312,1,10312,1,WH_ONLY,2004-10-21,50.67851999183038
10324,6,10324,6,WH_ONLY,2004-11-05,49.46278016219648
10333,8,10333,8,WH_ONLY,2004-11-18,51.289699820296676
10348,6,10348,6,WH_ONLY,2004-11-02,49.807765965230224
10358,8,10358,8,WH_ONLY,2004-12-10,51.24449362518465
10370,2,10370,2,WH_ONLY,2005-01-20,51.08443302096699
10382,2,10382,2,WH_ONLY,2005-02-17,51.58646182908803
10411,7,10411,7,WH_ONLY,2005-05-02,51.961303733819165
10424,4,10424,4,WH_ONLY,2005-05-31,51.64889810837843
10108,11,10108,11,WH_ONLY,2003-03-05,50.57420258509212
10122,15,10122,15,WH_ONLY,2003-05-08,51.97007163716281
10135,12,10135,12,WH_ONLY,2003-07-02,50.892736154749095
10146,1,10146,1,WH_ONLY,2003-09-04,50.229621585279425
10159,7,10159,7,WH_ONLY,2003-10-10,49.36790846530628
10169,7,10169,7,WH_ONLY,2003-11-04,49.93890638297867
10180,2,10180,2,WH_ONLY,2003-11-11,51.0028272457557
10191,8,10191,8,WH_ONLY,2003-11-20,51.08134226141143
10211,7,10211,7,WH_ONLY,2004-01-15,51.832839271529735
10225,14,10225,14,WH_ONLY,2004-02-23,49.759909416160866
10238,8,10238,8,WH_ONLY,2004-04-09,49.76034139818796
10252,4,10252,4,WH_ONLY,2004-05-28,51.90955419580615
10264,2,10264,2,WH_ONLY,2004-07-01,49.523686121672654
10276,8,10276,8,WH_ONLY,2004-08-03,51.229371833003874
10287,17,10287,17,WH_ONLY,2004-08-31,50.84346615382469
10299,2,10299,2,WH_ONLY,2004-09-30,51.054477121431205
10310,15,10310,15,WH_ONLY,2004-10-18,49.40533769037227
10319,3,10319,3,WH_ONLY,2004-11-03,49.75265913733071
10330,4,10330,4,WH_ONLY,2004-11-16,49.32890918138905
10342,11,10342,11,WH_ONLY,2004-11-25,51.54384782046633
10355,2,10355,2,WH_ONLY,2004-12-07,50.87248933890902
10363,13,10363,13,WH_ONLY,2005-01-06,49.779758629996266
10378,8,10378,8,WH_ONLY,2005-02-10,50.88567410810023
10390,3,10390,3,WH_ONLY,2005-03-04,51.485269715966744
10110,9,10110,9,WH_ONLY,2003-03-20,49.440641938007666
10124,8,10124,8,WH_ONLY,2003-05-21,50.64051713825926
10148,2,10148,2,WH_ONLY,2003-09-11,51.67804579696047
10161,1,10161,1,WH_ONLY,2003-10-17,49.985747922106164
10173,15,10173,15,WH_ONLY,2003-11-05,50.00915712944786
10182,12,10182,12,WH_ONLY,2003-11-12,51.228442986427005
10193,16,10193,16,WH_ONLY,2003-11-21,52.1598333968773
10204,6,10204,6,WH_ONLY,2003-12-02,51.45334410601516
10213,2,10213,2,WH_ONLY,2004-01-23,50.77687427328081
10227,12,10227,12,WH_ONLY,2004-03-04,51.14280817364052
10241,4,10241,4,WH_ONLY,2004-04-13,50.61776586395634
10267,1,10267,1,WH_ONLY,2004-07-07,51.356107176631156
10279,1,10279,1,WH_ONLY,2004-08-09,50.65855133003834
10288,7,10288,7,WH_ONLY,2004-09-02,50.22697783449591
10302,3,10302,3,WH_ONLY,2003-10-06,51.688174136298
10311,2,10311,2,WH_ONLY,2004-10-18,51.02821060273152
10332,3,10332,3,WH_ONLY,2004-11-17,50.75176881784981
10344,5,10344,5,WH_ONLY,2004-11-25,51.780067940903045
10367,9,10367,9,WH_ONLY,2005-01-14,49.06514181997227
10380,2,10380,2,WH_ONLY,2005-02-16,50.04787747827598
10407,4,10407,4,WH_ONLY,2005-04-22,49.14122202942087
10420,7,10420,7,WH_ONLY,2005-05-30,51.600031643581275
10110,13,10110,13,WH_ONLY,2003-03-20,51.844113617782334
10124,12,10124,12,WH_ONLY,2003-05-21,49.951926215045276
10148,6,10148,6,WH_ONLY,2003-09-11,51.02592051413024
10161,5,10161,5,WH_ONLY,2003-10-17,50.430501676424
10172,3,10172,3,WH_ONLY,2003-11-07,51.99973543977028
10182,16,10182,16,WH_ONLY,2003-11-12,50.493978908713366
10192,4,10192,4,WH_ONLY,2003-11-22,55.52779521882991
10204,10,10204,10,WH_ONLY,2003-12-02,51.7566424099121
10212,3,10212,3,WH_ONLY,2004-01-16,49.77351163772487
10226,1,10226,1,WH_ONLY,2004-02-27,50.20325093978381
10241,8,10241,8,WH_ONLY,2004-04-13,51.534820090789545
10267,5,10267,5,WH_ONLY,2004-07-07,51.842316001484676
10279,5,10279,5,WH_ONLY,2004-08-10,50.911861610793515
10288,11,10288,11,WH_ONLY,2004-09-02,49.61973576149242
10301,1,10301,1,WH_ONLY,2003-10-07,50.69458169848098
10311,6,10311,6,WH_ONLY,2004-10-18,50.759250890815906
10321,3,10321,3,WH_ONLY,2004-11-04,49.79331591366031
10332,4,10332,4,WH_ONLY,2004-11-17,51.24059672882012
10344,7,10344,7,WH_ONLY,2004-11-25,52.4142559601615
10367,10,10367,10,WH_ONLY,2005-01-12,50.36770351255937
10380,3,10380,3,WH_ONLY,2005-02-16,50.01696451761164
10407,8,10407,8,WH_ONLY,2005-04-22,50.328649242366396
10420,11,10420,11,WH_ONLY,2005-05-30,49.846562422231905
10104,6,10104,6,WH_ONLY,2003-01-31,51.693813774393355
10115,2,10115,2,WH_ONLY,2003-04-04,50.69778087199302
10127,8,10127,8,WH_ONLY,2003-06-03,50.96269635630778
10141,2,10141,2,WH_ONLY,2003-08-01,50.96227966161372
10152,4,10152,4,WH_ONLY,2003-09-25,50.77729140226597
10165,9,10165,9,WH_ONLY,2003-10-22,51.17248354032131
10176,8,10176,8,WH_ONLY,2003-11-06,49.878734361007616
10184,3,10184,3,WH_ONLY,2003-11-16,56.47086669021181
10195,3,10195,3,WH_ONLY,2003-11-25,52.27104856713065
10207,4,10207,4,WH_ONLY,2003-12-10,51.569354822864625
10220,8,10220,8,WH_ONLY,2004-02-12,52.59530716793854
10230,6,10230,6,WH_ONLY,2004-03-17,49.93041067147238
10246,2,10246,2,WH_ONLY,2004-05-05,50.711896801394126
10259,1,10259,1,WH_ONLY,2004-06-15,51.19412535999921
10271,2,10271,2,WH_ONLY,2004-07-20,51.4083639842817
10282,11,10282,11,WH_ONLY,2004-08-20,50.555031460580764
10292,5,10292,5,WH_ONLY,2004-09-08,49.967425540548625
10305,2,10305,2,WH_ONLY,2004-10-13,50.149424000136364
10314,11,10314,11,WH_ONLY,2004-10-22,50.646553198609844
10324,14,10324,14,WH_ONLY,2004-11-05,49.95635081302186
10336,4,10336,4,WH_ONLY,2004-11-22,51.258530581995444
10349,4,10349,4,WH_ONLY,2004-12-01,50.07404800699545
10358,14,10358,14,WH_ONLY,2004-12-10,49.37900401967981
10371,12,10371,12,WH_ONLY,2005-01-24,51.08135639933733
10383,2,10383,2,WH_ONLY,2005-02-22,50.776850688037605
10394,2,10394,2,WH_ONLY,2005-03-16,52.03300890604154
10412,2,10412,2,WH_ONLY,2005-05-05,51.556574123663836
10425,1,10425,1,WH_ONLY,2005-05-31,49.998793503915024
10107,3,10107,3,WH_ONLY,2003-02-24,52.1907769331773
10120,1,10120,1,WH_ONLY,2003-04-29,50.82113843159212
10134,3,10134,3,WH_ONLY,2003-07-01,49.93431457993715
10145,7,10145,7,WH_ONLY,2003-08-25,51.261527946521554
10159,15,10159,15,WH_ONLY,2003-10-10,52.0523773515685
10168,2,10168,2,WH_ONLY,2003-10-29,50.712886722636334
10180,10,10180,10,WH_ONLY,2003-11-11,50.58120121985946
10188,2,10188,2,WH_ONLY,2003-11-18,49.63982898562719
10201,3,10201,3,WH_ONLY,2003-12-01,49.60136371889771
10211,15,10211,15,WH_ONLY,2004-01-15,50.744711992724234
10223,2,10223,2,WH_ONLY,2004-02-20,51.378222506632966
10237,8,10237,8,WH_ONLY,2004-04-07,49.80924783869725
10251,3,10251,3,WH_ONLY,2004-05-19,52.38036196255189
10263,3,10263,3,WH_ONLY,2004-06-30,51.48322586338182
10275,2,10275,2,WH_ONLY,2004-07-23,51.36299137276604
10285,7,10285,7,WH_ONLY,2004-08-27,51.481068519532755
10299,10,10299,10,WH_ONLY,2004-09-30,49.57854740258318
10309,6,10309,6,WH_ONLY,2004-10-15,50.36995022764836
10318,2,10318,2,WH_ONLY,2004-11-02,51.023898824343256
10329,7,10329,7,WH_ONLY,2004-11-15,51.6465398264894
10339,10,10339,10,WH_ONLY,2004-11-23,51.535409908925885
10362,2,10362,2,WH_ONLY,2005-01-05,50.31435699104895
10374,6,10374,6,WH_ONLY,2005-02-02,51.997535406104426
10389,1,10389,1,WH_ONLY,2005-03-03,49.62131008979852
10403,8,10403,8,WH_ONLY,2005-04-08,51.692660936822804
10417,3,10417,3,WH_ONLY,2005-05-13,52.07510384916604
10110,15,10110,15,WH_ONLY,2003-03-18,49.6050680448848
10123,1,10123,1,WH_ONLY,2003-05-20,51.137378872316056
10137,1,10137,1,WH_ONLY,2003-07-10,49.518750117131006
10148,8,10148,8,WH_ONLY,2003-09-11,50.66455436505697
10161,7,10161,7,WH_ONLY,2003-10-17,50.942705459284056
10172,5,10172,5,WH_ONLY,2003-11-05,50.988610240691386
10181,1,10181,1,WH_ONLY,2003-11-12,51.97600533921016
10192,6,10192,6,WH_ONLY,2003-11-20,51.667959532002925
10204,12,10204,12,WH_ONLY,2003-12-02,50.74318761951152
10212,5,10212,5,WH_ONLY,2004-01-16,51.68209452682996
10226,3,10226,3,WH_ONLY,2004-02-27,51.79602624904848
10241,10,10241,10,WH_ONLY,2004-04-13,49.22767625847685
10266,1,10266,1,WH_ONLY,2004-07-06,52.11490762379815
10278,1,10278,1,WH_ONLY,2004-08-06,49.46504590365292
10288,13,10288,13,WH_ONLY,2004-09-02,51.7872075825147
10301,3,10301,3,WH_ONLY,2003-10-07,50.161055014027795
10311,8,10311,8,WH_ONLY,2004-10-16,54.79498894398498
10321,5,10321,5,WH_ONLY,2004-11-06,55.87058228043213
10332,5,10332,5,WH_ONLY,2004-11-17,51.52627434875543
10343,6,10343,6,WH_ONLY,2004-11-25,50.645372305090184
10367,11,10367,11,WH_ONLY,2005-01-13,49.96949719026576
10379,3,10379,3,WH_ONLY,2005-02-10,50.742696763983616
10407,10,10407,10,WH_ONLY,2005-04-22,51.74705582745905
10420,13,10420,13,WH_ONLY,2005-05-30,50.090894883906714
10106,4,10106,4,WH_ONLY,2003-02-18,50.084302029789406
10120,10,10120,10,WH_ONLY,2003-04-29,51.03461365287501
10133,5,10133,5,WH_ONLY,2003-06-27,49.232614888778194
10145,16,10145,16,WH_ONLY,2003-08-27,52.18003303185594
10168,11,10168,11,WH_ONLY,2003-10-29,51.4421851426348
10210,9,10210,9,WH_ONLY,2004-01-14,51.50647479423142
10223,11,10223,11,WH_ONLY,2004-02-20,50.220361370002784
10235,5,10235,5,WH_ONLY,2004-04-02,51.38492965221235
10250,6,10250,6,WH_ONLY,2004-05-12,50.93109152923677
10262,1,10262,1,WH_ONLY,2004-06-25,51.558900607190424
10275,11,10275,11,WH_ONLY,2004-07-23,50.99900093275125
10284,3,10284,3,WH_ONLY,2004-08-23,51.470644052518246
10297,6,10297,6,WH_ONLY,2004-09-16,51.38122632678987
10308,9,10308,9,WH_ONLY,2004-10-15,50.56275537096453
10316,1,10316,1,WH_ONLY,2004-11-01,51.990388637500885
10328,14,10328,14,WH_ONLY,2004-11-12,51.00711317917681
10339,7,10339,7,WH_ONLY,2004-11-23,51.304773939496684
10353,2,10353,2,WH_ONLY,2004-12-06,49.7661540604208
10374,3,10374,3,WH_ONLY,2005-02-02,51.08029584072327
10386,11,10386,11,WH_ONLY,2005-03-01,50.7150786825573
10398,16,10398,16,WH_ONLY,2005-03-30,49.59721341033284
10401,5,10401,5,WH_ONLY,2005-04-04,49.65704815021097
10416,6,10416,6,WH_ONLY,2005-05-10,50.84882977634996
10101,3,10101,3,WH_ONLY,2003-01-09,51.58619326569563
10110,3,10110,3,WH_ONLY,2003-03-18,51.056035136565725
10124,2,10124,2,WH_ONLY,2003-05-21,49.67671491269089
10149,7,10149,7,WH_ONLY,2003-09-12,51.33699961842649
10162,5,10162,5,WH_ONLY,2003-10-20,49.336486019342146
10173,9,10173,9,WH_ONLY,2003-11-05,51.113634440435156
10182,6,10182,6,WH_ONLY,2003-11-12,49.768150943637394
10193,10,10193,10,WH_ONLY,2003-11-21,50.1655399782156
10205,5,10205,5,WH_ONLY,2003-12-03,49.94565627294028
10214,3,10214,3,WH_ONLY,2004-01-28,50.11948299023708
10227,6,10227,6,WH_ONLY,2004-03-02,49.581358773745265
10243,1,10243,1,WH_ONLY,2004-04-28,50.969841828898126
10280,12,10280,12,WH_ONLY,2004-08-17,50.91151442300277
10288,1,10288,1,WH_ONLY,2004-09-03,51.06035346654765
10304,16,10304,16,WH_ONLY,2004-10-12,50.842098956572464
10312,13,10312,13,WH_ONLY,2004-10-21,51.57911175534867
10322,3,10322,3,WH_ONLY,2004-11-06,54.49983314315017
10332,6,10332,6,WH_ONLY,2004-11-17,50.902947097692305
10344,6,10344,6,WH_ONLY,2004-11-25,49.40379621705647
10356,5,10356,5,WH_ONLY,2004-12-09,49.87271225764951
10367,13,10367,13,WH_ONLY,2005-01-12,51.422674951825144
10380,4,10380,4,WH_ONLY,2005-02-16,50.85511561730337
10391,8,10391,8,WH_ONLY,2005-03-09,51.70086136701545
10409,1,10409,1,WH_ONLY,2005-04-25,51.235932360058655
10420,1,10420,1,WH_ONLY,2005-05-30,51.970198750169104
10107,7,10107,7,WH_ONLY,2003-02-25,49.785948585509715
10120,5,10120,5,WH_ONLY,2003-04-29,49.52145468807024
10134,7,10134,7,WH_ONLY,2003-07-01,49.59667364410899
10145,11,10145,11,WH_ONLY,2003-08-27,49.54625293850641
10158,1,10158,1,WH_ONLY,2003-10-10,51.02097581475587
10168,6,10168,6,WH_ONLY,2003-10-29,51.17136142813507
10180,14,10180,14,WH_ONLY,2003-11-11,49.51746037066222
10188,6,10188,6,WH_ONLY,2003-11-18,51.85998902980094
10201,7,10201,7,WH_ONLY,2003-12-01,52.02677708699519
10210,4,10210,4,WH_ONLY,2004-01-14,50.56293861764692
10223,6,10223,6,WH_ONLY,2004-02-20,49.29991832377526
10236,3,10236,3,WH_ONLY,2004-04-05,49.500398430485625
10250,1,10250,1,WH_ONLY,2004-05-12,49.332863401107
10263,7,10263,7,WH_ONLY,2004-06-28,49.80365633611899
10275,6,10275,6,WH_ONLY,2004-07-23,50.93718398025103
10285,11,10285,11,WH_ONLY,2004-08-27,50.071276273063084
10297,1,10297,1,WH_ONLY,2004-09-16,50.1476832225823
10308,4,10308,4,WH_ONLY,2004-10-15,52.14400330060072
10318,6,10318,6,WH_ONLY,2004-11-02,51.41557108464117
10329,4,10329,4,WH_ONLY,2004-11-15,52.11085600083737
10340,8,10340,8,WH_ONLY,2004-11-25,50.26947271567725
10363,8,10363,8,WH_ONLY,2005-01-06,50.15802331189349
10375,9,10375,9,WH_ONLY,2005-02-03,51.133814158356216
10389,2,10389,2,WH_ONLY,2005-03-03,49.44182256458193
10402,3,10402,3,WH_ONLY,2005-04-07,49.24677642033683
10416,1,10416,1,WH_ONLY,2005-05-10,51.499238262683825
10105,9,10105,9,WH_ONLY,2003-02-13,51.3882132032208
10117,3,10117,3,WH_ONLY,2003-04-18,51.05921801740669
10129,9,10129,9,WH_ONLY,2003-06-13,50.474163700789084
10142,6,10142,6,WH_ONLY,2003-08-08,50.23850913216401
10153,5,10153,5,WH_ONLY,2003-09-30,49.59955104190987
10167,16,10167,16,WH_ONLY,2003-10-23,50.36688038753525
10177,7,10177,7,WH_ONLY,2003-11-07,49.63800692879851
10185,7,10185,7,WH_ONLY,2003-11-15,54.27770348914666
10197,13,10197,13,WH_ONLY,2003-11-26,51.84520485507282
10208,7,10208,7,WH_ONLY,2004-01-02,51.49050609763716
10221,1,10221,1,WH_ONLY,2004-02-18,51.22623018012643
10232,4,10232,4,WH_ONLY,2004-03-22,50.086270715277465
10248,10,10248,10,WH_ONLY,2004-05-07,50.24843799465251
10261,8,10261,8,WH_ONLY,2004-06-18,49.877498079175794
10273,11,10273,11,WH_ONLY,2004-07-21,49.267757610832064
10283,13,10283,13,WH_ONLY,2004-08-20,49.847249439538565
10293,2,10293,2,WH_ONLY,2004-09-09,51.35987616760855
10306,7,10306,7,WH_ONLY,2004-10-14,51.61089213622361
10315,6,10315,6,WH_ONLY,2004-10-29,50.71161657771787
10326,4,10326,4,WH_ONLY,2004-11-10,50.74416853471697
10337,4,10337,4,WH_ONLY,2004-11-23,52.42364815831286
10350,7,10350,7,WH_ONLY,2004-12-02,49.663653390099626
10372,8,10372,8,WH_ONLY,2005-01-26,50.16123779255407
10384,3,10384,3,WH_ONLY,2005-02-23,50.18988786422915
10396,6,10396,6,WH_ONLY,2005-03-23,51.48363000158372
10414,10,10414,10,WH_ONLY,2005-05-06,52.40139721251296
10101,2,10101,2,WH_ONLY,2003-01-09,50.56498090124661
10110,2,10110,2,WH_ONLY,2003-03-18,52.04409511216325
10124,1,10124,1,WH_ONLY,2003-05-21,51.81442487330712
10149,6,10149,6,WH_ONLY,2003-09-12,50.19809849186768
10162,4,10162,4,WH_ONLY,2003-10-20,50.45189263886397
10173,8,10173,8,WH_ONLY,2003-11-05,50.19694809306564
10182,5,10182,5,WH_ONLY,2003-11-12,52.25612690192608
10193,9,10193,9,WH_ONLY,2003-11-21,50.34219654982602
10205,4,10205,4,WH_ONLY,2003-12-03,51.42626432145919
10214,2,10214,2,WH_ONLY,2004-01-28,50.47714187517505
10227,5,10227,5,WH_ONLY,2004-03-03,51.238595893077765
10244,9,10244,9,WH_ONLY,2004-04-30,50.57703786831307
10255,2,10255,2,WH_ONLY,2004-06-04,50.720882919127874
10280,11,10280,11,WH_ONLY,2004-08-18,51.72573270836569
10289,4,10289,4,WH_ONLY,2004-09-03,51.93535616913681
10304,15,10304,15,WH_ONLY,2004-10-12,51.744560009638576
10312,12,10312,12,WH_ONLY,2004-10-21,49.63977162859762
10322,4,10322,4,WH_ONLY,2004-11-06,56.64810880829029
10332,10,10332,10,WH_ONLY,2004-11-17,50.18319388771636
10345,1,10345,1,WH_ONLY,2004-11-25,50.32143637402892
10356,7,10356,7,WH_ONLY,2004-12-09,50.83964742892813
10367,12,10367,12,WH_ONLY,2005-01-14,50.229199543957456
10380,5,10380,5,WH_ONLY,2005-02-16,51.37954676851005
10391,1,10391,1,WH_ONLY,2005-03-10,52.69725685817349
10421,2,10421,2,WH_ONLY,2005-05-30,49.737176906220824
10103,1,10103,1,WH_ONLY,2003-01-29,51.652462572113066
10114,5,10114,5,WH_ONLY,2003-04-01,50.49209070685161
10126,1,10126,1,WH_ONLY,2003-05-29,49.813409897694584
10140,1,10140,1,WH_ONLY,2003-07-24,49.46333038557303
10151,8,10151,8,WH_ONLY,2003-09-22,52.362628045779196
10165,17,10165,17,WH_ONLY,2003-10-22,51.63814423282682
10175,6,10175,6,WH_ONLY,2003-11-07,52.31611349787478
10184,11,10184,11,WH_ONLY,2003-11-14,52.51627399261926
10194,1,10194,1,WH_ONLY,2003-11-25,50.12584046086516
10207,12,10207,12,WH_ONLY,2003-12-09,50.0222679069961
10217,1,10217,1,WH_ONLY,2004-02-06,51.12459932851216
10229,6,10229,6,WH_ONLY,2004-03-11,50.543726385548936
10246,10,10246,10,WH_ONLY,2004-05-05,50.42122001737023
10259,9,10259,9,WH_ONLY,2004-06-15,50.05706602884763
10271,10,10271,10,WH_ONLY,2004-07-20,51.526573440442945
10281,6,10281,6,WH_ONLY,2004-08-19,51.054886622698824
10291,1,10291,1,WH_ONLY,2004-09-08,49.61472469093014
10305,10,10305,10,WH_ONLY,2004-10-13,50.60932996523428
10313,4,10313,4,WH_ONLY,2004-10-22,50.89396668032394
10324,2,10324,2,WH_ONLY,2004-11-05,51.083909108302635
10334,5,10334,5,WH_ONLY,2004-11-19,49.93619649616499
10348,1,10348,1,WH_ONLY,2004-11-01,51.94096116749283
10358,7,10358,7,WH_ONLY,2004-12-10,49.370781727983854
10371,5,10371,5,WH_ONLY,2005-01-25,50.89654563018734
10382,3,10382,3,WH_ONLY,2005-02-17,51.971696136743496
10412,10,10412,10,WH_ONLY,2005-05-05,50.74546937329618
10425,9,10425,9,WH_ONLY,2005-05-31,50.542813363812456
10108,15,10108,15,WH_ONLY,2003-03-03,51.08023203488711
10121,2,10121,2,WH_ONLY,2003-05-07,51.30592001701712
10135,16,10135,16,WH_ONLY,2003-07-02,51.56112221045849
10145,3,10145,3,WH_ONLY,2003-08-27,51.86989943842388
10159,11,10159,11,WH_ONLY,2003-10-10,51.490780912513955
10169,11,10169,11,WH_ONLY,2003-11-04,51.05943654119157
10180,6,10180,6,WH_ONLY,2003-11-11,49.996014033746214
10190,3,10190,3,WH_ONLY,2003-11-19,49.91135578540178
10211,11,10211,11,WH_ONLY,2004-01-15,50.23640115499533
10224,4,10224,4,WH_ONLY,2004-02-23,50.99335579310638
10237,4,10237,4,WH_ONLY,2004-04-05,50.573401699601035
10252,8,10252,8,WH_ONLY,2004-05-27,50.34661122033188
10264,6,10264,6,WH_ONLY,2004-06-30,49.18514271514062
10276,12,10276,12,WH_ONLY,2004-08-03,51.289327639839456
10285,3,10285,3,WH_ONLY,2004-08-27,50.28235530272073
10299,6,10299,6,WH_ONLY,2004-10-01,51.804100689336195
10309,2,10309,2,WH_ONLY,2004-10-15,49.086572911336106
10319,7,10319,7,WH_ONLY,2004-11-03,51.40927013944821
10330,1,10330,1,WH_ONLY,2004-11-16,52.53034987902757
10341,6,10341,6,WH_ONLY,2004-11-25,49.80408517678967
10355,3,10355,3,WH_ONLY,2004-12-08,50.79752947143391
10363,14,10363,14,WH_ONLY,2005-01-06,49.843962413172946
10375,14,10375,14,WH_ONLY,2005-02-03,50.90832222835969
10390,4,10390,4,WH_ONLY,2005-03-04,50.93361425870587
10403,4,10403,4,WH_ONLY,2005-04-08,50.41937778236404
10110,11,10110,11,WH_ONLY,2003-03-20,50.57960746841866
10124,10,10124,10,WH_ONLY,2003-05-21,51.84945189786387
10148,4,10148,4,WH_ONLY,2003-09-11,49.5637867283813
10161,3,10161,3,WH_ONLY,2003-10-17,49.02201221109416
10172,1,10172,1,WH_ONLY,2003-11-07,51.58887774489759
10182,14,10182,14,WH_ONLY,2003-11-13,51.510506792229215
10192,2,10192,2,WH_ONLY,2003-11-20,51.984824938945735
10204,8,10204,8,WH_ONLY,2003-12-02,51.572079080019655
10212,1,10212,1,WH_ONLY,2004-01-16,51.64418124005226
10227,14,10227,14,WH_ONLY,2004-03-03,50.41777888105991
10241,6,10241,6,WH_ONLY,2004-04-13,51.52814461361423
10267,3,10267,3,WH_ONLY,2004-07-07,51.955677327885894
10279,3,10279,3,WH_ONLY,2004-08-09,50.70731417129442
10288,9,10288,9,WH_ONLY,2004-09-02,49.97236911462808
10302,5,10302,5,WH_ONLY,2003-10-07,49.870592225251265
10311,4,10311,4,WH_ONLY,2004-10-18,50.003363322648994
10321,1,10321,1,WH_ONLY,2004-11-06,55.177324038325956
10332,7,10332,7,WH_ONLY,2004-11-18,49.94150862656312
10346,1,10346,1,WH_ONLY,2004-11-30,50.63225156424334
10368,2,10368,2,WH_ONLY,2005-01-19,51.32496073356903
10380,6,10380,6,WH_ONLY,2005-02-16,50.52781566449559
10407,6,10407,6,WH_ONLY,2005-04-22,50.810729535465235
10420,9,10420,9,WH_ONLY,2005-05-30,50.1004905120117
10104,10,10104,10,WH_ONLY,2003-01-31,49.2339369651726
10114,1,10114,1,WH_ONLY,2003-04-02,50.00330558897437
10127,12,10127,12,WH_ONLY,2003-06-03,51.36368967840573
10141,6,10141,6,WH_ONLY,2003-08-01,49.723087679377905
10151,4,10151,4,WH_ONLY,2003-09-23,49.866484238360506
10165,13,10165,13,WH_ONLY,2003-10-22,50.20333844675676
10175,2,10175,2,WH_ONLY,2003-11-07,51.54953182243292
10184,7,10184,7,WH_ONLY,2003-11-14,49.03760980616722
10195,7,10195,7,WH_ONLY,2003-11-25,51.41025797239959
10207,8,10207,8,WH_ONLY,2003-12-10,50.97265097871638
10219,3,10219,3,WH_ONLY,2004-02-11,51.67583324822368
10229,2,10229,2,WH_ONLY,2004-03-11,52.59591875712835
10246,6,10246,6,WH_ONLY,2004-05-05,49.691666982771316
10259,5,10259,5,WH_ONLY,2004-06-15,49.866285570857315
10271,6,10271,6,WH_ONLY,2004-07-20,51.772983250670706
10281,2,10281,2,WH_ONLY,2004-08-19,50.77622358407091
10292,9,10292,9,WH_ONLY,2004-09-08,50.997485517332365
10305,6,10305,6,WH_ONLY,2004-10-13,51.20168284906313
10314,15,10314,15,WH_ONLY,2004-10-22,51.041070369180595
10324,9,10324,9,WH_ONLY,2004-11-05,52.458690686609316
10335,2,10335,2,WH_ONLY,2004-11-19,52.21348921554977
10349,3,10349,3,WH_ONLY,2004-12-01,51.20262018710045
10358,4,10358,4,WH_ONLY,2004-12-11,55.03721788584547
10371,8,10371,8,WH_ONLY,2005-01-24,51.836054622404006
10383,3,10383,3,WH_ONLY,2005-02-23,49.793397961569646
10394,6,10394,6,WH_ONLY,2005-03-16,50.22032078150121
10412,6,10412,6,WH_ONLY,2005-05-04,52.22466793687154
10425,5,10425,5,WH_ONLY,2005-05-31,49.71283790332056
10106,13,10106,13,WH_ONLY,2003-02-17,49.87919858282133
10119,4,10119,4,WH_ONLY,2003-04-28,49.69130052469204
10131,5,10131,5,WH_ONLY,2003-06-16,51.51953033571385
10143,8,10143,8,WH_ONLY,2003-08-11,50.58984937345781
10155,6,10155,6,WH_ONLY,2003-10-06,51.558494815086874
10167,2,10167,2,WH_ONLY,2003-10-23,49.73138708466143
10178,5,10178,5,WH_ONLY,2003-11-10,51.57862578916277
10186,2,10186,2,WH_ONLY,2003-11-14,51.3346892926013
10198,5,10198,5,WH_ONLY,2003-11-27,49.88201607735734
10209,1,10209,1,WH_ONLY,2004-01-09,50.31061903600346
10222,5,10222,5,WH_ONLY,2004-02-19,50.45029357149469
10249,1,10249,1,WH_ONLY,2004-05-10,52.49355591843453
10262,10,10262,10,WH_ONLY,2004-06-24,51.70690799230127
10274,2,10274,2,WH_ONLY,2004-07-21,52.06029044196725
10284,12,10284,12,WH_ONLY,2004-08-23,49.907134431717104
10296,8,10296,8,WH_ONLY,2004-09-15,51.660911223956795
10307,2,10307,2,WH_ONLY,2004-10-16,56.53081852977926
10316,10,10316,10,WH_ONLY,2004-11-01,51.70284155765788
10328,1,10328,1,WH_ONLY,2004-11-12,51.878567035077815
10339,12,10339,12,WH_ONLY,2004-11-23,50.45513179317909
10351,5,10351,5,WH_ONLY,2004-12-03,49.41601013094353
10373,7,10373,7,WH_ONLY,2005-02-01,51.147847711727316
10386,1,10386,1,WH_ONLY,2005-03-01,51.694156125557015
10398,3,10398,3,WH_ONLY,2005-03-30,50.98290331481627
10400,2,10400,2,WH_ONLY,2005-04-01,49.80474539027882
10415,1,10415,1,WH_ONLY,2005-05-09,50.704540087639934
10110,10,10110,10,WH_ONLY,2003-03-18,50.18822022242242
10124,9,10124,9,WH_ONLY,2003-05-21,50.856762183412876
10148,3,10148,3,WH_ONLY,2003-09-11,51.622731105374044
10161,2,10161,2,WH_ONLY,2003-10-17,51.993866008923824
10173,16,10173,16,WH_ONLY,2003-11-06,50.283938168886834
10182,13,10182,13,WH_ONLY,2003-11-13,50.34798911188841
10192,1,10192,1,WH_ONLY,2003-11-20,50.283161395556974
10204,7,10204,7,WH_ONLY,2003-12-02,49.83214303603944
10213,3,10213,3,WH_ONLY,2004-01-23,51.430655868740175
10227,13,10227,13,WH_ONLY,2004-03-02,52.33945900291215
10241,5,10241,5,WH_ONLY,2004-04-13,50.067653107461354
10267,2,10267,2,WH_ONLY,2004-07-07,51.9460924203991
10279,2,10279,2,WH_ONLY,2004-08-11,51.926310390792075
10288,8,10288,8,WH_ONLY,2004-09-02,51.93619565463158
10302,4,10302,4,WH_ONLY,2003-10-07,49.99769109803388
10311,3,10311,3,WH_ONLY,2004-10-18,52.54094735846248
10332,11,10332,11,WH_ONLY,2004-11-17,50.547103545921885
10346,5,10346,5,WH_ONLY,2004-11-30,50.413432804044255
10368,5,10368,5,WH_ONLY,2005-01-19,49.16306112293522
10380,7,10380,7,WH_ONLY,2005-02-16,50.75708746860067
10407,5,10407,5,WH_ONLY,2005-04-22,49.351326584461845
10420,8,10420,8,WH_ONLY,2005-05-30,50.27603224744699
10109,6,10109,6,WH_ONLY,2003-03-10,50.24968222920759
10122,4,10122,4,WH_ONLY,2003-05-08,51.869115918997785
10135,1,10135,1,WH_ONLY,2003-07-02,51.57959061369723
10147,1,10147,1,WH_ONLY,2003-09-05,49.890159588183586
10160,2,10160,2,WH_ONLY,2003-10-13,52.053874376163236
10171,4,10171,4,WH_ONLY,2003-11-06,51.54069176931615
10181,8,10181,8,WH_ONLY,2003-11-13,51.2635971411928
10192,13,10192,13,WH_ONLY,2003-11-20,49.38603560326833
10203,2,10203,2,WH_ONLY,2003-12-03,51.83424937154342
10212,12,10212,12,WH_ONLY,2004-01-16,52.331150845751424
10225,3,10225,3,WH_ONLY,2004-02-23,51.20166242506645
10239,2,10239,2,WH_ONLY,2004-04-12,50.11453175122038
10253,7,10253,7,WH_ONLY,2004-06-03,50.65756029261709
10266,8,10266,8,WH_ONLY,2004-07-06,51.48833376355549
10278,8,10278,8,WH_ONLY,2004-08-06,50.968180032852096
10287,6,10287,6,WH_ONLY,2004-08-30,49.40633603712942
10301,10,10301,10,WH_ONLY,2003-10-07,49.97218961297521
10310,4,10310,4,WH_ONLY,2004-10-18,51.3910611374767
10321,12,10321,12,WH_ONLY,2004-11-06,57.00442985244177
10331,13,10331,13,WH_ONLY,2004-11-18,49.97857399580579
10342,9,10342,9,WH_ONLY,2004-11-25,51.941444240354826
10355,4,10355,4,WH_ONLY,2004-12-08,49.934940598212535
10367,2,10367,2,WH_ONLY,2005-01-12,50.96368258490668
10378,7,10378,7,WH_ONLY,2005-02-10,52.028919635808876
10390,5,10390,5,WH_ONLY,2005-03-04,51.54416435697566
10405,2,10405,2,WH_ONLY,2005-04-14,52.3672758581386
10419,7,10419,7,WH_ONLY,2005-05-19,50.34640021810227
10105,4,10105,4,WH_ONLY,2003-02-12,51.74734759210887
10119,13,10119,13,WH_ONLY,2003-04-28,49.45489269335351
10129,4,10129,4,WH_ONLY,2003-06-12,51.11323197932902
10142,1,10142,1,WH_ONLY,2003-08-08,51.60619371226612
10154,2,10154,2,WH_ONLY,2003-10-02,51.58265201440673
10167,11,10167,11,WH_ONLY,2003-10-23,50.18692880790474
10177,2,10177,2,WH_ONLY,2003-11-07,51.91515753297339
10185,2,10185,2,WH_ONLY,2003-11-14,49.467675808516894
10197,8,10197,8,WH_ONLY,2003-11-26,49.983770289859024
10208,2,10208,2,WH_ONLY,2004-01-02,51.72667114924599
10222,14,10222,14,WH_ONLY,2004-02-19,50.54015866701433
10233,2,10233,2,WH_ONLY,2004-03-30,52.32948226882937
10248,5,10248,5,WH_ONLY,2004-05-07,50.5320672131525
10261,3,10261,3,WH_ONLY,2004-06-18,49.87629500770394
10273,6,10273,6,WH_ONLY,2004-07-21,52.02187228700738
10283,8,10283,8,WH_ONLY,2004-08-20,51.24497575478272
10295,3,10295,3,WH_ONLY,2004-09-10,50.01352546995824
10306,2,10306,2,WH_ONLY,2004-10-14,51.16291920135863
10315,1,10315,1,WH_ONLY,2004-10-29,50.68011672795515
10326,3,10326,3,WH_ONLY,2004-11-11,51.54648769953946
10339,13,10339,13,WH_ONLY,2004-11-23,50.449032425847804
10350,9,10350,9,WH_ONLY,2004-12-02,51.651111092396256
10373,12,10373,12,WH_ONLY,2005-01-31,51.701488691994115
10384,2,10384,2,WH_ONLY,2005-02-23,51.35050129451526
10396,7,10396,7,WH_ONLY,2005-03-24,49.720920348789434
10414,5,10414,5,WH_ONLY,2005-05-06,52.25358872538301
10110,12,10110,12,WH_ONLY,2003-03-18,51.0862176733195
10124,11,10124,11,WH_ONLY,2003-05-21,51.08935842203762
10148,5,10148,5,WH_ONLY,2003-09-11,50.1391102136265
10161,4,10161,4,WH_ONLY,2003-10-17,52.30475428378605
10172,2,10172,2,WH_ONLY,2003-11-06,51.58749938143271
10182,15,10182,15,WH_ONLY,2003-11-13,49.45460130844915
10192,3,10192,3,WH_ONLY,2003-11-21,50.834319685507865
10204,9,10204,9,WH_ONLY,2003-12-03,52.295725950896816
10212,2,10212,2,WH_ONLY,2004-01-16,49.81038986034259
10227,15,10227,15,WH_ONLY,2004-03-02,52.584360748829276
10241,7,10241,7,WH_ONLY,2004-04-13,51.1183523068409
10267,4,10267,4,WH_ONLY,2004-07-07,51.42438773265767
10279,4,10279,4,WH_ONLY,2004-08-11,50.06562987649502
10288,10,10288,10,WH_ONLY,2004-09-02,50.3973756652348
10302,6,10302,6,WH_ONLY,2003-10-07,52.312872700387715
10311,5,10311,5,WH_ONLY,2004-10-16,55.46645963186276
10321,2,10321,2,WH_ONLY,2004-11-06,56.74617145147214
10332,12,10332,12,WH_ONLY,2004-11-18,50.21610507360865
10346,2,10346,2,WH_ONLY,2004-11-29,49.7539815635439
10368,1,10368,1,WH_ONLY,2005-01-19,49.87962924215705
10380,9,10380,9,WH_ONLY,2005-02-16,51.38177778277504
10407,7,10407,7,WH_ONLY,2005-04-22,51.88016117676087
10420,10,10420,10,WH_ONLY,2005-05-30,50.13660213802123
10108,5,10108,5,WH_ONLY,2003-03-05,50.08073411314048
10122,9,10122,9,WH_ONLY,2003-05-08,50.54518639775237
10135,6,10135,6,WH_ONLY,2003-07-02,51.16838297012814
10147,6,10147,6,WH_ONLY,2003-09-05,50.38130286801801
10159,1,10159,1,WH_ONLY,2003-10-10,51.913802708703784
10169,1,10169,1,WH_ONLY,2003-11-04,51.15085482028843
10181,13,10181,13,WH_ONLY,2003-11-13,51.03544720064644
10191,2,10191,2,WH_ONLY,2003-11-21,49.74869731366951
10203,7,10203,7,WH_ONLY,2003-12-03,52.295588862500516
10211,1,10211,1,WH_ONLY,2004-01-15,50.04759622211708
10225,8,10225,8,WH_ONLY,2004-02-23,49.34652590021594
10238,2,10238,2,WH_ONLY,2004-04-09,51.32484229945293
10253,12,10253,12,WH_ONLY,2004-06-02,51.24727302741958
10266,13,10266,13,WH_ONLY,2004-07-06,50.92397103302584
10276,2,10276,2,WH_ONLY,2004-08-04,50.68129289717968
10287,11,10287,11,WH_ONLY,2004-08-31,51.88438618249229
10300,4,10300,4,WH_ONLY,2003-10-06,49.616205177303314
10310,9,10310,9,WH_ONLY,2004-10-16,56.69844582909257
10320,2,10320,2,WH_ONLY,2004-11-03,50.88572039477896
10331,9,10331,9,WH_ONLY,2004-11-18,50.339092290400345
10342,10,10342,10,WH_ONLY,2004-11-26,50.88183803996427
10355,6,10355,6,WH_ONLY,2004-12-07,50.608668410316
10363,15,10363,15,WH_ONLY,2005-01-06,51.24129097827874
10378,6,10378,6,WH_ONLY,2005-02-10,50.73526864545494
10390,6,10390,6,WH_ONLY,2005-03-04,50.56005996594582
10419,12,10419,12,WH_ONLY,2005-05-18,50.83846289659295
10106,14,10106,14,WH_ONLY,2003-02-19,52.30145526411772
10119,5,10119,5,WH_ONLY,2003-04-28,50.82187246150052
10131,6,10131,6,WH_ONLY,2003-06-16,52.13622419145063
10143,9,10143,9,WH_ONLY,2003-08-11,50.079396145787385
10155,7,10155,7,WH_ONLY,2003-10-07,49.33608536110113
10167,3,10167,3,WH_ONLY,2003-10-23,50.19796760745101
10178,6,10178,6,WH_ONLY,2003-11-10,50.59043057440754
10186,3,10186,3,WH_ONLY,2003-11-14,49.600662721020576
10198,6,10198,6,WH_ONLY,2003-11-27,49.57104583908643
10209,2,10209,2,WH_ONLY,2004-01-09,51.69454220098018
10222,6,10222,6,WH_ONLY,2004-02-19,52.04131117303957
10249,2,10249,2,WH_ONLY,2004-05-10,51.27365557144316
10262,11,10262,11,WH_ONLY,2004-06-25,50.304473040196534
10274,3,10274,3,WH_ONLY,2004-07-21,49.54131758739132
10284,13,10284,13,WH_ONLY,2004-08-23,49.35187323907111
10296,9,10296,9,WH_ONLY,2004-09-15,51.18602757508586
10307,3,10307,3,WH_ONLY,2004-10-14,51.89951230405464
10316,11,10316,11,WH_ONLY,2004-11-01,50.973216844630194
10328,2,10328,2,WH_ONLY,2004-11-12,50.21232502506113
10339,14,10339,14,WH_ONLY,2004-11-23,50.70722629431672
10351,4,10351,4,WH_ONLY,2004-12-03,50.28755812199571
10361,6,10361,6,WH_ONLY,2004-12-17,50.631584431117126
10373,11,10373,11,WH_ONLY,2005-01-31,51.54543990987143
10386,9,10386,9,WH_ONLY,2005-03-01,51.516073598862135
10398,13,10398,13,WH_ONLY,2005-03-31,49.53165820550114
10400,3,10400,3,WH_ONLY,2005-04-01,49.32660285816438
10415,2,10415,2,WH_ONLY,2005-05-09,52.43322359494715
10110,14,10110,14,WH_ONLY,2003-03-20,49.6388165080256
10124,13,10124,13,WH_ONLY,2003-05-21,49.57527042714264
10148,7,10148,7,WH_ONLY,2003-09-11,49.73798724484804
10161,6,10161,6,WH_ONLY,2003-10-17,49.723623641321154
10172,4,10172,4,WH_ONLY,2003-11-07,50.161620799356655
10182,17,10182,17,WH_ONLY,2003-11-13,51.759302960453454
10192,5,10192,5,WH_ONLY,2003-11-21,50.29345602250368
10204,11,10204,11,WH_ONLY,2003-12-03,50.752445830332704
10212,4,10212,4,WH_ONLY,2004-01-16,50.99405588933909
10226,2,10226,2,WH_ONLY,2004-02-27,50.88217681535775
10241,9,10241,9,WH_ONLY,2004-04-13,51.909211005061685
10267,6,10267,6,WH_ONLY,2004-07-07,51.922054322519976
10279,6,10279,6,WH_ONLY,2004-08-10,49.42898048642715
10288,12,10288,12,WH_ONLY,2004-09-03,51.774281850016024
10301,2,10301,2,WH_ONLY,2003-10-07,50.97755086094967
10311,7,10311,7,WH_ONLY,2004-10-16,57.053354201398534
10321,4,10321,4,WH_ONLY,2004-11-06,56.066974380778504
10332,13,10332,13,WH_ONLY,2004-11-18,52.22469836898043
10346,6,10346,6,WH_ONLY,2004-11-30,51.23656668748656
10368,4,10368,4,WH_ONLY,2005-01-19,49.7148296025733
10380,11,10380,11,WH_ONLY,2005-02-16,50.758234129210614
10407,9,10407,9,WH_ONLY,2005-04-22,52.521184585352756
10420,12,10420,12,WH_ONLY,2005-05-30,52.041393558769585
10105,1,10105,1,WH_ONLY,2003-02-11,49.88896175864202
10119,10,10119,10,WH_ONLY,2003-04-28,51.40907182681833
10129,1,10129,1,WH_ONLY,2003-06-12,50.27066044752709
10143,14,10143,14,WH_ONLY,2003-08-12,49.045200456088764
10155,12,10155,12,WH_ONLY,2003-10-07,50.35215643864137
10167,8,10167,8,WH_ONLY,2003-10-23,49.93630027187121
10178,11,10178,11,WH_ONLY,2003-11-10,51.43491243452878
10186,8,10186,8,WH_ONLY,2003-11-15,55.07797208736996
10197,5,10197,5,WH_ONLY,2003-11-26,51.84326627365559
10209,7,10209,7,WH_ONLY,2004-01-09,49.54328635942239
10222,11,10222,11,WH_ONLY,2004-02-19,50.767050391387684
10248,2,10248,2,WH_ONLY,2004-05-07,50.48737379428629
10262,16,10262,16,WH_ONLY,2004-06-24,50.13014330409493
10273,3,10273,3,WH_ONLY,2004-07-21,49.430774154432164
10283,5,10283,5,WH_ONLY,2004-08-20,49.98629748295261
10296,14,10296,14,WH_ONLY,2004-09-15,51.234844551435465
10307,8,10307,8,WH_ONLY,2004-10-14,49.8762635993256
10316,16,10316,16,WH_ONLY,2004-11-01,50.458439920964054
10326,2,10326,2,WH_ONLY,2004-11-09,50.771355449821385
10339,16,10339,16,WH_ONLY,2004-11-23,51.800577547302055
10350,10,10350,10,WH_ONLY,2004-12-02,52.048825686139196
10373,10,10373,10,WH_ONLY,2005-02-01,50.84251320060636
10385,2,10385,2,WH_ONLY,2005-02-28,50.03278444138337
10396,8,10396,8,WH_ONLY,2005-03-23,49.496390185405
10400,8,10400,8,WH_ONLY,2005-04-01,51.99375182670583
10414,2,10414,2,WH_ONLY,2005-05-06,49.134775227477476
10108,1,10108,1,WH_ONLY,2003-03-03,49.84340141285071
10122,5,10122,5,WH_ONLY,2003-05-08,50.530005355977
10135,2,10135,2,WH_ONLY,2003-07-02,50.064044893148235
10147,2,10147,2,WH_ONLY,2003-09-05,49.80263803023049
10160,3,10160,3,WH_ONLY,2003-10-13,51.46077000001145
10170,1,10170,1,WH_ONLY,2003-11-04,50.14923284313161
10181,9,10181,9,WH_ONLY,2003-11-13,50.99131155529743
10192,14,10192,14,WH_ONLY,2003-11-22,54.60326099003176
10203,3,10203,3,WH_ONLY,2003-12-03,49.911084297976075
10212,13,10212,13,WH_ONLY,2004-01-16,52.341193792443676
10225,4,10225,4,WH_ONLY,2004-02-23,49.61620615735008
10239,3,10239,3,WH_ONLY,2004-04-12,52.03694423325162
10253,8,10253,8,WH_ONLY,2004-06-02,50.8771143540727
10266,9,10266,9,WH_ONLY,2004-07-06,49.514049215303515
10278,9,10278,9,WH_ONLY,2004-08-06,51.86795003036513
10287,7,10287,7,WH_ONLY,2004-08-31,49.72202561654506
10301,11,10301,11,WH_ONLY,2003-10-07,52.0689035283597
10310,5,10310,5,WH_ONLY,2004-10-17,54.79605038904228
10321,13,10321,13,WH_ONLY,2004-11-06,56.77786974646191
10331,1,10331,1,WH_ONLY,2004-11-18,49.57357917410802
10342,6,10342,6,WH_ONLY,2004-11-25,51.08329624245769
10355,8,10355,8,WH_ONLY,2004-12-07,51.327594424773025
10363,1,10363,1,WH_ONLY,2005-01-06,52.17244846175751
10378,3,10378,3,WH_ONLY,2005-02-10,51.7309331299234
10390,8,10390,8,WH_ONLY,2005-03-04,51.97579628196473
10405,3,10405,3,WH_ONLY,2005-04-15,52.08027008106643
10419,8,10419,8,WH_ONLY,2005-05-19,50.39457591697186
10106,11,10106,11,WH_ONLY,2003-02-17,49.82678372253417
10119,2,10119,2,WH_ONLY,2003-04-28,49.834627301825044
10131,3,10131,3,WH_ONLY,2003-06-16,50.23934452122942
10143,6,10143,6,WH_ONLY,2003-08-12,50.27316450765045
10155,4,10155,4,WH_ONLY,2003-10-07,50.71356564337573
10168,18,10168,18,WH_ONLY,2003-10-28,50.21505077499876
10178,3,10178,3,WH_ONLY,2003-11-10,51.15253068837752
10198,3,10198,3,WH_ONLY,2003-11-27,49.60806393093932
10210,16,10210,16,WH_ONLY,2004-01-12,50.48263496614968
10222,3,10222,3,WH_ONLY,2004-02-19,50.747281244084526
10235,12,10235,12,WH_ONLY,2004-04-02,51.93501283385906
10250,13,10250,13,WH_ONLY,2004-05-13,51.18523079354327
10262,8,10262,8,WH_ONLY,2004-06-25,51.202179003834175
10275,18,10275,18,WH_ONLY,2004-07-23,49.42419332134462
10284,10,10284,10,WH_ONLY,2004-08-23,50.60877367467438
10296,6,10296,6,WH_ONLY,2004-09-15,50.00282148378696
10308,16,10308,16,WH_ONLY,2004-10-15,50.14545476522745
10316,8,10316,8,WH_ONLY,2004-11-01,50.55461852636135
10328,3,10328,3,WH_ONLY,2004-11-12,49.3378372791807
10339,11,10339,11,WH_ONLY,2004-11-23,49.98169631727792
10351,3,10351,3,WH_ONLY,2004-12-03,52.54463811762135
10361,7,10361,7,WH_ONLY,2004-12-17,51.80344208763597
10373,13,10373,13,WH_ONLY,2005-01-31,50.50307864336938
10386,12,10386,12,WH_ONLY,2005-03-01,49.94623649688296
10398,2,10398,2,WH_ONLY,2005-03-31,49.88654151614674
10401,12,10401,12,WH_ONLY,2005-04-05,50.935028743138915
10416,13,10416,13,WH_ONLY,2005-05-10,51.80104428703487
10100,1,10100,1,WH_ONLY,2003-01-06,49.64547628662283
10110,5,10110,5,WH_ONLY,2003-03-18,51.37518045076192
10124,4,10124,4,WH_ONLY,2003-05-21,49.85638376929159
10149,9,10149,9,WH_ONLY,2003-09-12,52.71890603994941
10162,7,10162,7,WH_ONLY,2003-10-20,50.23465285907921
10173,11,10173,11,WH_ONLY,2003-11-07,51.743372468375654
10182,8,10182,8,WH_ONLY,2003-11-13,50.078708803084
10193,12,10193,12,WH_ONLY,2003-11-22,56.22001929860289
10204,2,10204,2,WH_ONLY,2003-12-03,49.835561610570124
10214,5,10214,5,WH_ONLY,2004-01-27,50.258824631140754
10227,8,10227,8,WH_ONLY,2004-03-03,52.18050123029324
10242,1,10242,1,WH_ONLY,2004-04-22,51.89847573322575
10280,14,10280,14,WH_ONLY,2004-08-18,51.653918005131864
10288,3,10288,3,WH_ONLY,2004-09-03,50.893134694654094
10303,1,10303,1,WH_ONLY,2004-10-08,51.48521937670702
10312,15,10312,15,WH_ONLY,2004-10-21,49.29951586120916
10332,14,10332,14,WH_ONLY,2004-11-18,50.660496508371146
10346,4,10346,4,WH_ONLY,2004-11-29,50.28613316689024
10368,3,10368,3,WH_ONLY,2005-01-19,51.20484346037942
10380,12,10380,12,WH_ONLY,2005-02-16,50.067036673962775
10408,1,10408,1,WH_ONLY,2005-04-22,50.12458781433341
10420,3,10420,3,WH_ONLY,2005-05-30,51.286447058979476
10104,5,10104,5,WH_ONLY,2003-01-31,51.410320060289706
10115,1,10115,1,WH_ONLY,2003-04-04,50.63771531861517
10127,7,10127,7,WH_ONLY,2003-06-03,49.73186806763226
10141,1,10141,1,WH_ONLY,2003-08-01,49.57249434648173
10152,3,10152,3,WH_ONLY,2003-09-26,49.96550470768656
10165,8,10165,8,WH_ONLY,2003-10-22,50.17413287838648
10176,7,10176,7,WH_ONLY,2003-11-07,50.953787110761255
10184,2,10184,2,WH_ONLY,2003-11-15,56.55849604565742
10195,2,10195,2,WH_ONLY,2003-11-25,51.72240366891541
10207,3,10207,3,WH_ONLY,2003-12-11,50.53860056863503
10220,7,10220,7,WH_ONLY,2004-02-12,51.710191625383295
10230,5,10230,5,WH_ONLY,2004-03-16,49.82630022501408
10246,1,10246,1,WH_ONLY,2004-05-05,50.834757823937075
10271,1,10271,1,WH_ONLY,2004-07-20,51.71506374347467
10282,10,10282,10,WH_ONLY,2004-08-21,54.5123511711862
10292,4,10292,4,WH_ONLY,2004-09-08,49.63614956005537
10305,1,10305,1,WH_ONLY,2004-10-13,52.2251682150081
10314,10,10314,10,WH_ONLY,2004-10-22,50.279274127852744
10325,5,10325,5,WH_ONLY,2004-11-05,51.01206251234501
10336,5,10336,5,WH_ONLY,2004-11-22,49.674304726894746
10349,2,10349,2,WH_ONLY,2004-12-01,51.11709995334604
10359,7,10359,7,WH_ONLY,2004-12-16,50.04093792944159
10371,9,10371,9,WH_ONLY,2005-01-25,49.2015771317806
10383,4,10383,4,WH_ONLY,2005-02-24,50.967747145009945
10394,7,10394,7,WH_ONLY,2005-03-16,50.27484282876
10412,1,10412,1,WH_ONLY,2005-05-04,50.46338840298182
10103,15,10103,15,WH_ONLY,2003-01-30,49.30199663881615
10111,3,10111,3,WH_ONLY,2003-03-27,50.142342454101964
10126,15,10126,15,WH_ONLY,2003-05-30,50.58735485389329
10139,4,10139,4,WH_ONLY,2003-07-17,49.96486483929231
10149,1,10149,1,WH_ONLY,2003-09-12,51.79991376795262
10163,5,10163,5,WH_ONLY,2003-10-21,49.2725262197643
10173,3,10173,3,WH_ONLY,2003-11-07,51.26512466604584
10183,12,10183,12,WH_ONLY,2003-11-15,54.94594037206151
10193,4,10193,4,WH_ONLY,2003-11-22,54.87489510631711
10206,10,10206,10,WH_ONLY,2003-12-05,51.74278298572107
10215,7,10215,7,WH_ONLY,2004-01-30,49.74559733167699
10228,6,10228,6,WH_ONLY,2004-03-10,52.585737121566154
10244,4,10244,4,WH_ONLY,2004-04-30,49.945033619608836
10257,4,10257,4,WH_ONLY,2004-06-14,51.49617039318649
10269,2,10269,2,WH_ONLY,2004-07-16,50.631210573269726
10280,6,10280,6,WH_ONLY,2004-08-17,52.069112858999084
10290,1,10290,1,WH_ONLY,2004-09-07,51.27184147322623
10304,10,10304,10,WH_ONLY,2004-10-11,50.782740830162716
10312,7,10312,7,WH_ONLY,2004-10-21,50.162703557003546
10324,3,10324,3,WH_ONLY,2004-11-06,55.30815563091568
10333,1,10333,1,WH_ONLY,2004-11-18,51.79411529780748
10348,2,10348,2,WH_ONLY,2004-11-01,50.292238076233
10358,6,10358,6,WH_ONLY,2004-12-11,55.22813170146081
10369,3,10369,3,WH_ONLY,2005-01-20,51.84494876812096
10382,4,10382,4,WH_ONLY,2005-02-17,50.3763273239008
10423,4,10423,4,WH_ONLY,2005-06-01,52.247154372929856
10106,3,10106,3,WH_ONLY,2003-02-19,51.78607614657576
10120,9,10120,9,WH_ONLY,2003-04-29,50.982125393161716
10133,4,10133,4,WH_ONLY,2003-06-27,52.34307872313224
10145,15,10145,15,WH_ONLY,2003-08-27,49.477000406277234
10168,10,10168,10,WH_ONLY,2003-10-28,49.79792369253634
10210,8,10210,8,WH_ONLY,2004-01-14,50.869730915226526
10223,10,10223,10,WH_ONLY,2004-02-20,50.275839097533044
10235,4,10235,4,WH_ONLY,2004-04-02,51.3569439327461
10250,5,10250,5,WH_ONLY,2004-05-13,52.38750675986799
10263,11,10263,11,WH_ONLY,2004-06-28,50.98936195988631
10275,10,10275,10,WH_ONLY,2004-07-23,50.131527333596864
10284,2,10284,2,WH_ONLY,2004-08-23,52.66385378749616
10297,5,10297,5,WH_ONLY,2004-09-16,50.34778317116534
10308,8,10308,8,WH_ONLY,2004-10-15,50.518031170701306
10317,1,10317,1,WH_ONLY,2004-11-02,50.096733571321124
10328,4,10328,4,WH_ONLY,2004-11-12,52.40213492437182
10340,1,10340,1,WH_ONLY,2004-11-25,51.133518130392154
10353,3,10353,3,WH_ONLY,2004-12-06,51.30181601592166
10361,1,10361,1,WH_ONLY,2004-12-17,51.65554490683688
10375,2,10375,2,WH_ONLY,2005-02-03,50.42251585583891
10386,8,10386,8,WH_ONLY,2005-03-01,50.281406185903556
10398,14,10398,14,WH_ONLY,2005-03-30,52.20881505620508
10401,4,10401,4,WH_ONLY,2005-04-05,50.6889629237958
10416,5,10416,5,WH_ONLY,2005-05-10,51.65809402416167
10108,10,10108,10,WH_ONLY,2003-03-05,52.583123549915484
10122,14,10122,14,WH_ONLY,2003-05-08,51.07650102193009
10135,11,10135,11,WH_ONLY,2003-07-02,52.019509227245806
10147,11,10147,11,WH_ONLY,2003-09-05,51.845556326364786
10159,6,10159,6,WH_ONLY,2003-10-10,51.930492787765324
10169,6,10169,6,WH_ONLY,2003-11-04,50.21464317123849
10180,1,10180,1,WH_ONLY,2003-11-11,49.86593215702466
10191,7,10191,7,WH_ONLY,2003-11-22,55.427035471505526
10211,6,10211,6,WH_ONLY,2004-01-15,51.04402029931556
10225,13,10225,13,WH_ONLY,2004-02-24,50.294103875931256
10238,7,10238,7,WH_ONLY,2004-04-09,51.574218005012426
10252,3,10252,3,WH_ONLY,2004-05-27,50.38239663376793
10264,1,10264,1,WH_ONLY,2004-06-30,51.39573713490168
10276,7,10276,7,WH_ONLY,2004-08-04,50.272958334126855
10287,16,10287,16,WH_ONLY,2004-08-30,51.22229068804623
10299,1,10299,1,WH_ONLY,2004-10-01,51.14596879128355
10310,14,10310,14,WH_ONLY,2004-10-17,54.65861959585197
10319,2,10319,2,WH_ONLY,2004-11-03,50.54354511561478
10331,2,10331,2,WH_ONLY,2004-11-18,51.84144249045745
10343,1,10343,1,WH_ONLY,2004-11-26,50.76715780996953
10355,9,10355,9,WH_ONLY,2004-12-07,50.1502365714484
10363,9,10363,9,WH_ONLY,2005-01-06,52.020351768173555
10378,2,10378,2,WH_ONLY,2005-02-10,51.39447960370993
10390,10,10390,10,WH_ONLY,2005-03-04,52.45871675073104
10103,3,10103,3,WH_ONLY,2003-01-29,50.52914749198335
10114,7,10114,7,WH_ONLY,2003-04-01,50.588060782128316
10126,3,10126,3,WH_ONLY,2003-05-30,51.95717314444807
10140,3,10140,3,WH_ONLY,2003-07-25,51.193768357815216
10151,10,10151,10,WH_ONLY,2003-09-23,51.26159586470518
10164,1,10164,1,WH_ONLY,2003-10-21,49.79330885604908
10175,8,10175,8,WH_ONLY,2003-11-07,50.832879837267214
10184,13,10184,13,WH_ONLY,2003-11-16,55.009739791344174
10194,3,10194,3,WH_ONLY,2003-11-25,49.61101268123702
10207,14,10207,14,WH_ONLY,2003-12-09,49.08879707544608
10217,3,10217,3,WH_ONLY,2004-02-04,49.13810928051908
10229,8,10229,8,WH_ONLY,2004-03-11,52.074812746940076
10245,1,10245,1,WH_ONLY,2004-05-04,49.97299725397242
10259,11,10259,11,WH_ONLY,2004-06-15,51.51180389154468
10270,1,10270,1,WH_ONLY,2004-07-19,51.92924967322739
10281,8,10281,8,WH_ONLY,2004-08-19,51.04584173575097
10291,3,10291,3,WH_ONLY,2004-09-08,49.62628739500214
10305,12,10305,12,WH_ONLY,2004-10-13,51.80678679597429
10313,6,10313,6,WH_ONLY,2004-10-22,51.05355728403534
10324,11,10324,11,WH_ONLY,2004-11-05,51.98274031742778
10335,1,10335,1,WH_ONLY,2004-11-19,51.70716721940147
10348,3,10348,3,WH_ONLY,2004-11-02,51.92344280896233
10358,1,10358,1,WH_ONLY,2004-12-11,56.169629236829515
10371,1,10371,1,WH_ONLY,2005-01-25,50.16578459385987
10382,6,10382,6,WH_ONLY,2005-02-18,51.40147981855883
10411,1,10411,1,WH_ONLY,2005-05-02,49.18267108464896
10425,11,10425,11,WH_ONLY,2005-05-31,51.719182635300434
10107,8,10107,8,WH_ONLY,2003-02-26,50.033666547159854
10120,6,10120,6,WH_ONLY,2003-04-29,50.05413369478491
10133,1,10133,1,WH_ONLY,2003-06-27,52.059705789460615
10145,12,10145,12,WH_ONLY,2003-08-25,50.89330248569149
10168,7,10168,7,WH_ONLY,2003-10-29,50.603577256022014
10188,7,10188,7,WH_ONLY,2003-11-19,50.892681023685874
10210,5,10210,5,WH_ONLY,2004-01-13,51.8445334478823
10223,7,10223,7,WH_ONLY,2004-02-20,50.14600695314479
10235,1,10235,1,WH_ONLY,2004-04-02,51.66005706908189
10250,2,10250,2,WH_ONLY,2004-05-13,49.22182672647804
10263,8,10263,8,WH_ONLY,2004-06-29,51.445573029268715
10275,7,10275,7,WH_ONLY,2004-07-23,51.956252274867474
10285,12,10285,12,WH_ONLY,2004-08-27,50.32002233577954
10297,2,10297,2,WH_ONLY,2004-09-16,50.966087304283576
10308,5,10308,5,WH_ONLY,2004-10-15,50.06356009666274
10318,7,10318,7,WH_ONLY,2004-11-02,51.683158294811044
10329,11,10329,11,WH_ONLY,2004-11-15,51.045130618513255
10340,2,10340,2,WH_ONLY,2004-11-25,50.99323846598115
10353,5,10353,5,WH_ONLY,2004-12-06,50.32362381190765
10363,2,10363,2,WH_ONLY,2005-01-06,50.095136752117824
10375,3,10375,3,WH_ONLY,2005-02-03,49.47948160852282
10387,1,10387,1,WH_ONLY,2005-03-02,49.963645245340814
10401,1,10401,1,WH_ONLY,2005-04-04,50.91247018976815
10416,2,10416,2,WH_ONLY,2005-05-10,51.809348612192245
10108,13,10108,13,WH_ONLY,2003-03-05,51.65375233407508
10122,17,10122,17,WH_ONLY,2003-05-08,50.63275819058195
10135,14,10135,14,WH_ONLY,2003-07-02,52.02759876224791
10145,1,10145,1,WH_ONLY,2003-08-25,51.94461856900328
10159,9,10159,9,WH_ONLY,2003-10-10,51.77956182286808
10169,9,10169,9,WH_ONLY,2003-11-04,50.79633572669168
10180,4,10180,4,WH_ONLY,2003-11-11,49.736809109795956
10190,1,10190,1,WH_ONLY,2003-11-19,49.7019624090271
10211,9,10211,9,WH_ONLY,2004-01-15,51.89181030536432
10224,2,10224,2,WH_ONLY,2004-02-23,49.47621100495132
10237,2,10237,2,WH_ONLY,2004-04-06,50.575671015825165
10252,6,10252,6,WH_ONLY,2004-05-28,50.70945098282372
10264,4,10264,4,WH_ONLY,2004-06-30,51.40803820018677
10276,10,10276,10,WH_ONLY,2004-08-04,51.332380753340104
10285,1,10285,1,WH_ONLY,2004-08-27,50.11070844781829
10299,4,10299,4,WH_ONLY,2004-09-30,50.085672872558774
10310,17,10310,17,WH_ONLY,2004-10-17,56.62765526596103
10319,5,10319,5,WH_ONLY,2004-11-03,52.392956631839795
10331,3,10331,3,WH_ONLY,2004-11-18,51.29972756425374
10343,5,10343,5,WH_ONLY,2004-11-26,52.36572685823759
10355,10,10355,10,WH_ONLY,2004-12-08,51.38614332287265
10364,1,10364,1,WH_ONLY,2005-01-06,51.44229511549571
10378,1,10378,1,WH_ONLY,2005-02-10,49.57630014632164
10390,11,10390,11,WH_ONLY,2005-03-04,51.47345771462331
10403,2,10403,2,WH_ONLY,2005-04-08,51.18432596068469
10104,11,10104,11,WH_ONLY,2003-01-31,50.79281787596803
10114,2,10114,2,WH_ONLY,2003-04-03,50.54684847217477
10127,13,10127,13,WH_ONLY,2003-06-03,50.52813257768718
10141,7,10141,7,WH_ONLY,2003-08-01,50.26245014739463
10151,5,10151,5,WH_ONLY,2003-09-23,50.67685471208917
10165,14,10165,14,WH_ONLY,2003-10-22,49.978745414040205
10175,3,10175,3,WH_ONLY,2003-11-08,56.52527264286515
10184,8,10184,8,WH_ONLY,2003-11-15,54.68289540082239
10195,8,10195,8,WH_ONLY,2003-11-25,49.800372060664984
10207,9,10207,9,WH_ONLY,2003-12-11,50.2700069635123
10219,4,10219,4,WH_ONLY,2004-02-10,51.67424862047929
10229,3,10229,3,WH_ONLY,2004-03-11,50.96508515766823
10246,7,10246,7,WH_ONLY,2004-05-05,50.28403776416221
10259,6,10259,6,WH_ONLY,2004-06-15,51.040870895419346
10271,7,10271,7,WH_ONLY,2004-07-20,50.74691970370197
10281,3,10281,3,WH_ONLY,2004-08-19,51.831451754753694
10292,10,10292,10,WH_ONLY,2004-09-08,51.7398152614277
10305,7,10305,7,WH_ONLY,2004-10-13,50.58273332989136
10313,1,10313,1,WH_ONLY,2004-10-22,50.57441877235431
10325,3,10325,3,WH_ONLY,2004-11-05,51.162461845527204
10335,3,10335,3,WH_ONLY,2004-11-19,49.487418274107576
10349,1,10349,1,WH_ONLY,2004-12-01,51.252031216730956
10359,3,10359,3,WH_ONLY,2004-12-15,50.67109276027588
10371,2,10371,2,WH_ONLY,2005-01-24,52.04812422188186
10383,5,10383,5,WH_ONLY,2005-02-23,49.010754599022874
10394,3,10394,3,WH_ONLY,2005-03-17,51.27911862179407
10412,7,10412,7,WH_ONLY,2005-05-05,51.586763125505215
10425,6,10425,6,WH_ONLY,2005-05-31,50.45249576923816
10104,4,10104,4,WH_ONLY,2003-01-31,49.24704611168653
10116,1,10116,1,WH_ONLY,2003-04-11,52.605712718559694
10127,6,10127,6,WH_ONLY,2003-06-05,50.99824625843318
10142,16,10142,16,WH_ONLY,2003-08-08,51.45734131472577
10152,2,10152,2,WH_ONLY,2003-09-26,50.40639117278033
10165,7,10165,7,WH_ONLY,2003-10-22,50.79908675655174
10176,6,10176,6,WH_ONLY,2003-11-08,55.587136045184366
10184,1,10184,1,WH_ONLY,2003-11-15,54.458606635384264
10195,1,10195,1,WH_ONLY,2003-11-25,49.4588626295842
10207,2,10207,2,WH_ONLY,2003-12-11,51.72706806277744
10220,6,10220,6,WH_ONLY,2004-02-13,50.29136870231514
10230,4,10230,4,WH_ONLY,2004-03-17,49.97463001387737
10247,6,10247,6,WH_ONLY,2004-05-05,51.210984891467696
10272,6,10272,6,WH_ONLY,2004-07-20,51.5301624376644
10282,9,10282,9,WH_ONLY,2004-08-20,49.5864927366752
10292,3,10292,3,WH_ONLY,2004-09-09,51.133537594733525
10306,17,10306,17,WH_ONLY,2004-10-14,49.740336126393856
10314,9,10314,9,WH_ONLY,2004-10-22,49.61223473625204
10325,2,10325,2,WH_ONLY,2004-11-05,49.24140552633932
10336,9,10336,9,WH_ONLY,2004-11-22,51.783797033920884
10350,14,10350,14,WH_ONLY,2004-12-02,49.350312630638065
10359,1,10359,1,WH_ONLY,2004-12-16,49.33136855448354
10371,11,10371,11,WH_ONLY,2005-01-24,50.586171531216635
10383,8,10383,8,WH_ONLY,2005-02-23,51.944801171442535
10394,4,10394,4,WH_ONLY,2005-03-15,50.57188385617985
10413,6,10413,6,WH_ONLY,2005-05-05,50.64423205319082
10103,7,10103,7,WH_ONLY,2003-01-29,49.66811203867244
10113,1,10113,1,WH_ONLY,2003-03-28,50.63604239047317
10126,7,10126,7,WH_ONLY,2003-05-30,51.13871838235706
10140,7,10140,7,WH_ONLY,2003-07-24,50.68450098814887
10150,4,10150,4,WH_ONLY,2003-09-19,50.08659574073647
10164,5,10164,5,WH_ONLY,2003-10-21,50.11669425916802
10175,12,10175,12,WH_ONLY,2003-11-08,54.58988467288521
10183,4,10183,4,WH_ONLY,2003-11-15,55.061152907044026
10194,7,10194,7,WH_ONLY,2003-11-25,49.31663362069479
10206,2,10206,2,WH_ONLY,2003-12-05,51.395901614108254
10217,7,10217,7,WH_ONLY,2004-02-04,52.66279417754265
10229,12,10229,12,WH_ONLY,2004-03-11,52.04106101302841
10245,5,10245,5,WH_ONLY,2004-05-04,51.84902394925399
10258,2,10258,2,WH_ONLY,2004-06-15,50.84749258666512
10270,5,10270,5,WH_ONLY,2004-07-19,51.4803696711906
10281,12,10281,12,WH_ONLY,2004-08-19,49.96472956265972
10291,7,10291,7,WH_ONLY,2004-09-09,50.94393078604074
10304,2,10304,2,WH_ONLY,2004-10-12,50.664906230380566
10313,10,10313,10,WH_ONLY,2004-10-23,55.38531159639418
10324,4,10324,4,WH_ONLY,2004-11-06,56.21095389941404
10333,4,10333,4,WH_ONLY,2004-11-19,49.91174779995382
10348,5,10348,5,WH_ONLY,2004-11-01,49.91077684544888
10358,2,10358,2,WH_ONLY,2004-12-11,56.7615645001631
10370,3,10370,3,WH_ONLY,2005-01-20,49.327368992504866
10382,8,10382,8,WH_ONLY,2005-02-18,51.04811858670479
10411,5,10411,5,WH_ONLY,2005-05-02,52.0712229886356
10424,2,10424,2,WH_ONLY,2005-05-31,51.120162449198475
10106,5,10106,5,WH_ONLY,2003-02-17,50.751873956439546
10120,11,10120,11,WH_ONLY,2003-04-29,50.51080116859836
10133,6,10133,6,WH_ONLY,2003-06-27,50.2275614960757
10144,1,10144,1,WH_ONLY,2003-08-13,51.53322617267352
10168,12,10168,12,WH_ONLY,2003-10-29,51.067333280061675
10210,10,10210,10,WH_ONLY,2004-01-12,50.54062366366604
10223,12,10223,12,WH_ONLY,2004-02-20,49.461330270925686
10235,6,10235,6,WH_ONLY,2004-04-02,49.35332174609455
10250,7,10250,7,WH_ONLY,2004-05-11,52.538187618040844
10262,2,10262,2,WH_ONLY,2004-06-25,50.41074342113543
10275,12,10275,12,WH_ONLY,2004-07-23,51.28449531554569
10284,4,10284,4,WH_ONLY,2004-08-23,50.092315656331536
10297,7,10297,7,WH_ONLY,2004-09-16,51.05361027108558
10308,10,10308,10,WH_ONLY,2004-10-15,51.88901558850699
10316,2,10316,2,WH_ONLY,2004-11-01,50.916301357751635
10328,5,10328,5,WH_ONLY,2004-11-12,49.60327596130218
10340,3,10340,3,WH_ONLY,2004-11-26,50.947671286011825
10353,7,10353,7,WH_ONLY,2004-12-06,51.997422623174735
10361,2,10361,2,WH_ONLY,2004-12-17,50.71608834951406
10375,4,10375,4,WH_ONLY,2005-02-03,52.00747207657773
10388,8,10388,8,WH_ONLY,2005-03-03,51.06800103632108
10398,4,10398,4,WH_ONLY,2005-03-31,52.29057825230668
10401,6,10401,6,WH_ONLY,2005-04-05,51.636412086946905
10416,7,10416,7,WH_ONLY,2005-05-10,50.02709260170934
10108,16,10108,16,WH_ONLY,2003-03-05,49.86812219287678
10121,3,10121,3,WH_ONLY,2003-05-07,50.02988593119085
10135,17,10135,17,WH_ONLY,2003-07-02,51.68403454823015
10145,4,10145,4,WH_ONLY,2003-08-26,51.364146465731565
10159,12,10159,12,WH_ONLY,2003-10-10,50.99367530350005
10169,12,10169,12,WH_ONLY,2003-11-04,50.29008297722073
10180,7,10180,7,WH_ONLY,2003-11-11,50.03025679800939
10190,4,10190,4,WH_ONLY,2003-11-19,51.26282645994328
10211,12,10211,12,WH_ONLY,2004-01-15,50.60589027084326
10224,5,10224,5,WH_ONLY,2004-02-23,49.92898786405827
10237,5,10237,5,WH_ONLY,2004-04-06,51.01780599125976
10252,9,10252,9,WH_ONLY,2004-05-28,49.128499635005795
10264,7,10264,7,WH_ONLY,2004-06-30,50.194971885224135
10276,13,10276,13,WH_ONLY,2004-08-03,50.93996264650738
10285,4,10285,4,WH_ONLY,2004-08-27,49.420959104103815
10299,7,10299,7,WH_ONLY,2004-10-01,51.92575666620475
10309,3,10309,3,WH_ONLY,2004-10-15,49.794572076188864
10319,8,10319,8,WH_ONLY,2004-11-03,50.17359702572834
10331,4,10331,4,WH_ONLY,2004-11-19,50.068605360052764
10341,4,10341,4,WH_ONLY,2004-11-26,51.74997531007088
10355,5,10355,5,WH_ONLY,2004-12-07,50.44378771365999
10365,3,10365,3,WH_ONLY,2005-01-07,51.06274528937661
10375,15,10375,15,WH_ONLY,2005-02-03,49.009316764275916
10390,12,10390,12,WH_ONLY,2005-03-04,49.5350265096416
10403,5,10403,5,WH_ONLY,2005-04-08,51.06293528774767
10106,6,10106,6,WH_ONLY,2003-02-18,51.82489473197609
10120,12,10120,12,WH_ONLY,2003-04-29,52.30673519153178
10133,7,10133,7,WH_ONLY,2003-06-27,49.78397374749894
10143,1,10143,1,WH_ONLY,2003-08-12,50.61504218224479
10156,1,10156,1,WH_ONLY,2003-10-08,52.423009907743364
10168,13,10168,13,WH_ONLY,2003-10-30,50.13549901318382
10199,1,10199,1,WH_ONLY,2003-12-01,51.78951437335518
10210,11,10210,11,WH_ONLY,2004-01-14,49.41999599505501
10223,13,10223,13,WH_ONLY,2004-02-20,51.744048738778844
10235,7,10235,7,WH_ONLY,2004-04-02,51.46103109644331
10250,8,10250,8,WH_ONLY,2004-05-11,51.92931912593394
10262,3,10262,3,WH_ONLY,2004-06-24,51.29304898163483
10275,13,10275,13,WH_ONLY,2004-07-23,50.448714341252234
10284,5,10284,5,WH_ONLY,2004-08-23,51.76804578946435
10296,1,10296,1,WH_ONLY,2004-09-15,49.83187048050077
10308,11,10308,11,WH_ONLY,2004-10-15,50.338356347544156
10316,3,10316,3,WH_ONLY,2004-11-01,51.24833891199935
10328,7,10328,7,WH_ONLY,2004-11-12,51.79168954103879
10340,4,10340,4,WH_ONLY,2004-11-26,52.197545495701036
10353,8,10353,8,WH_ONLY,2004-12-06,50.2723960354889
10361,3,10361,3,WH_ONLY,2004-12-17,51.84972635567153
10375,5,10375,5,WH_ONLY,2005-02-03,51.42925949878722
10388,1,10388,1,WH_ONLY,2005-03-03,49.660705706553905
10398,5,10398,5,WH_ONLY,2005-03-31,50.26472885525841
10401,7,10401,7,WH_ONLY,2005-04-05,49.97637416351054
10416,8,10416,8,WH_ONLY,2005-05-10,50.49910814530175
10104,7,10104,7,WH_ONLY,2003-01-31,52.16910036827652
10115,3,10115,3,WH_ONLY,2003-04-04,51.50621904963816
10127,9,10127,9,WH_ONLY,2003-06-05,51.75416684232792
10141,3,10141,3,WH_ONLY,2003-08-01,52.556968623819444
10151,1,10151,1,WH_ONLY,2003-09-23,50.865675898453276
10165,10,10165,10,WH_ONLY,2003-10-22,51.61820877233179
10176,9,10176,9,WH_ONLY,2003-11-08,55.43751451426934
10184,4,10184,4,WH_ONLY,2003-11-16,56.952505556320844
10195,4,10195,4,WH_ONLY,2003-11-25,49.723161651048166
10207,5,10207,5,WH_ONLY,2003-12-09,52.201887171323115
10220,9,10220,9,WH_ONLY,2004-02-13,50.153251567378796
10230,7,10230,7,WH_ONLY,2004-03-16,50.4519014431327
10246,3,10246,3,WH_ONLY,2004-05-05,51.43724775006326
10259,2,10259,2,WH_ONLY,2004-06-15,50.21133576015924
10271,3,10271,3,WH_ONLY,2004-07-20,51.04251189413902
10282,12,10282,12,WH_ONLY,2004-08-20,50.34808420410974
10292,6,10292,6,WH_ONLY,2004-09-09,51.90592165186922
10305,3,10305,3,WH_ONLY,2004-10-13,49.84475153788929
10314,12,10314,12,WH_ONLY,2004-10-23,54.20318082715445
10325,4,10325,4,WH_ONLY,2004-11-06,54.850853241985526
10336,8,10336,8,WH_ONLY,2004-11-22,50.8450714653744
10350,8,10350,8,WH_ONLY,2004-12-02,49.93058793055045
10359,2,10359,2,WH_ONLY,2004-12-15,50.21682555206703
10371,10,10371,10,WH_ONLY,2005-01-25,50.17424212831375
10383,13,10383,13,WH_ONLY,2005-02-24,49.388798926706045
10395,4,10395,4,WH_ONLY,2005-03-18,50.8747051548876
10412,3,10412,3,WH_ONLY,2005-05-04,52.08920602531995
10425,2,10425,2,WH_ONLY,2005-05-31,49.85069363391352
10104,2,10104,2,WH_ONLY,2003-01-31,50.95835919466908
10117,11,10117,11,WH_ONLY,2003-04-17,51.052343204730214
10127,4,10127,4,WH_ONLY,2003-06-05,51.080057032095766
10142,14,10142,14,WH_ONLY,2003-08-08,51.33815899375976
10153,13,10153,13,WH_ONLY,2003-09-29,50.70129910816297
10165,5,10165,5,WH_ONLY,2003-10-22,50.52614352638682
10176,4,10176,4,WH_ONLY,2003-11-08,54.307399778845394
10185,15,10185,15,WH_ONLY,2003-11-16,56.023135291508154
10196,7,10196,7,WH_ONLY,2003-11-26,51.264917420600106
10208,15,10208,15,WH_ONLY,2004-01-02,49.93329918847836
10220,4,10220,4,WH_ONLY,2004-02-12,50.291345050653554
10230,2,10230,2,WH_ONLY,2004-03-17,51.887803622991825
10247,4,10247,4,WH_ONLY,2004-05-05,50.21477202920486
10272,4,10272,4,WH_ONLY,2004-07-20,50.69183589191135
10282,7,10282,7,WH_ONLY,2004-08-20,51.74761208854943
10292,1,10292,1,WH_ONLY,2004-09-09,51.09742783117998
10306,15,10306,15,WH_ONLY,2004-10-14,51.280254844022686
10314,7,10314,7,WH_ONLY,2004-10-23,56.62920485327542
10325,7,10325,7,WH_ONLY,2004-11-06,56.69592728710854
10337,6,10337,6,WH_ONLY,2004-11-23,51.079156267594016
10350,17,10350,17,WH_ONLY,2004-12-02,50.423603409282684
10359,4,10359,4,WH_ONLY,2004-12-16,50.94117120276359
10372,9,10372,9,WH_ONLY,2005-01-26,52.018392696487744
10383,10,10383,10,WH_ONLY,2005-02-24,51.77100564317136
10395,3,10395,3,WH_ONLY,2005-03-18,49.645202061216416
10413,4,10413,4,WH_ONLY,2005-05-05,52.18697197114918
10108,14,10108,14,WH_ONLY,2003-03-03,51.25419517086993
10121,1,10121,1,WH_ONLY,2003-05-07,49.325958417541244
10135,15,10135,15,WH_ONLY,2003-07-02,51.42765184282217
10145,2,10145,2,WH_ONLY,2003-08-25,50.441017570253834
10159,10,10159,10,WH_ONLY,2003-10-10,51.807376497757176
10169,10,10169,10,WH_ONLY,2003-11-04,49.76806529764836
10180,5,10180,5,WH_ONLY,2003-11-11,51.78707297414083
10190,2,10190,2,WH_ONLY,2003-11-19,50.69269076137601
10211,10,10211,10,WH_ONLY,2004-01-15,49.51173740185832
10224,3,10224,3,WH_ONLY,2004-02-23,52.21847604174704
10237,3,10237,3,WH_ONLY,2004-04-05,51.08174291507884
10252,7,10252,7,WH_ONLY,2004-05-27,50.51117568107569
10264,5,10264,5,WH_ONLY,2004-07-02,50.638567940912544
10276,11,10276,11,WH_ONLY,2004-08-02,51.68584045135426
10285,2,10285,2,WH_ONLY,2004-08-27,50.00808264013167
10299,5,10299,5,WH_ONLY,2004-09-30,49.62938356380821
10309,1,10309,1,WH_ONLY,2004-10-15,49.35720292594581
10319,6,10319,6,WH_ONLY,2004-11-03,50.04887730378484
10331,5,10331,5,WH_ONLY,2004-11-19,51.43140994778854
10341,3,10341,3,WH_ONLY,2004-11-26,51.205422098292836
10356,4,10356,4,WH_ONLY,2004-12-09,50.027433379531175
10365,2,10365,2,WH_ONLY,2005-01-07,49.66102730958431
10375,8,10375,8,WH_ONLY,2005-02-03,50.36108555030259
10390,13,10390,13,WH_ONLY,2005-03-04,51.8248942761758
10403,3,10403,3,WH_ONLY,2005-04-08,50.266384098747324
10105,5,10105,5,WH_ONLY,2003-02-11,52.34578600188219
10119,14,10119,14,WH_ONLY,2003-04-28,50.727687085809364
10129,5,10129,5,WH_ONLY,2003-06-13,49.743887492880525
10142,2,10142,2,WH_ONLY,2003-08-08,52.47027918769166
10153,1,10153,1,WH_ONLY,2003-09-30,51.06527055716373
10167,12,10167,12,WH_ONLY,2003-10-23,51.51880131985495
10177,3,10177,3,WH_ONLY,2003-11-08,57.27892556369977
10185,3,10185,3,WH_ONLY,2003-11-16,54.565567853103715
10197,9,10197,9,WH_ONLY,2003-11-26,49.34764161481762
10208,3,10208,3,WH_ONLY,2004-01-02,51.347223320342124
10222,15,10222,15,WH_ONLY,2004-02-19,49.80396621986385
10233,3,10233,3,WH_ONLY,2004-03-29,49.82303370826662
10248,6,10248,6,WH_ONLY,2004-05-07,49.45624995799494
10261,4,10261,4,WH_ONLY,2004-06-18,49.14257986270766
10273,7,10273,7,WH_ONLY,2004-07-21,52.09060628305147
10283,9,10283,9,WH_ONLY,2004-08-20,50.144437107175065
10295,4,10295,4,WH_ONLY,2004-09-10,50.90575701066593
10306,3,10306,3,WH_ONLY,2004-10-14,51.12576677593351
10315,2,10315,2,WH_ONLY,2004-10-29,50.95873715640284
10326,1,10326,1,WH_ONLY,2004-11-09,49.094859268689454
10339,5,10339,5,WH_ONLY,2004-11-23,51.91213323599021
10350,11,10350,11,WH_ONLY,2004-12-02,49.04178614303029
10373,14,10373,14,WH_ONLY,2005-01-31,51.85255372073869
10385,1,10385,1,WH_ONLY,2005-02-28,51.77273023461936
10396,1,10396,1,WH_ONLY,2005-03-23,50.98051914412941
10414,6,10414,6,WH_ONLY,2005-05-06,51.36453301493924
10106,7,10106,7,WH_ONLY,2003-02-19,50.448569789033314
10120,13,10120,13,WH_ONLY,2003-04-29,50.41963293598611
10133,8,10133,8,WH_ONLY,2003-06-27,52.44319539076392
10143,2,10143,2,WH_ONLY,2003-08-12,51.93589170442266
10156,2,10156,2,WH_ONLY,2003-10-08,50.67904936043875
10168,14,10168,14,WH_ONLY,2003-10-28,51.20499846189012
10199,2,10199,2,WH_ONLY,2003-12-01,51.94569673525882
10210,12,10210,12,WH_ONLY,2004-01-14,51.98456660314719
10223,14,10223,14,WH_ONLY,2004-02-20,50.578196479490494
10235,8,10235,8,WH_ONLY,2004-04-02,50.90536615294465
10250,9,10250,9,WH_ONLY,2004-05-11,50.02705252805865
10262,4,10262,4,WH_ONLY,2004-06-24,52.152885345971605
10275,14,10275,14,WH_ONLY,2004-07-23,49.7151917443318
10284,6,10284,6,WH_ONLY,2004-08-23,51.08965217355388
10296,2,10296,2,WH_ONLY,2004-09-15,50.524985849899
10308,12,10308,12,WH_ONLY,2004-10-15,50.659613138095594
10316,4,10316,4,WH_ONLY,2004-11-01,50.41959733242632
10328,8,10328,8,WH_ONLY,2004-11-12,52.588091695645716
10340,5,10340,5,WH_ONLY,2004-11-26,49.7362884855263
10353,9,10353,9,WH_ONLY,2004-12-06,51.08225958011003
10361,4,10361,4,WH_ONLY,2004-12-17,50.05219010071953
10375,6,10375,6,WH_ONLY,2005-02-03,49.51948687937864
10388,2,10388,2,WH_ONLY,2005-03-03,50.3134933582684
10398,6,10398,6,WH_ONLY,2005-03-31,51.181019577968144
10401,8,10401,8,WH_ONLY,2005-04-05,50.01208335579321
10416,9,10416,9,WH_ONLY,2005-05-10,50.60224366827083
10105,12,10105,12,WH_ONLY,2003-02-11,49.98463576619798
10117,6,10117,6,WH_ONLY,2003-04-18,49.88011923665675
10128,3,10128,3,WH_ONLY,2003-06-06,52.55743871441218
10142,9,10142,9,WH_ONLY,2003-08-08,52.05705019562747
10153,8,10153,8,WH_ONLY,2003-09-30,50.30121310234105
10166,3,10166,3,WH_ONLY,2003-10-21,51.111218265101485
10177,10,10177,10,WH_ONLY,2003-11-08,57.441042815219724
10185,10,10185,10,WH_ONLY,2003-11-16,53.969589159455495
10196,2,10196,2,WH_ONLY,2003-11-26,51.683075568747824
10208,10,10208,10,WH_ONLY,2004-01-02,52.28928975505278
10221,4,10221,4,WH_ONLY,2004-02-18,49.79618451040839
10232,7,10232,7,WH_ONLY,2004-03-22,49.96996482033082
10248,13,10248,13,WH_ONLY,2004-05-07,51.8843203236368
10273,14,10273,14,WH_ONLY,2004-07-21,50.729763276702776
10282,2,10282,2,WH_ONLY,2004-08-21,54.21826184192963
10293,5,10293,5,WH_ONLY,2004-09-09,50.379039766744235
10306,10,10306,10,WH_ONLY,2004-10-14,50.4539646256805
10314,2,10314,2,WH_ONLY,2004-10-23,56.13166175468064
10327,7,10327,7,WH_ONLY,2004-11-10,51.961127129943215
10337,9,10337,9,WH_ONLY,2004-11-23,51.92222003011645
10350,4,10350,4,WH_ONLY,2004-12-02,50.706920625235085
10372,2,10372,2,WH_ONLY,2005-01-26,51.06586644170084
10384,1,10384,1,WH_ONLY,2005-02-25,51.21837650442852
10397,5,10397,5,WH_ONLY,2005-03-29,50.333534990188795
10414,13,10414,13,WH_ONLY,2005-05-06,49.45430995730944
10106,16,10106,16,WH_ONLY,2003-02-17,52.42730563934882
10119,7,10119,7,WH_ONLY,2003-04-28,52.16703746411511
10131,8,10131,8,WH_ONLY,2003-06-16,51.01601271905238
10143,11,10143,11,WH_ONLY,2003-08-12,50.82186987883385
10155,9,10155,9,WH_ONLY,2003-10-07,50.23119373452505
10167,5,10167,5,WH_ONLY,2003-10-23,51.18144491048914
10178,8,10178,8,WH_ONLY,2003-11-10,51.51041616657898
10186,5,10186,5,WH_ONLY,2003-11-16,56.09395088200575
10197,2,10197,2,WH_ONLY,2003-11-26,52.58388024752446
10209,4,10209,4,WH_ONLY,2004-01-09,51.218161613153256
10222,8,10222,8,WH_ONLY,2004-02-19,50.09691983107067
10249,4,10249,4,WH_ONLY,2004-05-10,51.57802326271731
10262,13,10262,13,WH_ONLY,2004-06-24,49.49187742186148
10274,5,10274,5,WH_ONLY,2004-07-21,50.3587911319183
10283,2,10283,2,WH_ONLY,2004-08-21,55.246838998835855
10296,11,10296,11,WH_ONLY,2004-09-15,50.26623424925171
10307,5,10307,5,WH_ONLY,2004-10-14,51.49359175759625
10316,13,10316,13,WH_ONLY,2004-11-01,50.44770468748136
10328,9,10328,9,WH_ONLY,2004-11-12,51.962957749538596
10339,15,10339,15,WH_ONLY,2004-11-23,51.48923158036955
10352,3,10352,3,WH_ONLY,2004-12-03,50.0015533223619
10361,14,10361,14,WH_ONLY,2004-12-17,52.18367242692014
10373,15,10373,15,WH_ONLY,2005-01-31,50.02614164048901
10386,13,10386,13,WH_ONLY,2005-03-01,49.79754763194617
10398,7,10398,7,WH_ONLY,2005-03-30,50.48931250695259
10400,5,10400,5,WH_ONLY,2005-04-01,50.07274930630254
10415,4,10415,4,WH_ONLY,2005-05-09,49.6361220787295
10106,9,10106,9,WH_ONLY,2003-02-18,51.422735248005125
10120,15,10120,15,WH_ONLY,2003-04-29,50.49478504820905
10131,1,10131,1,WH_ONLY,2003-06-16,50.31093073157117
10143,4,10143,4,WH_ONLY,2003-08-12,52.08638591482948
10155,2,10155,2,WH_ONLY,2003-10-07,50.8270113607361
10168,16,10168,16,WH_ONLY,2003-10-28,51.654358848560854
10178,1,10178,1,WH_ONLY,2003-11-10,49.53095358544694
10198,1,10198,1,WH_ONLY,2003-11-27,51.295275085805194
10210,14,10210,14,WH_ONLY,2004-01-13,52.32221956115596
10222,1,10222,1,WH_ONLY,2004-02-19,50.94694966104678
10235,10,10235,10,WH_ONLY,2004-04-02,51.85357951487083
10250,11,10250,11,WH_ONLY,2004-05-11,50.253520317858104
10262,6,10262,6,WH_ONLY,2004-06-24,49.55140084645441
10275,16,10275,16,WH_ONLY,2004-07-23,50.44104425392041
10284,8,10284,8,WH_ONLY,2004-08-23,50.60361542742518
10296,4,10296,4,WH_ONLY,2004-09-15,52.38093562830309
10308,14,10308,14,WH_ONLY,2004-10-15,50.1212501323688
10316,6,10316,6,WH_ONLY,2004-11-01,52.05083021021351
10328,10,10328,10,WH_ONLY,2004-11-12,52.27813737493963
10340,7,10340,7,WH_ONLY,2004-11-26,49.74842780915381
10352,2,10352,2,WH_ONLY,2004-12-03,50.745530868651684
10361,9,10361,9,WH_ONLY,2004-12-17,51.957791299586646
10375,1,10375,1,WH_ONLY,2005-02-03,52.12301851274587
10386,14,10386,14,WH_ONLY,2005-03-01,50.694068343237944
10398,8,10398,8,WH_ONLY,2005-03-31,50.370406958297735
10401,10,10401,10,WH_ONLY,2005-04-05,50.551059976503204
10416,11,10416,11,WH_ONLY,2005-05-10,51.5137760763285
10105,3,10105,3,WH_ONLY,2003-02-13,49.90223839464374
10119,12,10119,12,WH_ONLY,2003-04-28,51.69038402438334
10129,3,10129,3,WH_ONLY,2003-06-13,49.79456235615408
10143,16,10143,16,WH_ONLY,2003-08-11,49.765526964318354
10154,1,10154,1,WH_ONLY,2003-10-02,50.492793470113384
10167,10,10167,10,WH_ONLY,2003-10-23,50.365297361254186
10177,1,10177,1,WH_ONLY,2003-11-08,54.96341092828544
10185,1,10185,1,WH_ONLY,2003-11-16,56.03309754142501
10197,7,10197,7,WH_ONLY,2003-11-26,50.063841762422285
10208,1,10208,1,WH_ONLY,2004-01-02,49.86578564898338
10222,13,10222,13,WH_ONLY,2004-02-19,50.03959674617968
10233,1,10233,1,WH_ONLY,2004-03-29,51.92625034499736
10248,4,10248,4,WH_ONLY,2004-05-07,50.64171655623145
10261,2,10261,2,WH_ONLY,2004-06-18,50.298565351570645
10273,5,10273,5,WH_ONLY,2004-07-21,51.2556526356753
10283,7,10283,7,WH_ONLY,2004-08-21,57.070545746186966
10295,2,10295,2,WH_ONLY,2004-09-10,49.66383118713588
10306,1,10306,1,WH_ONLY,2004-10-16,56.32913967825335
10316,18,10316,18,WH_ONLY,2004-11-02,51.105421251014256
10327,1,10327,1,WH_ONLY,2004-11-11,50.92092762514744
10339,9,10339,9,WH_ONLY,2004-11-24,49.77071462722259
10350,12,10350,12,WH_ONLY,2004-12-02,50.9967551563667
10373,16,10373,16,WH_ONLY,2005-02-01,49.851331839126004
10386,10,10386,10,WH_ONLY,2005-03-01,50.72576006681361
10397,4,10397,4,WH_ONLY,2005-03-29,51.294756053283265
10414,4,10414,4,WH_ONLY,2005-05-06,50.16914377720652
10103,6,10103,6,WH_ONLY,2003-01-29,51.64755208555919
10114,10,10114,10,WH_ONLY,2003-04-01,49.08734436933123
10126,6,10126,6,WH_ONLY,2003-05-30,51.68687193420517
10140,6,10140,6,WH_ONLY,2003-07-25,50.478933299356925
10150,3,10150,3,WH_ONLY,2003-09-19,50.30650250859082
10164,4,10164,4,WH_ONLY,2003-10-21,49.538286956602796
10175,11,10175,11,WH_ONLY,2003-11-08,57.41108094265795
10183,3,10183,3,WH_ONLY,2003-11-15,54.94115085633115
10194,6,10194,6,WH_ONLY,2003-11-27,49.83024833245438
10206,1,10206,1,WH_ONLY,2003-12-05,50.771126818111156
10217,6,10217,6,WH_ONLY,2004-02-05,51.03505048140004
10229,11,10229,11,WH_ONLY,2004-03-11,51.416967628153884
10245,4,10245,4,WH_ONLY,2004-05-04,49.364593923048346
10258,1,10258,1,WH_ONLY,2004-06-15,50.3426866677727
10270,4,10270,4,WH_ONLY,2004-07-19,50.00102083428638
10281,11,10281,11,WH_ONLY,2004-08-19,49.834334516847804
10291,6,10291,6,WH_ONLY,2004-09-09,50.64499748840848
10304,1,10304,1,WH_ONLY,2004-10-11,51.583943654805324
10313,9,10313,9,WH_ONLY,2004-10-23,54.59371054114401
10324,5,10324,5,WH_ONLY,2004-11-06,55.13060878266392
10336,2,10336,2,WH_ONLY,2004-11-22,50.669284749099994
10348,7,10348,7,WH_ONLY,2004-11-02,52.35079246376716
10358,3,10358,3,WH_ONLY,2004-12-11,57.6219281655086
10371,3,10371,3,WH_ONLY,2005-01-24,51.92876540624337
10382,9,10382,9,WH_ONLY,2005-02-18,50.51138784257323
10411,4,10411,4,WH_ONLY,2005-05-02,49.70526492259609
10424,1,10424,1,WH_ONLY,2005-06-01,50.071850225604926
10106,1,10106,1,WH_ONLY,2003-02-18,49.79534031587707
10120,7,10120,7,WH_ONLY,2003-04-29,51.08430857813824
10133,2,10133,2,WH_ONLY,2003-06-27,51.74071607601673
10145,13,10145,13,WH_ONLY,2003-08-25,51.531568973037196
10168,8,10168,8,WH_ONLY,2003-10-30,51.68985984402376
10188,8,10188,8,WH_ONLY,2003-11-19,50.86498664845265
10210,6,10210,6,WH_ONLY,2004-01-14,51.33724034186128
10223,8,10223,8,WH_ONLY,2004-02-20,50.1670381886797
10235,2,10235,2,WH_ONLY,2004-04-02,49.44102807206296
10250,3,10250,3,WH_ONLY,2004-05-11,51.15629836167692
10263,9,10263,9,WH_ONLY,2004-06-30,49.21339498112198
10275,8,10275,8,WH_ONLY,2004-07-23,50.40149264068384
10285,13,10285,13,WH_ONLY,2004-08-27,49.95286907958988
10297,3,10297,3,WH_ONLY,2004-09-16,51.62100749281015
10308,6,10308,6,WH_ONLY,2004-10-15,51.50057006038877
10318,8,10318,8,WH_ONLY,2004-11-02,50.53651184315419
10328,11,10328,11,WH_ONLY,2004-11-12,52.06291455754251
10340,6,10340,6,WH_ONLY,2004-11-26,49.942765254742774
10353,4,10353,4,WH_ONLY,2004-12-06,50.774170589183655
10361,5,10361,5,WH_ONLY,2004-12-17,51.430749937827116
10375,10,10375,10,WH_ONLY,2005-02-03,51.74867820651448
10388,3,10388,3,WH_ONLY,2005-03-03,52.013176160065136
10398,9,10398,9,WH_ONLY,2005-03-30,50.14225885171163
10401,2,10401,2,WH_ONLY,2005-04-05,51.363311129403584
10416,3,10416,3,WH_ONLY,2005-05-10,50.941624868534845
10106,8,10106,8,WH_ONLY,2003-02-18,51.74926077327979
10120,14,10120,14,WH_ONLY,2003-04-29,49.911469005080846
10143,3,10143,3,WH_ONLY,2003-08-11,51.761863699259635
10155,1,10155,1,WH_ONLY,2003-10-07,50.833193415795925
10168,15,10168,15,WH_ONLY,2003-10-29,50.25394034132194
10199,3,10199,3,WH_ONLY,2003-12-01,50.61583541399875
10210,13,10210,13,WH_ONLY,2004-01-12,50.500846100429605
10223,15,10223,15,WH_ONLY,2004-02-20,50.78543049348909
10235,9,10235,9,WH_ONLY,2004-04-02,52.33723490974953
10250,10,10250,10,WH_ONLY,2004-05-13,50.815685200034466
10262,5,10262,5,WH_ONLY,2004-06-24,51.06172976566987
10275,15,10275,15,WH_ONLY,2004-07-23,50.521794492645874
10284,7,10284,7,WH_ONLY,2004-08-23,49.15514833490329
10296,3,10296,3,WH_ONLY,2004-09-15,50.003797857070545
10308,13,10308,13,WH_ONLY,2004-10-16,55.5713073108442
10316,5,10316,5,WH_ONLY,2004-11-02,50.57027582159095
10328,13,10328,13,WH_ONLY,2004-11-12,49.49217195185651
10341,5,10341,5,WH_ONLY,2004-11-26,50.69121395447476
10353,6,10353,6,WH_ONLY,2004-12-06,50.11914367427505
10361,10,10361,10,WH_ONLY,2004-12-17,49.72273172328101
10375,11,10375,11,WH_ONLY,2005-02-03,50.39519115452978
10386,17,10386,17,WH_ONLY,2005-03-01,49.61759362585453
10398,10,10398,10,WH_ONLY,2005-03-30,52.044436626652
10401,9,10401,9,WH_ONLY,2005-04-05,51.79233796939488
10416,10,10416,10,WH_ONLY,2005-05-10,51.42513710018249
10105,6,10105,6,WH_ONLY,2003-02-13,49.70533049025607
10118,1,10118,1,WH_ONLY,2003-04-23,51.266165288621956
10129,6,10129,6,WH_ONLY,2003-06-12,51.664081660286996
10142,3,10142,3,WH_ONLY,2003-08-08,52.07022371576397
10153,2,10153,2,WH_ONLY,2003-09-29,49.65441708256534
10167,13,10167,13,WH_ONLY,2003-10-23,51.37891465202944
10177,4,10177,4,WH_ONLY,2003-11-08,56.62261984976573
10185,4,10185,4,WH_ONLY,2003-11-16,56.286039884940735
10197,10,10197,10,WH_ONLY,2003-11-26,51.48842350081647
10208,4,10208,4,WH_ONLY,2004-01-02,50.67727869389154
10222,16,10222,16,WH_ONLY,2004-02-19,51.38500208787196
10232,1,10232,1,WH_ONLY,2004-03-22,49.11345281575971
10248,7,10248,7,WH_ONLY,2004-05-07,50.860172844238804
10261,5,10261,5,WH_ONLY,2004-06-18,49.82073179360643
10273,8,10273,8,WH_ONLY,2004-07-21,50.90431983039157
10283,10,10283,10,WH_ONLY,2004-08-21,54.881230138552525
10295,5,10295,5,WH_ONLY,2004-09-10,50.729067381797975
10306,4,10306,4,WH_ONLY,2004-10-16,54.34909606878065
10315,3,10315,3,WH_ONLY,2004-10-29,51.184299338579564
10327,2,10327,2,WH_ONLY,2004-11-11,51.92687495884552
10337,1,10337,1,WH_ONLY,2004-11-23,49.7997645066538
10350,13,10350,13,WH_ONLY,2004-12-02,49.47768333065551
10373,2,10373,2,WH_ONLY,2005-01-31,49.6191610912773
10386,2,10386,2,WH_ONLY,2005-03-01,51.564897519487126
10397,3,10397,3,WH_ONLY,2005-03-28,50.70221470482008
10414,7,10414,7,WH_ONLY,2005-05-06,50.824884408413965
10105,7,10105,7,WH_ONLY,2003-02-11,50.146632684617224
10117,1,10117,1,WH_ONLY,2003-04-16,51.58209647153584
10129,7,10129,7,WH_ONLY,2003-06-12,51.5482471091784
10142,4,10142,4,WH_ONLY,2003-08-08,52.168325774906705
10153,3,10153,3,WH_ONLY,2003-09-30,51.43987315444398
10167,14,10167,14,WH_ONLY,2003-10-23,49.81437678403543
10177,5,10177,5,WH_ONLY,2003-11-08,54.59406305225597
10185,5,10185,5,WH_ONLY,2003-11-16,54.354975928645274
10197,11,10197,11,WH_ONLY,2003-11-27,49.89856584242431
10208,5,10208,5,WH_ONLY,2004-01-02,49.38129146161339
10222,17,10222,17,WH_ONLY,2004-02-19,49.85278578129368
10232,2,10232,2,WH_ONLY,2004-03-22,50.23798466314189
10248,8,10248,8,WH_ONLY,2004-05-07,52.082098188531965
10261,6,10261,6,WH_ONLY,2004-06-18,51.354135381843236
10273,9,10273,9,WH_ONLY,2004-07-21,51.75259423010638
10283,11,10283,11,WH_ONLY,2004-08-21,56.09426817448985
10294,1,10294,1,WH_ONLY,2004-09-10,50.14211088360686
10306,5,10306,5,WH_ONLY,2004-10-16,56.950937719293925
10315,4,10315,4,WH_ONLY,2004-10-29,50.408205201233756
10327,3,10327,3,WH_ONLY,2004-11-10,51.72818570661315
10337,7,10337,7,WH_ONLY,2004-11-23,50.35092988730741
10350,16,10350,16,WH_ONLY,2004-12-02,52.7441447846138
10373,8,10373,8,WH_ONLY,2005-02-01,49.76880418059726
10386,3,10386,3,WH_ONLY,2005-03-01,50.01150015054689
10397,2,10397,2,WH_ONLY,2005-03-29,51.85029262498341
10414,8,10414,8,WH_ONLY,2005-05-06,49.129174896830406
10106,10,10106,10,WH_ONLY,2003-02-19,51.09960929513864
10119,1,10119,1,WH_ONLY,2003-04-28,51.564155185994196
10131,2,10131,2,WH_ONLY,2003-06-16,52.057869534386
10143,5,10143,5,WH_ONLY,2003-08-12,52.25971702425927
10155,3,10155,3,WH_ONLY,2003-10-07,51.935943709803816
10168,17,10168,17,WH_ONLY,2003-10-30,49.82101305906758
10178,2,10178,2,WH_ONLY,2003-11-10,51.86310270760939
10198,2,10198,2,WH_ONLY,2003-11-27,51.12119543214539
10210,15,10210,15,WH_ONLY,2004-01-13,51.38554594211948
10222,2,10222,2,WH_ONLY,2004-02-19,49.48257790998302
10235,11,10235,11,WH_ONLY,2004-04-02,51.09923463826405
10250,12,10250,12,WH_ONLY,2004-05-13,52.64455953558226
10262,7,10262,7,WH_ONLY,2004-06-24,51.838186901716384
10275,17,10275,17,WH_ONLY,2004-07-23,50.57419678327028
10284,9,10284,9,WH_ONLY,2004-08-23,49.842992598913966
10296,5,10296,5,WH_ONLY,2004-09-15,50.579068671655044
10308,15,10308,15,WH_ONLY,2004-10-16,56.44334035407189
10316,7,10316,7,WH_ONLY,2004-11-02,51.11782679908858
10328,12,10328,12,WH_ONLY,2004-11-12,50.31865365058245
10339,8,10339,8,WH_ONLY,2004-11-24,49.59072052098543
10352,1,10352,1,WH_ONLY,2004-12-03,50.51851209714602
10361,11,10361,11,WH_ONLY,2004-12-17,50.41608950843419
10373,17,10373,17,WH_ONLY,2005-02-01,52.53525575407498
10386,15,10386,15,WH_ONLY,2005-03-01,51.2266854692547
10398,12,10398,12,WH_ONLY,2005-03-31,50.01597878697488
10401,11,10401,11,WH_ONLY,2005-04-04,50.857063735487536
10416,12,10416,12,WH_ONLY,2005-05-10,49.67452381663997
10106,15,10106,15,WH_ONLY,2003-02-17,51.887555320366054
10119,6,10119,6,WH_ONLY,2003-04-28,50.18333802035429
10131,7,10131,7,WH_ONLY,2003-06-18,51.03027183641794
10143,10,10143,10,WH_ONLY,2003-08-11,50.31631350292386
10155,8,10155,8,WH_ONLY,2003-10-08,51.36503771336996
10167,4,10167,4,WH_ONLY,2003-10-23,51.20490894605187
10178,7,10178,7,WH_ONLY,2003-11-10,51.10193235491351
10186,4,10186,4,WH_ONLY,2003-11-16,54.83587202834807
10197,1,10197,1,WH_ONLY,2003-11-27,50.18645312213789
10209,3,10209,3,WH_ONLY,2004-01-09,49.4380594058262
10222,7,10222,7,WH_ONLY,2004-02-19,50.926275751629774
10249,3,10249,3,WH_ONLY,2004-05-10,49.785168523900325
10262,12,10262,12,WH_ONLY,2004-06-24,51.59379433529684
10274,4,10274,4,WH_ONLY,2004-07-21,52.16917298895784
10283,1,10283,1,WH_ONLY,2004-08-21,57.30005107091614
10296,10,10296,10,WH_ONLY,2004-09-15,50.425460874162795
10307,4,10307,4,WH_ONLY,2004-10-16,56.161912759707086
10316,12,10316,12,WH_ONLY,2004-11-02,49.28590574795399
10329,8,10329,8,WH_ONLY,2004-11-15,51.77052454096321
10339,6,10339,6,WH_ONLY,2004-11-24,52.26659114971846
10352,4,10352,4,WH_ONLY,2004-12-03,50.23629161495183
10361,12,10361,12,WH_ONLY,2004-12-17,51.076881488617275
10373,9,10373,9,WH_ONLY,2005-02-01,51.849691854344385
10386,16,10386,16,WH_ONLY,2005-03-01,51.71335594312285
10398,1,10398,1,WH_ONLY,2005-03-30,49.963875826432485
10400,4,10400,4,WH_ONLY,2005-04-01,51.01869889636404
10415,3,10415,3,WH_ONLY,2005-05-09,49.55514175710664
10105,8,10105,8,WH_ONLY,2003-02-12,49.720116744869145
10117,2,10117,2,WH_ONLY,2003-04-16,52.51295516698359
10129,8,10129,8,WH_ONLY,2003-06-12,51.49915855845873
10142,5,10142,5,WH_ONLY,2003-08-08,51.84528201340168
10153,4,10153,4,WH_ONLY,2003-09-29,49.891237233187496
10167,15,10167,15,WH_ONLY,2003-10-23,52.26867238792985
10177,6,10177,6,WH_ONLY,2003-11-08,56.09896332386424
10185,6,10185,6,WH_ONLY,2003-11-16,55.3336522733408
10197,12,10197,12,WH_ONLY,2003-11-27,51.43873859168012
10208,6,10208,6,WH_ONLY,2004-01-02,49.835192290681505
10222,18,10222,18,WH_ONLY,2004-02-19,51.291071266536875
10232,3,10232,3,WH_ONLY,2004-03-22,51.005561504891745
10248,9,10248,9,WH_ONLY,2004-05-07,50.072253313061296
10261,7,10261,7,WH_ONLY,2004-06-18,49.65203464398842
10273,10,10273,10,WH_ONLY,2004-07-22,49.982385100973055
10283,12,10283,12,WH_ONLY,2004-08-21,54.633851018365355
10293,1,10293,1,WH_ONLY,2004-09-09,50.787775550339205
10306,6,10306,6,WH_ONLY,2004-10-14,51.85001654424454
10315,5,10315,5,WH_ONLY,2004-10-29,49.634161306195956
10327,4,10327,4,WH_ONLY,2004-11-11,49.44313189331174
10337,5,10337,5,WH_ONLY,2004-11-23,50.65988556573751
10350,15,10350,15,WH_ONLY,2004-12-02,51.3961797040647
10373,1,10373,1,WH_ONLY,2005-02-01,50.146200548294644
10386,4,10386,4,WH_ONLY,2005-03-01,50.79668761898713
10397,1,10397,1,WH_ONLY,2005-03-28,50.85555795931029
10414,9,10414,9,WH_ONLY,2005-05-06,50.24184075738097
