ORDERNUMBER,ORDERLINENUMBER,order_id,order_line,warehouse,delivery_date,shipping_cost
10107,2,10107,2,WH_C,2003-02-25,32.6535254260137
10121,5,10121,5,WH_C,2003-05-07,32.58133476105812
10134,2,10134,2,WH_C,2003-07-01,34.237201887363625
10145,6,10145,6,WH_C,2003-08-26,33.961438531031156
10159,14,10159,14,WH_C,2003-10-10,32.548524923617606
10168,1,10168,1,WH_C,2003-10-28,33.52253011399398
10180,9,10180,9,WH_C,2003-11-11,32.49855766653495
10188,1,10188,1,WH_C,2003-11-18,33.08193756809575
10201,2,10201,2,WH_C,2003-12-01,33.76179205276458
10211,14,10211,14,WH_C,2004-01-16,32.0706504503225
10223,1,10223,1,WH_C,2004-02-20,33.30932950402405
10237,7,10237,7,WH_C,2004-04-05,32.80579319579897
10251,2,10251,2,WH_C,2004-05-19,34.40743377717094
10263,2,10263,2,WH_C,2004-06-28,35.10811348423917
10275,1,10275,1,WH_C,2004-07-23,32.36569775793768
10285,6,10285,6,WH_C,2004-08-27,34.4608431845171
10299,9,10299,9,WH_C,2004-10-01,33.17212806896744
10309,5,10309,5,WH_C,2004-10-15,33.016611998583784
10318,1,10318,1,WH_C,2004-11-02,34.17156605112345
10329,1,10329,1,WH_C,2004-11-16,34.798296918369516
10341,9,10341,9,WH_C,2004-11-24,34.61443648056854
10361,13,10361,13,WH_C,2004-12-18,38.97866020546423
10375,12,10375,12,WH_C,2005-02-04,33.14300828339327
10388,4,10388,4,WH_C,2005-03-04,34.33315686810929
10403,7,10403,7,WH_C,2005-04-08,32.65757616368006
10417,2,10417,2,WH_C,2005-05-13,33.362661697525354
10103,11,10103,11,WH_C,2003-01-30,33.26010806621257
10112,1,10112,1,WH_C,2003-03-24,33.81030425804249
10126,11,10126,11,WH_C,2003-05-29,32.51113538206931
10140,11,10140,11,WH_C,2003-07-24,32.98757159490759
10150,8,10150,8,WH_C,2003-09-19,34.519833266442774
10163,1,10163,1,WH_C,2003-10-22,32.547301114006714
10174,4,10174,4,WH_A,2003-11-07,50.487279072657785
10183,8,10183,8,WH_C,2003-11-15,37.27949378681294
10194,11,10194,11,WH_C,2003-11-25,31.73048869502269
10206,6,10206,6,WH_C,2003-12-05,31.772528193370277
10215,3,10215,3,WH_C,2004-01-29,32.59314417023073
10228,2,10228,2,WH_C,2004-03-10,34.88166852527125
10245,9,10245,9,WH_C,2004-05-04,32.57438049390245
10258,6,10258,6,WH_C,2004-06-15,34.746022631458466
10270,9,10270,9,WH_C,2004-07-19,34.015245699788935
10280,2,10280,2,WH_C,2004-08-17,33.17279189422334
10291,11,10291,11,WH_C,2004-09-10,34.13442381526107
10304,6,10304,6,WH_C,2004-10-12,33.17610374672739
10312,3,10312,3,WH_C,2004-10-21,34.36398737782808
10322,1,10322,1,WH_C,2004-11-04,32.58799711745741
10333,3,10333,3,WH_C,2004-11-20,38.108646240963466
10347,1,10347,1,WH_C,2004-11-29,34.51161923454115
10357,10,10357,10,WH_C,2004-12-11,39.6469683863493
10369,2,10369,2,WH_C,2005-01-21,34.845220728273816
10381,3,10381,3,WH_C,2005-02-18,32.870656598015664
10391,4,10391,4,WH_C,2005-03-10,34.014224583077365
10411,9,10411,9,WH_C,2005-05-02,33.047526477561334
10424,6,10424,6,WH_C,2005-06-02,33.12279852215755
10107,5,10107,5,WH_C,2003-02-26,32.400727622181876
10120,3,10120,3,WH_C,2003-04-30,33.39588948301733
10134,5,10134,5,WH_C,2003-07-01,32.90907403610887
10145,9,10145,9,WH_C,2003-08-25,33.185707637395424
10159,17,10159,17,WH_C,2003-10-10,34.919576582009
10168,4,10168,4,WH_C,2003-10-28,32.66316949568268
10180,12,10180,12,WH_C,2003-11-11,32.19290938745945
10188,4,10188,4,WH_C,2003-11-18,32.320653381881684
10201,5,10201,5,WH_C,2003-12-01,34.47243411421179
10210,2,10210,2,WH_C,2004-01-12,33.51351820535389
10223,4,10223,4,WH_C,2004-02-20,33.309930295387886
10236,1,10236,1,WH_C,2004-04-05,34.24650985055224
10251,5,10251,5,WH_C,2004-05-20,34.73413818601014
10263,5,10263,5,WH_C,2004-06-28,32.66138940143689
10275,4,10275,4,WH_C,2004-07-23,34.40761141774783
10285,9,10285,9,WH_C,2004-08-27,33.92225431251672
10298,1,10298,1,WH_C,2004-09-27,33.639479141387966
10308,2,10308,2,WH_C,2004-10-15,32.65514095294678
10318,4,10318,4,WH_A,2004-11-04,51.56313945968004
10329,2,10329,2,WH_C,2004-11-15,33.27500809597529
10339,4,10339,4,WH_C,2004-11-23,32.560953013880436
10361,8,10361,8,WH_C,2004-12-17,32.97507891227437
10374,5,10374,5,WH_C,2005-02-02,31.794601180537498
10388,5,10388,5,WH_C,2005-03-03,32.76097990552198
10402,1,10402,1,WH_C,2005-04-08,34.276061482741966
10417,5,10417,5,WH_C,2005-05-13,32.327518183542196
10107,4,10107,4,WH_C,2003-02-26,32.89031507723783
10120,2,10120,2,WH_C,2003-04-29,33.32953615796512
10134,4,10134,4,WH_C,2003-07-01,32.2078033015203
10145,8,10145,8,WH_C,2003-08-25,35.23860136709649
10159,16,10159,16,WH_C,2003-10-10,32.73562817421616
10168,3,10168,3,WH_C,2003-10-28,32.9495419254645
10180,11,10180,11,WH_C,2003-11-11,32.61236652954419
10188,3,10188,3,WH_C,2003-11-18,32.44920320219508
10201,4,10201,4,WH_C,2003-12-01,31.638924166847644
10210,1,10210,1,WH_C,2004-01-12,34.061673486321794
10223,3,10223,3,WH_C,2004-02-20,35.14556079158101
10237,9,10237,9,WH_C,2004-04-06,32.38355164324768
10251,4,10251,4,WH_C,2004-05-18,33.669954631107096
10263,4,10263,4,WH_C,2004-06-28,34.02718218747194
10275,3,10275,3,WH_C,2004-07-23,34.21970476138502
10285,8,10285,8,WH_C,2004-08-27,33.13247399847818
10299,11,10299,11,WH_C,2004-10-01,32.752322443497164
10308,1,10308,1,WH_C,2004-10-15,32.90488671420294
10318,3,10318,3,WH_A,2004-11-02,51.084574106579254
10329,3,10329,3,WH_C,2004-11-15,34.72179241503359
10339,3,10339,3,WH_C,2004-11-23,32.981588412292155
10362,4,10362,4,WH_C,2005-01-05,32.868867543239354
10374,1,10374,1,WH_C,2005-02-02,34.72483324189744
10388,7,10388,7,WH_C,2005-03-03,34.26094025136592
10403,9,10403,9,WH_C,2005-04-08,34.57966456377984
10417,4,10417,4,WH_C,2005-05-13,34.361617953304716
10105,2,10105,2,WH_C,2003-02-12,33.12266793799632
10119,11,10119,11,WH_C,2003-04-29,33.45594656275577
10129,2,10129,2,WH_C,2003-06-12,34.11160301307661
10143,15,10143,15,WH_C,2003-08-12,32.61303039454327
10155,13,10155,13,WH_C,2003-10-06,33.69753216449705
10167,9,10167,9,WH_C,2003-10-23,34.33733188129064
10178,12,10178,12,WH_C,2003-11-10,32.12361433205518
10186,9,10186,9,WH_C,2003-11-14,34.00094032440823
10197,6,10197,6,WH_C,2003-11-26,33.505430316189724
10209,8,10209,8,WH_C,2004-01-09,34.49217679322214
10222,12,10222,12,WH_C,2004-02-19,31.793788325041824
10248,3,10248,3,WH_C,2004-05-08,38.00400999789693
10261,1,10261,1,WH_C,2004-06-17,33.435132722752414
10273,4,10273,4,WH_C,2004-07-21,32.719638953336556
10283,6,10283,6,WH_C,2004-08-20,33.80304951104701
10295,1,10295,1,WH_C,2004-09-11,38.90592180297739
10307,9,10307,9,WH_C,2004-10-15,32.363610458292676
10316,17,10316,17,WH_C,2004-11-01,33.83366231764041
10325,6,10325,6,WH_C,2004-11-06,38.66568767744454
10337,8,10337,8,WH_C,2004-11-21,38.035528615556885
10350,5,10350,5,WH_C,2004-12-02,34.45293677331934
10359,6,10359,6,WH_C,2004-12-16,34.12199820104347
10373,3,10373,3,WH_C,2005-01-31,34.515483929142626
10384,4,10384,4,WH_C,2005-02-23,33.98462794026241
10395,2,10395,2,WH_C,2005-03-17,33.31859081251288
10400,9,10400,9,WH_C,2005-04-01,34.88404566708661
10414,3,10414,3,WH_C,2005-05-07,39.348449254189234
10103,4,10103,4,WH_C,2003-01-29,34.189515867846815
10114,8,10114,8,WH_C,2003-04-02,34.20203079724568
10126,4,10126,4,WH_C,2003-05-28,32.862973813065416
10140,4,10140,4,WH_C,2003-07-24,34.253846713801465
10150,1,10150,1,WH_C,2003-09-19,32.302726627024896
10164,2,10164,2,WH_C,2003-10-21,33.0290722773221
10175,9,10175,9,WH_C,2003-11-06,32.61885423314733
10183,1,10183,1,WH_C,2003-11-15,39.54840790018401
10194,4,10194,4,WH_C,2003-11-25,34.659887713117044
10207,15,10207,15,WH_C,2003-12-10,33.95668588371339
10217,4,10217,4,WH_C,2004-02-04,34.22323737417259
10229,9,10229,9,WH_C,2004-03-12,33.75488887238917
10245,2,10245,2,WH_C,2004-05-04,35.19978680257382
10259,12,10259,12,WH_C,2004-06-15,33.26075357717221
10270,2,10270,2,WH_C,2004-07-19,32.99977951582311
10281,9,10281,9,WH_C,2004-08-19,32.89705431423965
10291,4,10291,4,WH_C,2004-09-08,34.422266613873006
10305,13,10305,13,WH_C,2004-10-13,33.82896364013851
10313,7,10313,7,WH_C,2004-10-22,33.285706777851814
10322,8,10322,8,WH_C,2004-11-06,37.359253452896795
10334,2,10334,2,WH_C,2004-11-19,34.37265469757848
10347,2,10347,2,WH_C,2004-11-29,31.644210480822494
10357,9,10357,9,WH_C,2004-12-10,34.22134853265955
10370,4,10370,4,WH_C,2005-01-20,34.63477884459616
10381,6,10381,6,WH_C,2005-02-17,32.99557595374597
10391,7,10391,7,WH_C,2005-03-10,32.84957204573266
10411,2,10411,2,WH_C,2005-05-02,33.811186611490015
10425,12,10425,12,WH_C,2005-05-31,34.419230230647656
10108,6,10108,6,WH_C,2003-03-04,33.39480989629706
10122,10,10122,10,WH_C,2003-05-09,34.64848988395626
10135,7,10135,7,WH_C,2003-07-03,31.99501876129004
10147,7,10147,7,WH_C,2003-09-05,33.83476253091895
10159,2,10159,2,WH_C,2003-10-10,33.80428249901496
10169,2,10169,2,WH_C,2003-11-05,34.60198942587077
10181,14,10181,14,WH_C,2003-11-12,32.75221063586165
10191,3,10191,3,WH_C,2003-11-20,34.76548161311848
10203,8,10203,8,WH_C,2003-12-02,33.44216043806676
10211,2,10211,2,WH_C,2004-01-15,32.91889969553156
10225,9,10225,9,WH_C,2004-02-23,32.86007114336086
10238,3,10238,3,WH_C,2004-04-09,34.43231648589601
10253,13,10253,13,WH_C,2004-06-02,32.63576357134566
10266,14,10266,14,WH_C,2004-07-07,32.68069930096087
10276,3,10276,3,WH_C,2004-08-03,33.09247487396352
10287,12,10287,12,WH_C,2004-08-30,34.328889810248405
10300,5,10300,5,WH_C,2003-10-06,33.97310879793852
10310,10,10310,10,WH_C,2004-10-18,34.008499621408
10320,3,10320,3,WH_C,2004-11-03,33.02678636122549
10329,5,10329,5,WH_C,2004-11-15,33.87840164063233
10341,2,10341,2,WH_C,2004-11-24,33.998032890872494
10363,3,10363,3,WH_C,2005-01-07,34.11967846415289
10375,7,10375,7,WH_C,2005-02-03,34.35214737175305
10389,4,10389,4,WH_C,2005-03-03,32.17041521797036
10419,13,10419,13,WH_C,2005-05-18,33.75771829240932
10105,15,10105,15,WH_C,2003-02-11,31.816020027118565
10117,9,10117,9,WH_C,2003-04-18,33.45730977710677
10127,2,10127,2,WH_C,2003-06-04,32.701095772731335
10142,12,10142,12,WH_C,2003-08-09,38.055091360704424
10153,11,10153,11,WH_C,2003-09-29,33.388155796325435
10165,3,10165,3,WH_C,2003-10-22,33.49292885700361
10176,2,10176,2,WH_C,2003-11-08,37.63127617122994
10185,13,10185,13,WH_C,2003-11-14,33.94975162932045
10196,5,10196,5,WH_C,2003-11-26,33.23015226210859
10208,13,10208,13,WH_C,2004-01-03,37.227537391706626
10220,2,10220,2,WH_C,2004-02-13,34.04814079089073
10231,2,10231,2,WH_C,2004-03-19,32.48755218516518
10247,2,10247,2,WH_C,2004-05-06,32.931051593671654
10272,2,10272,2,WH_C,2004-07-20,33.72812899724106
10282,5,10282,5,WH_C,2004-08-20,32.75037365763519
10293,8,10293,8,WH_C,2004-09-09,32.538792234432364
10306,13,10306,13,WH_C,2004-10-14,33.35478331457851
10314,5,10314,5,WH_C,2004-10-22,34.46096487991797
10325,8,10325,8,WH_C,2004-11-05,33.69642075894828
10336,10,10336,10,WH_C,2004-11-22,34.43736076605221
10348,8,10348,8,WH_C,2004-11-01,34.19128302166192
10359,8,10359,8,WH_C,2004-12-16,32.338298484478116
10371,6,10371,6,WH_C,2005-01-24,33.70858123311499
10382,10,10382,10,WH_C,2005-02-17,34.45984136878562
10395,1,10395,1,WH_C,2005-03-17,32.13186876585095
10413,2,10413,2,WH_C,2005-05-05,32.55594745980933
10103,8,10103,8,WH_C,2003-01-29,32.57642263783745
10113,2,10113,2,WH_C,2003-03-28,33.444492450357075
10126,8,10126,8,WH_C,2003-05-28,34.64291459206609
10140,8,10140,8,WH_C,2003-07-24,32.35889116703821
10150,5,10150,5,WH_C,2003-09-19,33.581824014179645
10164,6,10164,6,WH_C,2003-10-21,32.231104884732446
10174,1,10174,1,WH_C,2003-11-08,39.64938300138747
10183,5,10183,5,WH_C,2003-11-15,36.98714897084376
10194,8,10194,8,WH_C,2003-11-25,32.95238214212195
10206,3,10206,3,WH_C,2003-12-05,34.01003323328354
10216,1,10216,1,WH_C,2004-02-03,34.41305238914606
10229,13,10229,13,WH_C,2004-03-11,33.253342664119394
10245,6,10245,6,WH_C,2004-05-04,33.14351742104024
10258,3,10258,3,WH_C,2004-06-15,33.319239868890506
10270,6,10270,6,WH_C,2004-07-19,32.40472585062244
10281,13,10281,13,WH_C,2004-08-19,32.584633176635194
10291,8,10291,8,WH_C,2004-09-08,33.0801749233691
10304,3,10304,3,WH_C,2004-10-11,32.56719945031679
10313,11,10313,11,WH_C,2004-10-22,32.53082397076328
10322,9,10322,9,WH_C,2004-11-04,33.82024289702578
10333,6,10333,6,WH_C,2004-11-18,34.69078737856671
10347,3,10347,3,WH_C,2004-11-29,33.67098906376482
10357,8,10357,8,WH_C,2004-12-10,32.44141350499548
10370,8,10370,8,WH_C,2005-01-20,31.93419274292792
10381,1,10381,1,WH_C,2005-02-17,34.90704748899954
10391,9,10391,9,WH_C,2005-03-09,33.32799386600145
10411,6,10411,6,WH_C,2005-05-02,32.0314462281191
10424,3,10424,3,WH_C,2005-05-31,33.99377795602949
10107,1,10107,1,WH_C,2003-02-25,33.48892763285479
10121,4,10121,4,WH_C,2003-05-07,33.56054451740914
10134,1,10134,1,WH_C,2003-07-01,32.42747569294569
10145,5,10145,5,WH_C,2003-08-25,32.047407084777944
10159,13,10159,13,WH_C,2003-10-10,35.2824468277136
10169,13,10169,13,WH_C,2003-11-04,32.37445514729541
10180,8,10180,8,WH_C,2003-11-11,33.9431405511376
10189,1,10189,1,WH_C,2003-11-19,33.73233054494098
10201,1,10201,1,WH_C,2003-12-01,33.44318403977482
10211,13,10211,13,WH_C,2004-01-15,32.583430236726976
10224,6,10224,6,WH_C,2004-02-23,32.887135658645036
10237,6,10237,6,WH_C,2004-04-06,33.75274285375146
10251,1,10251,1,WH_C,2004-05-18,34.24080454109516
10263,1,10263,1,WH_C,2004-06-28,34.85441937657913
10276,14,10276,14,WH_C,2004-08-02,32.560691789995296
10285,5,10285,5,WH_C,2004-08-27,32.2841885576223
10299,8,10299,8,WH_C,2004-10-01,34.452482358385765
10309,4,10309,4,WH_C,2004-10-15,33.92316830408064
10319,9,10319,9,WH_C,2004-11-03,34.440860317549756
10329,6,10329,6,WH_C,2004-11-15,32.944456303967954
10341,8,10341,8,WH_C,2004-11-25,33.52914650743308
10362,1,10362,1,WH_C,2005-01-05,33.711882676280666
10375,13,10375,13,WH_C,2005-02-03,34.27924286753306
10388,6,10388,6,WH_C,2005-03-03,33.068582405294386
10403,6,10403,6,WH_C,2005-04-08,31.683882888061277
10417,1,10417,1,WH_C,2005-05-13,33.44024869038124
10104,1,10104,1,WH_C,2003-01-31,32.47901118751021
10117,10,10117,10,WH_C,2003-04-16,33.064501625900505
10127,3,10127,3,WH_C,2003-06-03,34.84300365317368
10142,13,10142,13,WH_C,2003-08-08,33.26473929672787
10153,12,10153,12,WH_C,2003-09-29,34.17755263420743
10165,4,10165,4,WH_C,2003-10-22,32.228134690814315
10176,3,10176,3,WH_C,2003-11-06,33.65547554781942
10185,14,10185,14,WH_C,2003-11-16,39.55467407695474
10196,6,10196,6,WH_C,2003-11-26,32.16518451593727
10208,14,10208,14,WH_C,2004-01-02,31.89630317959697
10220,3,10220,3,WH_C,2004-02-13,32.966461474238415
10230,1,10230,1,WH_C,2004-03-17,32.030067673868594
10247,3,10247,3,WH_C,2004-05-05,33.95525822126447
10272,3,10272,3,WH_C,2004-07-20,34.40680214881685
10282,6,10282,6,WH_C,2004-08-20,32.93391779907573
10293,9,10293,9,WH_C,2004-09-09,32.801197625692055
10306,14,10306,14,WH_C,2004-10-14,33.27967460766895
10314,6,10314,6,WH_C,2004-10-22,34.46781452744287
10324,1,10324,1,WH_C,2004-11-06,36.83362551284216
10336,11,10336,11,WH_C,2004-11-20,39.15938965976558
10348,4,10348,4,WH_C,2004-11-02,33.72306385876942
10358,5,10358,5,WH_C,2004-12-10,33.731297918652615
10372,4,10372,4,WH_C,2005-01-28,32.81086946383947
10382,11,10382,11,WH_C,2005-02-17,33.92280337702226
10413,3,10413,3,WH_C,2005-05-05,32.721530613055506
10108,4,10108,4,WH_C,2003-03-03,33.02371469300719
10122,8,10122,8,WH_C,2003-05-08,34.285158510332884
10135,5,10135,5,WH_C,2003-07-02,34.19500046034841
10147,5,10147,5,WH_C,2003-09-05,32.35130542225172
10160,6,10160,6,WH_C,2003-10-13,32.5906933206178
10170,4,10170,4,WH_C,2003-11-04,32.3239438091616
10181,12,10181,12,WH_C,2003-11-12,32.98219383982884
10191,1,10191,1,WH_C,2003-11-22,37.510423128960724
10203,6,10203,6,WH_C,2003-12-02,32.55425871250699
10212,16,10212,16,WH_C,2004-01-17,38.75664144302261
10225,7,10225,7,WH_C,2004-02-23,34.02283645409882
10238,1,10238,1,WH_C,2004-04-09,33.64079423712022
10253,11,10253,11,WH_C,2004-06-01,33.76851556205969
10266,12,10266,12,WH_C,2004-07-06,31.94875920061722
10276,1,10276,1,WH_C,2004-08-02,34.464957077752146
10287,10,10287,10,WH_C,2004-08-30,34.34925901943211
10300,3,10300,3,WH_C,2003-10-06,34.429737078400635
10310,8,10310,8,WH_C,2004-10-16,39.13302585417748
10320,1,10320,1,WH_C,2004-11-03,34.86283748190289
10329,13,10329,13,WH_C,2004-11-15,33.5425681792876
10341,1,10341,1,WH_C,2004-11-26,32.964951408799465
10363,4,10363,4,WH_C,2005-01-06,34.254441794305166
10376,1,10376,1,WH_C,2005-02-08,33.84178848713353
10389,6,10389,6,WH_C,2005-03-03,33.86231303455263
10419,11,10419,11,WH_C,2005-05-17,33.2808403717592
10105,14,10105,14,WH_C,2003-02-11,32.16376608091386
10117,8,10117,8,WH_C,2003-04-16,33.3311136434821
10127,1,10127,1,WH_C,2003-06-03,34.963346417752376
10142,11,10142,11,WH_C,2003-08-08,33.86092278189258
10153,10,10153,10,WH_C,2003-09-29,33.43062445758108
10165,2,10165,2,WH_C,2003-10-22,32.51586230274307
10176,1,10176,1,WH_C,2003-11-06,32.84587505054978
10185,12,10185,12,WH_C,2003-11-15,39.74258982746367
10196,4,10196,4,WH_C,2003-11-26,33.614195899862246
10208,12,10208,12,WH_C,2004-01-02,34.05290922532443
10220,1,10220,1,WH_C,2004-02-13,33.176803644981014
10231,1,10231,1,WH_C,2004-03-19,33.65854456046499
10247,1,10247,1,WH_C,2004-05-05,32.68506340793166
10272,1,10272,1,WH_C,2004-07-20,34.21986607900506
10282,4,10282,4,WH_C,2004-08-20,33.28008493922712
10293,7,10293,7,WH_C,2004-09-09,33.01202826482468
10306,12,10306,12,WH_A,2004-10-15,50.889898495261065
10314,4,10314,4,WH_C,2004-10-23,40.06065406405709
10325,1,10325,1,WH_A,2004-11-05,49.156514885332086
10336,1,10336,1,WH_C,2004-11-22,34.83764989720226
10349,10,10349,10,WH_C,2004-12-01,32.521085259805616
10359,5,10359,5,WH_C,2004-12-16,33.04491386338613
10372,1,10372,1,WH_C,2005-01-27,31.96178105574615
10382,12,10382,12,WH_C,2005-02-18,33.23013857659613
10396,3,10396,3,WH_C,2005-03-23,33.37185551381279
10413,1,10413,1,WH_C,2005-05-05,32.06396244822766
10108,7,10108,7,WH_C,2003-03-03,33.68252523178357
10122,11,10122,11,WH_C,2003-05-08,34.68238749845412
10135,8,10135,8,WH_C,2003-07-02,32.283720702020474
10147,8,10147,8,WH_C,2003-09-05,34.05575894746063
10159,3,10159,3,WH_C,2003-10-10,32.9852128145929
10169,3,10169,3,WH_A,2003-11-06,50.92286209701005
10181,15,10181,15,WH_C,2003-11-12,32.76614093830551
10191,4,10191,4,WH_C,2003-11-20,32.245951454110966
10203,9,10203,9,WH_C,2003-12-02,32.34621342561505
10211,3,10211,3,WH_C,2004-01-15,31.856258731005497
10225,10,10225,10,WH_C,2004-02-23,32.30162140461485
10238,4,10238,4,WH_C,2004-04-09,34.20296661454893
10253,14,10253,14,WH_C,2004-06-01,34.962085026755474
10266,15,10266,15,WH_C,2004-07-06,34.186696755750276
10276,4,10276,4,WH_C,2004-08-02,34.45156528962992
10287,13,10287,13,WH_C,2004-08-30,32.12936534035754
10300,6,10300,6,WH_C,2003-10-06,32.48633407299973
10310,11,10310,11,WH_C,2004-10-18,32.73048847912905
10320,4,10320,4,WH_C,2004-11-03,32.72159954023648
10329,14,10329,14,WH_C,2004-11-15,33.293891798843106
10341,10,10341,10,WH_C,2004-11-24,33.499058764528954
10363,5,10363,5,WH_C,2005-01-06,32.89388738771177
10377,5,10377,5,WH_C,2005-02-09,32.67970519360918
10389,7,10389,7,WH_C,2005-03-03,34.43500315960024
10419,14,10419,14,WH_C,2005-05-17,33.98123103839231
10104,9,10104,9,WH_C,2003-01-31,32.551181552933926
10115,5,10115,5,WH_C,2003-04-04,34.89425402801095
10127,11,10127,11,WH_C,2003-06-03,35.171475762828905
10141,5,10141,5,WH_C,2003-08-01,33.30082203884946
10151,3,10151,3,WH_C,2003-09-23,33.50305689155556
10165,12,10165,12,WH_C,2003-10-22,33.83137641955513
10175,1,10175,1,WH_C,2003-11-06,34.54155012702581
10184,6,10184,6,WH_A,2003-11-14,51.59726318798746
10195,6,10195,6,WH_C,2003-11-25,32.36264089878341
10207,7,10207,7,WH_C,2003-12-09,32.82543051042485
10219,2,10219,2,WH_C,2004-02-11,34.07316047603052
10229,1,10229,1,WH_C,2004-03-11,33.16777414841017
10246,5,10246,5,WH_C,2004-05-05,32.67481052340731
10259,4,10259,4,WH_C,2004-06-15,34.83114909990364
10271,5,10271,5,WH_C,2004-07-20,33.74477436650512
10281,1,10281,1,WH_C,2004-08-19,34.26623030011027
10292,8,10292,8,WH_C,2004-09-08,34.21032201470936
10305,5,10305,5,WH_C,2004-10-13,33.9376512117625
10314,14,10314,14,WH_C,2004-10-22,32.98106528590098
10324,7,10324,7,WH_C,2004-11-05,33.90086397067853
10336,3,10336,3,WH_C,2004-11-22,32.709096213977645
10349,9,10349,9,WH_C,2004-12-01,33.706553567418695
10358,9,10358,9,WH_C,2004-12-10,32.20176642114245
10371,4,10371,4,WH_C,2005-01-25,33.69025038385534
10382,13,10382,13,WH_C,2005-02-17,32.63646358333443
10412,5,10412,5,WH_C,2005-05-03,32.347650911363814
10425,4,10425,4,WH_C,2005-05-31,32.17394595550148
10108,3,10108,3,WH_C,2003-03-03,32.041459514475605
10122,7,10122,7,WH_C,2003-05-08,33.77622859563898
10135,4,10135,4,WH_C,2003-07-02,33.837894816753504
10147,4,10147,4,WH_C,2003-09-05,33.46507282715163
10160,5,10160,5,WH_C,2003-10-13,32.17501583491734
10170,3,10170,3,WH_C,2003-11-04,31.940559489448226
10181,11,10181,11,WH_A,2003-11-13,49.05455347768648
10192,16,10192,16,WH_C,2003-11-21,32.126347977876094
10203,5,10203,5,WH_C,2003-12-03,34.513804831987905
10212,15,10212,15,WH_C,2004-01-16,32.37991788010342
10225,6,10225,6,WH_C,2004-02-23,33.10286852111213
10239,5,10239,5,WH_C,2004-04-12,31.947483931417693
10253,10,10253,10,WH_C,2004-06-01,32.63898932236265
10266,11,10266,11,WH_C,2004-07-06,33.99258419219183
10277,1,10277,1,WH_C,2004-08-04,33.450060749324805
10287,9,10287,9,WH_C,2004-08-30,33.07735552190434
10300,2,10300,2,WH_C,2003-10-06,32.23026689573268
10310,7,10310,7,WH_C,2004-10-18,32.789428099598624
10321,15,10321,15,WH_C,2004-11-04,32.31913473743277
10329,15,10329,15,WH_C,2004-11-15,32.46353013226212
10341,7,10341,7,WH_C,2004-11-24,34.62816089250708
10363,6,10363,6,WH_C,2005-01-06,33.747415830905
10377,1,10377,1,WH_C,2005-02-09,33.730093837332625
10389,8,10389,8,WH_C,2005-03-03,33.274652854149934
10405,5,10405,5,WH_C,2005-04-14,33.018655313956344
10419,10,10419,10,WH_C,2005-05-17,33.308807111206924
10103,10,10103,10,WH_C,2003-01-29,33.75585441151495
10113,4,10113,4,WH_C,2003-03-26,33.773806427940755
10126,10,10126,10,WH_C,2003-05-28,32.86308731970999
10140,10,10140,10,WH_C,2003-07-24,33.36196254634076
10150,7,10150,7,WH_C,2003-09-19,33.611350337357365
10164,8,10164,8,WH_C,2003-10-21,34.41885004054892
10174,3,10174,3,WH_C,2003-11-06,33.79856745700336
10183,7,10183,7,WH_C,2003-11-15,38.229687345187386
10194,10,10194,10,WH_C,2003-11-25,32.36432523396948
10206,5,10206,5,WH_C,2003-12-05,34.0921666676429
10215,2,10215,2,WH_C,2004-01-29,32.6302830066202
10228,1,10228,1,WH_C,2004-03-10,32.69527338296551
10245,8,10245,8,WH_C,2004-05-04,32.20177999037361
10258,5,10258,5,WH_C,2004-06-15,34.36640920771012
10270,8,10270,8,WH_C,2004-07-19,32.97401773962498
10280,1,10280,1,WH_C,2004-08-17,32.8909902170317
10291,10,10291,10,WH_C,2004-09-08,34.99991515830304
10304,5,10304,5,WH_C,2004-10-11,32.27039209218236
10312,2,10312,2,WH_C,2004-10-21,33.23425484367809
10322,10,10322,10,WH_C,2004-11-04,33.5981713564663
10333,7,10333,7,WH_C,2004-11-18,32.42599601536498
10347,5,10347,5,WH_C,2004-11-29,33.987176814488265
10357,1,10357,1,WH_C,2004-12-10,32.20207408411281
10370,1,10370,1,WH_C,2005-01-20,33.40254780508247
10381,2,10381,2,WH_C,2005-02-17,33.34069286948416
10391,10,10391,10,WH_C,2005-03-10,33.50175390938806
10411,8,10411,8,WH_C,2005-05-02,33.67500745211434
10424,5,10424,5,WH_C,2005-05-31,32.44843496376551
10109,4,10109,4,WH_C,2003-03-12,32.025625854698994
10122,2,10122,2,WH_C,2003-05-08,34.4822149324626
10136,2,10136,2,WH_C,2003-07-04,33.28129257968557
10148,13,10148,13,WH_C,2003-09-12,34.30980495058921
10161,12,10161,12,WH_C,2003-10-17,34.377661646010615
10171,2,10171,2,WH_C,2003-11-05,34.15579719787642
10181,6,10181,6,WH_A,2003-11-12,50.45057145888513
10192,11,10192,11,WH_C,2003-11-20,32.86934067302218
10204,17,10204,17,WH_C,2003-12-02,34.78337456152879
10212,10,10212,10,WH_C,2004-01-16,33.23975954029392
10225,1,10225,1,WH_C,2004-02-23,32.94901154455236
10240,3,10240,3,WH_C,2004-04-14,34.81904182607474
10253,5,10253,5,WH_C,2004-06-01,34.901484239787735
10266,6,10266,6,WH_C,2004-07-06,33.14482199637433
10278,6,10278,6,WH_C,2004-08-06,31.921556964697995
10287,4,10287,4,WH_C,2004-08-30,32.956733319887846
10301,8,10301,8,WH_C,2003-10-07,34.02375565020661
10310,2,10310,2,WH_C,2004-10-16,39.662693531994115
10321,10,10321,10,WH_C,2004-11-04,32.698475333135505
10331,6,10331,6,WH_C,2004-11-18,31.841382127096495
10342,2,10342,2,WH_C,2004-11-24,34.75390722260015
10356,8,10356,8,WH_C,2004-12-09,32.7818069533223
10365,1,10365,1,WH_C,2005-01-07,34.05604691720657
10377,2,10377,2,WH_C,2005-02-09,34.51569377642501
10390,14,10390,14,WH_C,2005-03-05,37.62994596464178
10406,3,10406,3,WH_C,2005-04-15,33.57567279988355
10419,5,10419,5,WH_C,2005-05-17,32.06852070857231
10102,2,10102,2,WH_C,2003-01-10,32.73474535491245
10111,6,10111,6,WH_C,2003-03-25,34.730255622921604
10125,1,10125,1,WH_C,2003-05-22,33.11510813998884
10139,7,10139,7,WH_C,2003-07-16,34.60310735448245
10149,4,10149,4,WH_C,2003-09-12,33.51307703534884
10162,2,10162,2,WH_C,2003-10-20,32.72524277074393
10173,6,10173,6,WH_C,2003-11-05,32.38128161353936
10182,3,10182,3,WH_C,2003-11-12,32.95391171728568
10193,7,10193,7,WH_C,2003-11-21,32.87960992784761
10205,2,10205,2,WH_C,2003-12-03,32.006371927703164
10215,10,10215,10,WH_C,2004-01-30,32.73750887545626
10227,3,10227,3,WH_C,2004-03-03,33.781210816143194
10244,7,10244,7,WH_C,2004-04-29,34.232620553969085
10256,2,10256,2,WH_C,2004-06-08,33.58593558283469
10280,9,10280,9,WH_C,2004-08-17,33.757056696355264
10289,2,10289,2,WH_C,2004-09-03,31.939326282137458
10304,13,10304,13,WH_C,2004-10-11,32.42330718197482
10312,10,10312,10,WH_C,2004-10-21,34.05678782903111
10322,14,10322,14,WH_C,2004-11-04,33.64246350503826
10332,15,10332,15,WH_C,2004-11-17,31.922548195528506
10346,3,10346,3,WH_C,2004-11-29,34.39641510262011
10356,9,10356,9,WH_C,2004-12-09,34.1029297914406
10369,8,10369,8,WH_C,2005-01-20,33.97968396061691
10380,13,10380,13,WH_C,2005-02-16,31.811319224462622
10391,2,10391,2,WH_C,2005-03-09,33.90854235020646
10422,2,10422,2,WH_C,2005-06-01,33.46553361479286
10102,1,10102,1,WH_C,2003-01-10,34.165554236596435
10111,5,10111,5,WH_C,2003-03-27,34.28664990460633
10126,17,10126,17,WH_C,2003-05-28,34.06563413393488
10139,6,10139,6,WH_C,2003-07-18,33.27712540184074
10149,3,10149,3,WH_C,2003-09-12,32.67062833809409
10162,1,10162,1,WH_C,2003-10-20,33.63858257551513
10173,5,10173,5,WH_C,2003-11-05,33.515788413472904
10182,2,10182,2,WH_C,2003-11-13,33.842478051267676
10193,6,10193,6,WH_C,2003-11-21,32.21400376586188
10205,1,10205,1,WH_C,2003-12-03,32.36050405961933
10215,9,10215,9,WH_C,2004-01-29,34.58777880316132
10227,2,10227,2,WH_C,2004-03-02,33.8694091141346
10244,6,10244,6,WH_C,2004-04-30,34.36207891320015
10256,1,10256,1,WH_C,2004-06-08,34.63882920595542
10280,8,10280,8,WH_C,2004-08-17,34.19586427105784
10289,1,10289,1,WH_C,2004-09-03,33.92840896859873
10304,12,10304,12,WH_C,2004-10-11,34.32473186362299
10312,9,10312,9,WH_C,2004-10-21,33.34544598004361
10322,5,10322,5,WH_C,2004-11-04,34.1259903451319
10332,16,10332,16,WH_C,2004-11-17,32.260049506202094
10347,7,10347,7,WH_C,2004-11-29,33.391039821895724
10356,6,10356,6,WH_C,2004-12-09,33.76101814664393
10369,7,10369,7,WH_C,2005-01-20,32.46181250411557
10381,9,10381,9,WH_C,2005-02-17,32.25762436736427
10391,3,10391,3,WH_C,2005-03-09,32.8320760547371
10422,1,10422,1,WH_C,2005-06-01,32.66946280771511
10110,16,10110,16,WH_C,2003-03-19,32.74680843367091
10123,2,10123,2,WH_C,2003-05-20,33.65059140140738
10137,2,10137,2,WH_C,2003-07-10,34.36134045605389
10148,9,10148,9,WH_C,2003-09-11,33.180170000348824
10161,8,10161,8,WH_C,2003-10-17,32.171251274417365
10172,6,10172,6,WH_C,2003-11-07,31.83898345335892
10181,2,10181,2,WH_C,2003-11-12,33.895431588191634
10192,7,10192,7,WH_C,2003-11-20,32.82796034751543
10204,13,10204,13,WH_C,2003-12-02,34.08212862113936
10212,6,10212,6,WH_C,2004-01-16,33.62260069487323
10226,4,10226,4,WH_C,2004-02-27,34.48747520565773
10241,11,10241,11,WH_C,2004-04-13,32.72483965859708
10253,1,10253,1,WH_C,2004-06-01,34.32951581782112
10266,2,10266,2,WH_C,2004-07-06,32.4078998546304
10278,2,10278,2,WH_C,2004-08-06,34.58284839650908
10288,14,10288,14,WH_C,2004-09-02,34.039370754212385
10301,4,10301,4,WH_C,2003-10-07,32.70753919384706
10311,9,10311,9,WH_C,2004-10-18,32.57917459214251
10321,6,10321,6,WH_C,2004-11-04,32.5791556608261
10331,14,10331,14,WH_C,2004-11-17,34.357055313444235
10343,4,10343,4,WH_C,2004-11-25,32.39197495975413
10367,1,10367,1,WH_C,2005-01-12,33.62307495364051
10378,5,10378,5,WH_C,2005-02-11,32.473007857640276
10407,11,10407,11,WH_C,2005-04-22,33.82135166279242
10419,1,10419,1,WH_C,2005-05-17,34.08722888173371
10106,12,10106,12,WH_C,2003-02-17,34.14174638431362
10119,3,10119,3,WH_C,2003-04-28,34.08386023059043
10131,4,10131,4,WH_C,2003-06-16,32.200298759226314
10143,7,10143,7,WH_C,2003-08-11,32.228299895338054
10155,5,10155,5,WH_C,2003-10-06,34.34237035911079
10167,1,10167,1,WH_C,2003-10-23,33.527422871626925
10178,4,10178,4,WH_C,2003-11-10,32.98287465928124
10186,1,10186,1,WH_C,2003-11-14,31.867617168209282
10198,4,10198,4,WH_C,2003-11-28,32.494194138520506
10210,17,10210,17,WH_C,2004-01-12,32.291248599564796
10222,4,10222,4,WH_C,2004-02-19,34.86704843475178
10250,14,10250,14,WH_C,2004-05-12,33.18677879432465
10262,9,10262,9,WH_C,2004-06-25,33.668908234464965
10274,1,10274,1,WH_C,2004-07-21,31.913589631738336
10284,11,10284,11,WH_C,2004-08-23,33.950353086221895
10296,7,10296,7,WH_C,2004-09-16,32.88858399740397
10307,1,10307,1,WH_C,2004-10-14,34.32000045744475
10316,9,10316,9,WH_C,2004-11-01,34.648839283422305
10327,6,10327,6,WH_C,2004-11-10,32.826118845178314
10338,1,10338,1,WH_C,2004-11-23,34.37127893444609
10351,1,10351,1,WH_C,2004-12-03,34.92139616768448
10373,4,10373,4,WH_C,2005-01-31,34.23343472751421
10386,7,10386,7,WH_C,2005-03-01,34.17347908550947
10398,11,10398,11,WH_C,2005-03-30,32.36376142401524
10400,1,10400,1,WH_C,2005-04-01,33.96737978342918
10416,14,10416,14,WH_C,2005-05-11,31.82449861596983
10100,3,10100,3,WH_C,2003-01-06,32.161628219711105
10110,7,10110,7,WH_C,2003-03-18,35.07196266012446
10124,6,10124,6,WH_C,2003-05-21,32.87886267001893
10149,11,10149,11,WH_C,2003-09-12,33.854573541833744
10162,9,10162,9,WH_C,2003-10-20,34.27396064831842
10173,13,10173,13,WH_C,2003-11-05,34.5799849023238
10182,10,10182,10,WH_C,2003-11-12,34.7398440225299
10193,14,10193,14,WH_C,2003-11-21,32.86558608463761
10204,4,10204,4,WH_C,2003-12-03,32.504023016722044
10214,7,10214,7,WH_C,2004-01-26,33.50798131038319
10227,10,10227,10,WH_C,2004-03-02,32.68887862491471
10241,2,10241,2,WH_C,2004-04-13,32.34132326481826
10280,16,10280,16,WH_C,2004-08-17,33.34609085338567
10288,5,10288,5,WH_C,2004-09-01,34.09701521566369
10302,1,10302,1,WH_C,2003-10-06,33.89135418460649
10312,17,10312,17,WH_C,2004-10-21,32.95224391543022
10331,7,10331,7,WH_C,2004-11-17,33.59208700617607
10344,1,10344,1,WH_C,2004-11-27,37.5847011626889
10367,3,10367,3,WH_C,2005-01-12,31.78508989556687
10379,2,10379,2,WH_C,2005-02-10,34.484558134558995
10407,2,10407,2,WH_C,2005-04-22,34.04698316223006
10420,5,10420,5,WH_C,2005-05-30,34.65549349795572
10108,2,10108,2,WH_C,2003-03-03,32.36585762269035
10122,6,10122,6,WH_C,2003-05-08,34.572406000647604
10135,3,10135,3,WH_C,2003-07-02,34.05394349419652
10147,3,10147,3,WH_C,2003-09-05,34.007912697869656
10160,4,10160,4,WH_C,2003-10-13,34.14280361946727
10170,2,10170,2,WH_C,2003-11-04,34.4726025827364
10181,10,10181,10,WH_C,2003-11-13,33.921452095054946
10192,15,10192,15,WH_C,2003-11-20,33.72444094693286
10203,4,10203,4,WH_C,2003-12-04,34.81204896438217
10212,14,10212,14,WH_C,2004-01-16,33.98666401906105
10225,5,10225,5,WH_C,2004-02-23,33.72647530591258
10239,4,10239,4,WH_C,2004-04-12,33.78534191636379
10253,9,10253,9,WH_C,2004-06-01,32.929142535457174
10266,10,10266,10,WH_C,2004-07-06,33.043273535387584
10278,10,10278,10,WH_C,2004-08-06,33.426873859254044
10287,8,10287,8,WH_C,2004-08-30,34.40642732832961
10300,1,10300,1,WH_C,2003-10-06,35.11370101002548
10310,6,10310,6,WH_C,2004-10-16,38.116070054306135
10321,14,10321,14,WH_C,2004-11-04,33.24465403922272
10329,9,10329,9,WH_C,2004-11-15,32.3266256569687
10342,1,10342,1,WH_C,2004-11-24,35.148380437235474
10363,7,10363,7,WH_C,2005-01-06,35.075947582653875
10377,4,10377,4,WH_C,2005-02-09,33.92077960624458
10389,3,10389,3,WH_C,2005-03-03,34.274055626649755
10405,4,10405,4,WH_C,2005-04-14,33.90705158348405
10419,9,10419,9,WH_C,2005-05-17,33.75576198566006
10109,3,10109,3,WH_C,2003-03-12,32.065924499705986
10122,1,10122,1,WH_C,2003-05-08,33.05374002003181
10136,1,10136,1,WH_C,2003-07-04,34.40664506077552
10148,12,10148,12,WH_C,2003-09-11,34.132183053000006
10161,11,10161,11,WH_C,2003-10-17,32.82799014625425
10171,1,10171,1,WH_C,2003-11-05,34.45362901581338
10181,5,10181,5,WH_C,2003-11-12,32.35919281723105
10192,10,10192,10,WH_C,2003-11-20,33.331284158784925
10204,16,10204,16,WH_C,2003-12-03,34.35470591836503
10212,9,10212,9,WH_C,2004-01-16,33.9880695201488
10226,7,10226,7,WH_C,2004-02-27,33.771750090599326
10240,2,10240,2,WH_C,2004-04-13,32.96188513646128
10253,4,10253,4,WH_C,2004-06-01,32.57934294668139
10266,5,10266,5,WH_C,2004-07-06,33.87377795538565
10278,5,10278,5,WH_C,2004-08-06,34.21141947179359
10287,3,10287,3,WH_C,2004-08-30,32.58520119806039
10301,7,10301,7,WH_C,2003-10-07,34.26224630792405
10310,1,10310,1,WH_C,2004-10-16,38.392131855756645
10321,9,10321,9,WH_C,2004-11-04,34.270120358613696
10331,8,10331,8,WH_C,2004-11-17,34.14233097212471
10342,3,10342,3,WH_C,2004-11-26,32.2998963959356
10356,2,10356,2,WH_C,2004-12-09,31.791842865172747
10366,3,10366,3,WH_C,2005-01-11,34.004269966209804
10377,6,10377,6,WH_C,2005-02-09,33.68396617196817
10390,15,10390,15,WH_C,2005-03-04,34.40799729062621
10406,2,10406,2,WH_C,2005-04-15,34.33195480678867
10419,4,10419,4,WH_C,2005-05-17,34.19004639778936
10104,8,10104,8,WH_C,2003-01-31,34.568068702050695
10115,4,10115,4,WH_C,2003-04-04,33.52477007695488
10127,10,10127,10,WH_C,2003-06-03,33.73558306825775
10141,4,10141,4,WH_C,2003-08-01,33.28447806832921
10151,2,10151,2,WH_C,2003-09-23,32.463952202461364
10165,11,10165,11,WH_C,2003-10-22,33.46399373677174
10176,10,10176,10,WH_C,2003-11-06,32.63652407693479
10184,5,10184,5,WH_C,2003-11-14,34.73908237845522
10195,5,10195,5,WH_C,2003-11-25,33.35871562024805
10207,6,10207,6,WH_C,2003-12-09,33.55117633157257
10219,1,10219,1,WH_C,2004-02-11,33.20215604932655
10230,8,10230,8,WH_C,2004-03-15,32.499342738640095
10246,4,10246,4,WH_C,2004-05-05,32.36716469646674
10259,3,10259,3,WH_C,2004-06-15,33.39242299332601
10271,4,10271,4,WH_C,2004-07-20,32.51045329320981
10282,13,10282,13,WH_C,2004-08-21,39.0046313338093
10292,7,10292,7,WH_C,2004-09-08,34.69451843273573
10305,4,10305,4,WH_C,2004-10-13,34.83109201949105
10314,13,10314,13,WH_C,2004-10-23,38.606187773326454
10324,8,10324,8,WH_A,2004-11-05,49.6150983116604
10336,6,10336,6,WH_C,2004-11-20,39.415638553047934
10349,8,10349,8,WH_C,2004-12-01,34.58227183536859
10358,10,10358,10,WH_C,2004-12-10,32.20025317539022
10371,7,10371,7,WH_C,2005-01-25,34.484186329633744
10382,5,10382,5,WH_C,2005-02-18,32.81971499731269
10412,4,10412,4,WH_C,2005-05-03,34.01971018879181
10425,3,10425,3,WH_C,2005-05-31,34.62890846759629
10100,2,10100,2,WH_C,2003-01-06,31.750821713636267
10110,6,10110,6,WH_C,2003-03-18,34.773176715192704
10124,5,10124,5,WH_C,2003-05-21,34.07087451735106
10149,10,10149,10,WH_C,2003-09-12,34.64613883032936
10162,8,10162,8,WH_C,2003-10-20,33.01598497471879
10173,12,10173,12,WH_C,2003-11-05,34.34457370449266
10182,9,10182,9,WH_C,2003-11-13,31.997520511276463
10193,13,10193,13,WH_C,2003-11-21,33.092924424823636
10204,3,10204,3,WH_C,2003-12-02,31.883517744589536
10214,6,10214,6,WH_C,2004-01-27,35.085712912282446
10227,9,10227,9,WH_C,2004-03-02,34.46406590008034
10241,1,10241,1,WH_C,2004-04-13,34.46891657658398
10280,15,10280,15,WH_C,2004-08-17,34.6519643259812
10288,4,10288,4,WH_C,2004-09-01,32.40394303137792
10303,2,10303,2,WH_C,2004-10-07,33.45267101854134
10312,16,10312,16,WH_C,2004-10-21,31.99345103628776
10332,9,10332,9,WH_C,2004-11-17,32.716547906479605
10344,2,10344,2,WH_C,2004-11-27,37.48672636655377
10367,4,10367,4,WH_C,2005-01-12,33.64290176124648
10379,1,10379,1,WH_C,2005-02-10,32.686536539147895
10407,1,10407,1,WH_C,2005-04-22,32.14416368818312
10420,4,10420,4,WH_C,2005-05-30,32.909465629085645
10104,12,10104,12,WH_C,2003-01-31,32.47425708033113
10114,3,10114,3,WH_C,2003-04-02,35.144693058793095
10127,14,10127,14,WH_C,2003-06-03,34.614842423834546
10141,8,10141,8,WH_C,2003-08-01,34.51150691268832
10151,6,10151,6,WH_C,2003-09-22,33.35227811610052
10165,15,10165,15,WH_C,2003-10-22,32.49703247835816
10175,4,10175,4,WH_C,2003-11-06,34.485100192297395
10184,9,10184,9,WH_C,2003-11-14,32.70669076060524
10195,9,10195,9,WH_C,2003-11-25,32.58282699804404
10207,10,10207,10,WH_C,2003-12-09,32.48524187961934
10229,4,10229,4,WH_C,2004-03-11,32.28355177023717
10246,8,10246,8,WH_C,2004-05-05,32.716702744153984
10259,7,10259,7,WH_C,2004-06-15,33.07430368351279
10271,8,10271,8,WH_C,2004-07-20,33.64238999903779
10281,4,10281,4,WH_C,2004-08-19,31.842541463069637
10292,11,10292,11,WH_C,2004-09-08,32.245049796934424
10305,8,10305,8,WH_C,2004-10-13,34.67733632527407
10313,2,10313,2,WH_C,2004-10-23,37.14257103945599
10324,10,10324,10,WH_C,2004-11-07,37.64702864647051
10334,6,10334,6,WH_C,2004-11-21,39.76776410589643
10349,7,10349,7,WH_C,2004-12-01,32.85087764002335
10358,11,10358,11,WH_C,2004-12-10,31.94522379015123
10370,5,10370,5,WH_C,2005-01-20,33.251257395170725
10383,11,10383,11,WH_C,2005-02-22,32.55616432879172
10412,8,10412,8,WH_C,2005-05-03,33.9381730364782
10425,7,10425,7,WH_C,2005-05-31,34.075596361619546
10101,4,10101,4,WH_C,2003-01-09,32.60902595162388
10110,4,10110,4,WH_C,2003-03-18,33.95736003860971
10124,3,10124,3,WH_C,2003-05-21,33.73638355173206
10149,8,10149,8,WH_C,2003-09-12,32.093177823205394
10162,6,10162,6,WH_C,2003-10-20,33.60524315425333
10173,10,10173,10,WH_C,2003-11-05,32.665038435428286
10182,7,10182,7,WH_C,2003-11-14,33.45496300237935
10193,11,10193,11,WH_C,2003-11-21,31.884256431804875
10204,1,10204,1,WH_C,2003-12-02,33.33694696265948
10214,4,10214,4,WH_C,2004-01-28,32.578280602750645
10227,7,10227,7,WH_C,2004-03-02,34.36700046078394
10243,2,10243,2,WH_C,2004-04-26,32.163578870147276
10280,13,10280,13,WH_C,2004-08-17,33.148245517040664
10288,2,10288,2,WH_C,2004-09-01,33.43080861451671
10304,17,10304,17,WH_C,2004-10-11,33.86159341691503
10312,14,10312,14,WH_C,2004-10-21,33.575185672243066
10322,6,10322,6,WH_C,2004-11-06,39.125730433914185
10332,8,10332,8,WH_C,2004-11-17,33.959016965973234
10344,3,10344,3,WH_C,2004-11-27,39.53676150101616
10356,3,10356,3,WH_C,2004-12-09,32.767685274251335
10367,5,10367,5,WH_C,2005-01-12,33.240791202752646
10380,10,10380,10,WH_C,2005-02-16,34.27584289040543
10390,16,10390,16,WH_C,2005-03-04,35.21527186442999
10409,2,10409,2,WH_C,2005-04-25,34.286130769605805
10420,2,10420,2,WH_C,2005-05-30,32.876330202126596
10103,2,10103,2,WH_C,2003-01-29,32.61730463776543
10114,6,10114,6,WH_C,2003-04-01,33.72239223343969
10126,2,10126,2,WH_C,2003-05-28,33.890095770787624
10140,2,10140,2,WH_C,2003-07-24,33.242489670583325
10151,9,10151,9,WH_C,2003-09-22,33.279129178044016
10165,18,10165,18,WH_C,2003-10-22,34.14395512156102
10175,7,10175,7,WH_C,2003-11-06,32.754823175019595
10184,12,10184,12,WH_A,2003-11-14,51.59297515794956
10194,2,10194,2,WH_C,2003-11-27,33.26702844957988
10207,13,10207,13,WH_C,2003-12-09,33.10995793165578
10217,2,10217,2,WH_C,2004-02-04,33.05321946803915
10229,7,10229,7,WH_C,2004-03-11,34.666441983715714
10246,11,10246,11,WH_C,2004-05-05,32.1880422070118
10259,10,10259,10,WH_C,2004-06-16,32.27389162332032
10271,11,10271,11,WH_C,2004-07-20,34.4882204297291
10281,7,10281,7,WH_C,2004-08-19,32.551306135547904
10291,2,10291,2,WH_C,2004-09-08,33.35839361304099
10305,11,10305,11,WH_A,2004-10-13,50.73161617926651
10313,5,10313,5,WH_C,2004-10-22,33.11499003989564
10322,11,10322,11,WH_C,2004-11-04,34.19246483221236
10334,1,10334,1,WH_C,2004-11-20,37.65270437011421
10347,8,10347,8,WH_C,2004-11-29,33.32320241987637
10357,7,10357,7,WH_C,2004-12-11,38.36537004549807
10370,7,10370,7,WH_C,2005-01-20,34.1129781680113
10381,7,10381,7,WH_C,2005-02-17,32.130348172779165
10391,5,10391,5,WH_C,2005-03-11,33.41508905863094
10412,11,10412,11,WH_C,2005-05-03,32.31219541869012
10425,10,10425,10,WH_C,2005-05-31,32.55708122952956
10106,2,10106,2,WH_C,2003-02-17,32.48550246930127
10120,8,10120,8,WH_C,2003-04-29,32.678952786253134
10133,3,10133,3,WH_C,2003-06-27,34.46695942401607
10145,14,10145,14,WH_C,2003-08-25,33.07021160750318
10168,9,10168,9,WH_C,2003-10-29,34.406393862517774
10210,7,10210,7,WH_C,2004-01-12,34.69037726461977
10223,9,10223,9,WH_C,2004-02-20,33.65900707267525
10235,3,10235,3,WH_C,2004-04-02,32.332001978140546
10250,4,10250,4,WH_C,2004-05-11,32.74061871423352
10263,10,10263,10,WH_C,2004-06-29,34.6065301710191
10275,9,10275,9,WH_C,2004-07-23,32.89377157020687
10284,1,10284,1,WH_C,2004-08-23,32.12585010949461
10297,4,10297,4,WH_C,2004-09-16,33.43979557754854
10308,7,10308,7,WH_A,2004-10-15,51.47717045144623
10318,9,10318,9,WH_C,2004-11-02,34.02372102922212
10327,8,10327,8,WH_C,2004-11-10,32.14638862084939
10339,2,10339,2,WH_C,2004-11-23,33.81851951303874
10353,1,10353,1,WH_C,2004-12-06,32.3819167203458
10374,2,10374,2,WH_C,2005-02-02,32.277993132760656
10386,18,10386,18,WH_C,2005-03-01,34.32789376189349
10398,15,10398,15,WH_C,2005-03-30,33.003813639701924
10401,3,10401,3,WH_C,2005-04-04,32.59132726180255
10416,4,10416,4,WH_C,2005-05-10,31.78681158984571
10107,6,10107,6,WH_C,2003-02-25,34.5238400861585
10120,4,10120,4,WH_C,2003-04-29,34.06920606710003
10134,6,10134,6,WH_C,2003-07-01,33.501358509552645
10145,10,10145,10,WH_C,2003-08-25,33.87197458632434
10159,18,10159,18,WH_C,2003-10-10,32.369425287250706
10168,5,10168,5,WH_C,2003-10-28,33.66714505355327
10180,13,10180,13,WH_C,2003-11-11,32.663338714607676
10188,5,10188,5,WH_C,2003-11-18,31.932659149858434
10201,6,10201,6,WH_C,2003-12-01,33.73264786647664
10210,3,10210,3,WH_C,2004-01-12,34.38412596124424
10223,5,10223,5,WH_C,2004-02-20,31.76032260904029
10236,2,10236,2,WH_C,2004-04-05,32.72153680227006
10251,6,10251,6,WH_C,2004-05-18,32.41418195005707
10263,6,10263,6,WH_C,2004-06-28,32.67554032128703
10275,5,10275,5,WH_C,2004-07-23,35.06201117622196
10285,10,10285,10,WH_C,2004-08-27,33.42179405876105
10298,2,10298,2,WH_C,2004-09-29,33.06239357649652
10308,3,10308,3,WH_A,2004-10-15,51.21787771265085
10318,5,10318,5,WH_C,2004-11-02,32.499015355105925
10329,12,10329,12,WH_C,2004-11-15,33.413107650264536
10339,1,10339,1,WH_C,2004-11-23,33.11781728877284
10362,3,10362,3,WH_C,2005-01-05,33.41372753248872
10374,4,10374,4,WH_C,2005-02-02,34.980311491287566
10389,5,10389,5,WH_C,2005-03-03,34.29937811227275
10402,2,10402,2,WH_C,2005-04-07,32.888813752977406
10417,6,10417,6,WH_C,2005-05-13,34.37065577779096
10101,1,10101,1,WH_C,2003-01-10,32.67756021428189
10110,1,10110,1,WH_C,2003-03-18,32.00787485798344
10125,2,10125,2,WH_C,2003-05-21,32.8878378122074
10139,8,10139,8,WH_C,2003-07-16,33.23718273790928
10149,5,10149,5,WH_C,2003-09-12,33.3896647826018
10162,3,10162,3,WH_C,2003-10-20,33.771433654271036
10173,7,10173,7,WH_C,2003-11-05,34.355241375487736
10182,4,10182,4,WH_C,2003-11-13,33.51629179786926
10193,8,10193,8,WH_C,2003-11-22,38.296531607184136
10205,3,10205,3,WH_C,2003-12-03,31.915958908228088
10214,1,10214,1,WH_C,2004-01-28,32.58543343070171
10227,4,10227,4,WH_C,2004-03-02,33.38889979621949
10244,8,10244,8,WH_C,2004-04-29,33.52126040249243
10255,1,10255,1,WH_C,2004-06-04,34.130840208226246
10280,10,10280,10,WH_C,2004-08-17,32.74926512759656
10289,3,10289,3,WH_C,2004-09-03,32.02940371534268
10304,14,10304,14,WH_C,2004-10-11,33.679197077270466
10312,11,10312,11,WH_C,2004-10-21,32.32030808476607
10322,2,10322,2,WH_C,2004-11-04,32.01817850178024
10332,1,10332,1,WH_C,2004-11-19,33.95101939462437
10347,6,10347,6,WH_C,2004-11-30,32.724141277322786
10356,1,10356,1,WH_C,2004-12-09,33.51155641920151
10367,7,10367,7,WH_C,2005-01-12,33.019776082082394
10380,8,10380,8,WH_C,2005-02-16,32.15090274019066
10390,7,10390,7,WH_C,2005-03-04,33.31518553925946
10421,1,10421,1,WH_C,2005-05-30,34.57051217932893
10109,1,10109,1,WH_C,2003-03-10,33.58471115274667
10123,3,10123,3,WH_C,2003-05-20,34.125402869527576
10137,3,10137,3,WH_C,2003-07-11,32.19051056464568
10148,10,10148,10,WH_C,2003-09-11,34.6508972512362
10161,9,10161,9,WH_C,2003-10-17,32.38862766130636
10172,7,10172,7,WH_C,2003-11-07,33.92421825609148
10181,3,10181,3,WH_C,2003-11-12,33.532007428114255
10192,8,10192,8,WH_C,2003-11-20,34.68224234048848
10204,14,10204,14,WH_C,2003-12-02,33.11486810307777
10212,7,10212,7,WH_C,2004-01-16,32.01832591594658
10226,5,10226,5,WH_C,2004-02-26,32.327109875454255
10241,12,10241,12,WH_C,2004-04-13,34.655941972197496
10253,2,10253,2,WH_C,2004-06-01,33.21474871876694
10266,3,10266,3,WH_C,2004-07-06,33.94216806735271
10278,3,10278,3,WH_C,2004-08-06,32.69129643846402
10287,1,10287,1,WH_C,2004-08-31,33.13267836470565
10301,5,10301,5,WH_C,2003-10-07,31.847779256979166
10311,10,10311,10,WH_C,2004-10-18,34.80727633750017
10321,7,10321,7,WH_A,2004-11-05,50.95075616973982
10331,10,10331,10,WH_C,2004-11-17,35.0001890947009
10343,3,10343,3,WH_C,2004-11-25,32.50505805375225
10366,2,10366,2,WH_C,2005-01-11,33.57170249093623
10379,5,10379,5,WH_C,2005-02-10,34.43140714581557
10407,12,10407,12,WH_C,2005-04-22,33.111474701913124
10419,2,10419,2,WH_C,2005-05-17,34.65908827168256
10103,12,10103,12,WH_C,2003-01-29,34.565956152664796
10112,2,10112,2,WH_C,2003-03-26,35.04283848785427
10126,12,10126,12,WH_C,2003-05-28,34.4996727062901
10139,1,10139,1,WH_C,2003-07-16,32.49864672374673
10150,9,10150,9,WH_C,2003-09-19,33.06227199901332
10163,2,10163,2,WH_C,2003-10-20,34.62565843174113
10174,5,10174,5,WH_C,2003-11-06,32.189987136045374
10183,9,10183,9,WH_A,2003-11-14,51.13370815978218
10193,1,10193,1,WH_C,2003-11-21,34.227524656187086
10206,7,10206,7,WH_C,2003-12-05,33.568712934480615
10215,4,10215,4,WH_C,2004-01-29,34.61072874076999
10228,3,10228,3,WH_C,2004-03-10,32.58897465774625
10244,1,10244,1,WH_C,2004-04-30,32.978440291661286
10257,1,10257,1,WH_C,2004-06-14,31.977275043138526
10270,10,10270,10,WH_C,2004-07-19,33.50025019199647
10280,3,10280,3,WH_C,2004-08-17,32.85908625390091
10291,12,10291,12,WH_C,2004-09-08,32.66045487072117
10304,7,10304,7,WH_C,2004-10-11,34.90613851180619
10312,4,10312,4,WH_C,2004-10-21,35.09892496882169
10322,12,10322,12,WH_C,2004-11-06,37.743109820261644
10333,5,10333,5,WH_C,2004-11-18,33.54290748486309
10347,9,10347,9,WH_C,2004-11-29,34.9553458712795
10357,6,10357,6,WH_C,2004-12-11,36.9868154952373
10369,1,10369,1,WH_C,2005-01-20,32.22172066646665
10381,8,10381,8,WH_C,2005-02-17,32.12047207094135
10391,6,10391,6,WH_C,2005-03-11,33.44218574027121
10423,1,10423,1,WH_C,2005-06-01,32.47784557775124
10103,14,10103,14,WH_C,2003-01-29,34.97981922196382
10111,2,10111,2,WH_C,2003-03-25,33.31183736606745
10126,14,10126,14,WH_C,2003-05-28,33.29014429395576
10139,3,10139,3,WH_C,2003-07-18,32.846542537318086
10150,11,10150,11,WH_C,2003-09-19,33.17530212743357
10163,4,10163,4,WH_C,2003-10-20,33.91908522451534
10173,2,10173,2,WH_C,2003-11-05,34.061737642085106
10183,11,10183,11,WH_C,2003-11-15,39.166558462249625
10193,3,10193,3,WH_C,2003-11-21,33.79059672928244
10206,9,10206,9,WH_C,2003-12-05,34.32878527332619
10215,6,10215,6,WH_C,2004-01-30,34.13029180281207
10228,5,10228,5,WH_C,2004-03-10,34.504450332447604
10244,3,10244,3,WH_C,2004-04-29,31.807381721873128
10257,3,10257,3,WH_C,2004-06-14,31.904874074865777
10269,1,10269,1,WH_C,2004-07-16,32.26866818369396
10280,5,10280,5,WH_C,2004-08-17,33.65385819250258
10291,14,10291,14,WH_C,2004-09-09,33.161467368247095
10304,9,10304,9,WH_C,2004-10-11,33.63584813476879
10312,6,10312,6,WH_C,2004-10-21,34.72338775341805
10322,13,10322,13,WH_C,2004-11-06,39.49931695796327
10332,17,10332,17,WH_C,2004-11-18,34.47590880227621
10347,10,10347,10,WH_C,2004-11-29,33.05636294575094
10357,5,10357,5,WH_C,2004-12-10,34.31223383519374
10369,6,10369,6,WH_C,2005-01-20,32.466645683298154
10381,4,10381,4,WH_C,2005-02-17,32.18177834960166
10392,3,10392,3,WH_C,2005-03-11,32.39845695654685
10423,3,10423,3,WH_C,2005-06-01,33.24836300183031
10106,18,10106,18,WH_C,2003-02-17,33.38047432134573
10119,9,10119,9,WH_C,2003-04-28,34.8877727893954
10130,2,10130,2,WH_C,2003-06-18,31.985566520330465
10143,13,10143,13,WH_C,2003-08-11,34.46922382064734
10155,11,10155,11,WH_C,2003-10-06,33.389392958403675
10167,7,10167,7,WH_C,2003-10-23,32.96072765828965
10178,10,10178,10,WH_C,2003-11-10,33.291387327738576
10186,7,10186,7,WH_C,2003-11-14,32.6472216757779
10197,4,10197,4,WH_C,2003-11-26,33.43997739530982
10209,6,10209,6,WH_C,2004-01-09,33.4721744338625
10222,10,10222,10,WH_C,2004-02-19,32.96350473364401
10248,1,10248,1,WH_C,2004-05-07,32.637039235691226
10262,15,10262,15,WH_C,2004-06-24,33.26859168356002
10273,2,10273,2,WH_C,2004-07-21,34.34219721568424
10283,4,10283,4,WH_C,2004-08-20,32.815771994100245
10296,13,10296,13,WH_C,2004-09-15,33.9724819807237
10307,7,10307,7,WH_C,2004-10-14,33.70879056442607
10316,15,10316,15,WH_C,2004-11-01,34.97139419269588
10327,5,10327,5,WH_C,2004-11-10,34.086719722031006
10338,3,10338,3,WH_C,2004-11-22,33.62786233486901
10350,6,10350,6,WH_C,2004-12-02,33.93030608263096
10373,5,10373,5,WH_C,2005-01-31,34.52529069878004
10386,5,10386,5,WH_C,2005-03-01,33.590781573358214
10398,18,10398,18,WH_C,2005-03-30,33.21073275960192
10400,7,10400,7,WH_C,2005-04-01,31.73201654349359
10414,1,10414,1,WH_C,2005-05-06,34.78427635775944
10103,13,10103,13,WH_C,2003-01-29,34.173266507386536
10111,1,10111,1,WH_C,2003-03-27,32.45699020067178
10126,13,10126,13,WH_C,2003-05-28,33.68699108856106
10139,2,10139,2,WH_C,2003-07-18,33.46160172309902
10150,10,10150,10,WH_C,2003-09-19,32.368850328828145
10163,3,10163,3,WH_C,2003-10-20,34.639944147612916
10173,1,10173,1,WH_C,2003-11-05,32.71804753625402
10183,10,10183,10,WH_C,2003-11-15,37.016059379087494
10193,2,10193,2,WH_C,2003-11-21,33.65911633714275
10206,8,10206,8,WH_C,2003-12-05,33.949000363230404
10215,5,10215,5,WH_C,2004-01-30,31.717545159182947
10228,4,10228,4,WH_C,2004-03-10,33.67098976445634
10244,2,10244,2,WH_C,2004-04-29,33.75038719339435
10257,2,10257,2,WH_C,2004-06-14,32.75487022553776
10270,11,10270,11,WH_C,2004-07-19,32.63578934196504
10280,4,10280,4,WH_C,2004-08-17,33.48463420141706
10291,13,10291,13,WH_C,2004-09-10,33.28432261848921
10304,8,10304,8,WH_C,2004-10-11,34.662087095862944
10312,5,10312,5,WH_C,2004-10-21,34.23052902322065
10322,7,10322,7,WH_C,2004-11-06,39.945306150885315
10332,18,10332,18,WH_C,2004-11-19,32.45884313069514
10347,11,10347,11,WH_C,2004-11-29,35.17098884517498
10357,4,10357,4,WH_C,2004-12-10,33.641932692523355
10369,5,10369,5,WH_C,2005-01-20,32.74332950253013
10381,5,10381,5,WH_C,2005-02-17,32.02639830787817
10392,2,10392,2,WH_C,2005-03-10,31.88630300415793
10423,2,10423,2,WH_C,2005-06-01,33.98436218474761
10105,11,10105,11,WH_C,2003-02-11,33.49354227811915
10117,5,10117,5,WH_C,2003-04-18,32.337990815923305
10128,2,10128,2,WH_C,2003-06-06,33.505753478508936
10142,8,10142,8,WH_C,2003-08-08,32.479662963824964
10153,7,10153,7,WH_C,2003-09-30,33.81526592280322
10166,2,10166,2,WH_C,2003-10-21,32.86645066582594
10177,9,10177,9,WH_C,2003-11-09,39.44505406751882
10185,9,10185,9,WH_A,2003-11-14,51.44199339790572
10196,1,10196,1,WH_C,2003-11-28,33.05603845117968
10208,9,10208,9,WH_C,2004-01-02,33.320772359861444
10221,3,10221,3,WH_C,2004-02-18,32.704027045288754
10232,6,10232,6,WH_C,2004-03-22,34.31139038649668
10248,12,10248,12,WH_C,2004-05-07,33.189896268240965
10273,13,10273,13,WH_C,2004-07-21,32.457498719285255
10282,1,10282,1,WH_C,2004-08-21,36.89293509828461
10293,4,10293,4,WH_C,2004-09-09,33.09727625399442
10306,9,10306,9,WH_C,2004-10-14,33.10820177576099
10314,1,10314,1,WH_C,2004-10-22,34.256523318135926
10325,9,10325,9,WH_C,2004-11-07,37.386727965397455
10336,12,10336,12,WH_C,2004-11-22,32.78869208066298
10350,1,10350,1,WH_C,2004-12-02,34.52060053997841
10372,3,10372,3,WH_C,2005-01-26,34.32700464261937
10383,9,10383,9,WH_C,2005-02-22,33.3091699172805
10396,2,10396,2,WH_C,2005-03-23,32.98646394885864
10414,12,10414,12,WH_C,2005-05-06,32.5277098961961
10104,13,10104,13,WH_C,2003-01-31,35.153822121011444
10109,5,10109,5,WH_C,2003-03-11,32.07254033791716
10114,4,10114,4,WH_C,2003-04-01,34.4220605476179
10122,3,10122,3,WH_C,2003-05-08,34.238080161302875
10127,15,10127,15,WH_C,2003-06-03,33.396155208986855
10136,3,10136,3,WH_C,2003-07-04,31.723821930606313
10141,9,10141,9,WH_C,2003-08-01,33.83124288062266
10148,14,10148,14,WH_C,2003-09-11,32.94048905307666
10151,7,10151,7,WH_C,2003-09-23,32.560444977615106
10160,1,10160,1,WH_C,2003-10-13,33.5909277484608
10165,16,10165,16,WH_C,2003-10-22,34.52473770630586
10171,3,10171,3,WH_C,2003-11-07,33.30382475696475
10175,5,10175,5,WH_C,2003-11-06,34.01662538914222
10181,7,10181,7,WH_C,2003-11-12,31.848127944591194
10184,10,10184,10,WH_C,2003-11-16,37.90021763829859
10192,12,10192,12,WH_C,2003-11-20,32.40309737973689
10195,10,10195,10,WH_C,2003-11-25,33.4903331571403
10203,1,10203,1,WH_C,2003-12-03,35.17451217825658
10207,11,10207,11,WH_C,2003-12-09,33.763230777494186
10212,11,10212,11,WH_C,2004-01-16,32.39541445539521
10225,2,10225,2,WH_C,2004-02-23,33.35443234992673
10229,5,10229,5,WH_C,2004-03-11,33.98733339543674
10239,1,10239,1,WH_C,2004-04-12,32.92759085449843
10246,9,10246,9,WH_C,2004-05-05,34.49639778261438
10253,6,10253,6,WH_C,2004-06-01,34.14114406461839
10259,8,10259,8,WH_C,2004-06-15,34.18209039163908
10266,7,10266,7,WH_C,2004-07-06,33.1647486715506
10271,9,10271,9,WH_C,2004-07-20,32.59700227479774
10278,7,10278,7,WH_C,2004-08-06,31.989501153377766
10281,5,10281,5,WH_C,2004-08-19,33.106166547955695
10287,5,10287,5,WH_C,2004-08-30,33.001873444346515
10292,12,10292,12,WH_C,2004-09-08,33.65962109429141
10301,9,10301,9,WH_C,2003-10-06,33.73891964713094
10305,9,10305,9,WH_C,2004-10-13,32.372010231852016
10310,3,10310,3,WH_A,2004-10-18,50.135288488107335
10313,3,10313,3,WH_C,2004-10-23,37.18470679183889
10321,11,10321,11,WH_A,2004-11-05,49.42092635621944
10324,12,10324,12,WH_C,2004-11-07,39.11691367929832
10331,11,10331,11,WH_C,2004-11-17,31.971880763588484
10334,3,10334,3,WH_C,2004-11-20,37.87629584931439
10342,4,10342,4,WH_C,2004-11-24,32.17226934507171
10349,6,10349,6,WH_C,2004-12-01,34.245136334994584
10358,12,10358,12,WH_C,2004-12-11,38.667901435192256
10366,1,10366,1,WH_C,2005-01-10,32.37607068339477
10370,9,10370,9,WH_C,2005-01-20,33.45424166323253
10377,3,10377,3,WH_C,2005-02-09,34.06142881828261
10383,6,10383,6,WH_C,2005-02-22,34.62571051214444
10394,5,10394,5,WH_C,2005-03-17,32.29931101738052
10405,1,10405,1,WH_C,2005-04-14,34.267754400573864
10412,9,10412,9,WH_C,2005-05-03,34.47782678340572
10419,6,10419,6,WH_C,2005-05-17,34.66532404682569
10425,8,10425,8,WH_C,2005-06-01,33.829217236236644
10105,13,10105,13,WH_C,2003-02-11,33.582047383880465
10117,7,10117,7,WH_C,2003-04-16,33.342044273473235
10128,4,10128,4,WH_C,2003-06-06,34.53006363735423
10142,10,10142,10,WH_C,2003-08-08,33.587748349700384
10153,9,10153,9,WH_C,2003-09-30,34.092075969340215
10165,1,10165,1,WH_C,2003-10-22,33.34827346594129
10177,11,10177,11,WH_C,2003-11-09,39.3130872769834
10185,11,10185,11,WH_A,2003-11-14,51.427290904624975
10196,3,10196,3,WH_C,2003-11-26,32.900687775458046
10208,11,10208,11,WH_C,2004-01-02,34.107482076000494
10221,5,10221,5,WH_C,2004-02-18,33.541363991221615
10232,8,10232,8,WH_C,2004-03-22,34.48442217107547
10248,14,10248,14,WH_C,2004-05-07,33.021342544416456
10273,15,10273,15,WH_C,2004-07-22,33.29652785189729
10282,3,10282,3,WH_C,2004-08-21,39.36055849730373
10293,6,10293,6,WH_C,2004-09-09,32.42611312699694
10306,11,10306,11,WH_A,2004-10-15,51.511069763451175
10314,3,10314,3,WH_C,2004-10-22,33.38446084146089
10326,6,10326,6,WH_C,2004-11-09,33.17719118121951
10336,7,10336,7,WH_C,2004-11-22,32.543092225747316
10350,2,10350,2,WH_C,2004-12-02,33.60204449663634
10372,5,10372,5,WH_C,2005-01-27,32.74844301029374
10383,12,10383,12,WH_C,2005-02-22,32.369442987427405
10396,4,10396,4,WH_C,2005-03-24,32.424726105614226
10414,14,10414,14,WH_C,2005-05-06,32.18692671685565
10108,9,10108,9,WH_C,2003-03-03,34.55183683413759
10122,13,10122,13,WH_C,2003-05-08,34.63466288574806
10135,10,10135,10,WH_C,2003-07-02,32.960828307096364
10147,10,10147,10,WH_C,2003-09-05,34.02478976189566
10159,5,10159,5,WH_C,2003-10-10,33.183503318631324
10169,5,10169,5,WH_C,2003-11-04,34.205741782993684
10181,17,10181,17,WH_C,2003-11-12,34.54609113197586
10191,6,10191,6,WH_C,2003-11-20,35.00246715560746
10203,11,10203,11,WH_C,2003-12-02,32.875039035081784
10211,5,10211,5,WH_C,2004-01-15,34.337050566214415
10225,12,10225,12,WH_C,2004-02-24,33.18633037982588
10238,6,10238,6,WH_C,2004-04-09,34.582601551321375
10252,2,10252,2,WH_C,2004-05-26,31.71282141379415
10265,2,10265,2,WH_C,2004-07-02,33.43159444700724
10276,6,10276,6,WH_C,2004-08-02,33.586288856084735
10287,15,10287,15,WH_C,2004-08-30,34.25878960306888
10300,8,10300,8,WH_C,2003-10-06,32.33037669936844
10310,13,10310,13,WH_C,2004-10-17,39.49505981407849
10319,1,10319,1,WH_C,2004-11-03,32.26491654665874
10329,10,10329,10,WH_C,2004-11-15,34.093224111394136
10342,5,10342,5,WH_C,2004-11-24,32.327848729233025
10363,10,10363,10,WH_C,2005-01-06,33.07805888088319
10378,4,10378,4,WH_C,2005-02-10,33.781061315325545
10390,9,10390,9,WH_C,2005-03-04,33.08013082147559
10103,16,10103,16,WH_C,2003-01-29,32.27210234066197
10111,4,10111,4,WH_C,2003-03-27,32.31375619915488
10126,16,10126,16,WH_C,2003-05-28,33.58043127759525
10139,5,10139,5,WH_C,2003-07-17,33.906281464970746
10149,2,10149,2,WH_C,2003-09-12,34.766264157665894
10163,6,10163,6,WH_C,2003-10-21,32.5528503542135
10173,4,10173,4,WH_C,2003-11-05,32.8117084237459
10182,1,10182,1,WH_C,2003-11-13,31.916423813339104
10193,5,10193,5,WH_C,2003-11-21,31.692804198493242
10206,11,10206,11,WH_C,2003-12-05,33.64445208592653
10215,8,10215,8,WH_C,2004-01-29,33.54710351491718
10227,1,10227,1,WH_C,2004-03-02,32.31334526934383
10244,5,10244,5,WH_C,2004-04-29,33.05000923791569
10257,5,10257,5,WH_C,2004-06-14,32.0320329339977
10280,7,10280,7,WH_C,2004-08-17,34.46707591728422
10290,2,10290,2,WH_C,2004-09-07,34.99894215637508
10304,11,10304,11,WH_C,2004-10-11,32.112475210417145
10312,8,10312,8,WH_C,2004-10-21,32.563344597779306
10323,2,10323,2,WH_C,2004-11-07,39.90895036619976
10333,2,10333,2,WH_C,2004-11-18,34.90239922095486
10347,12,10347,12,WH_C,2004-11-29,32.98432026210541
10357,3,10357,3,WH_C,2004-12-11,37.53345255755005
10369,4,10369,4,WH_C,2005-01-20,31.765104188414057
10382,7,10382,7,WH_C,2005-02-17,33.58059000747275
10392,1,10392,1,WH_C,2005-03-11,33.05584710388713
10423,5,10423,5,WH_C,2005-06-01,31.88095406917664
10108,8,10108,8,WH_C,2003-03-03,33.40352356403662
10122,12,10122,12,WH_C,2003-05-08,32.060965576319
10135,9,10135,9,WH_C,2003-07-02,34.085283090438054
10147,9,10147,9,WH_C,2003-09-05,32.727958294265136
10159,4,10159,4,WH_C,2003-10-10,32.24156406019327
10169,4,10169,4,WH_C,2003-11-04,33.39980842645309
10181,16,10181,16,WH_C,2003-11-12,32.859431320355846
10191,5,10191,5,WH_C,2003-11-20,34.65339482880666
10203,10,10203,10,WH_C,2003-12-02,33.276934967040205
10211,4,10211,4,WH_C,2004-01-15,32.4655911250166
10225,11,10225,11,WH_C,2004-02-24,33.83540088414189
10238,5,10238,5,WH_C,2004-04-09,32.46541375794716
10252,1,10252,1,WH_C,2004-05-28,34.42333827327568
10265,1,10265,1,WH_C,2004-07-02,32.85217342197342
10276,5,10276,5,WH_C,2004-08-02,33.41426858287873
10287,14,10287,14,WH_C,2004-08-30,31.842943958723502
10300,7,10300,7,WH_C,2003-10-06,33.511508336416156
10310,12,10310,12,WH_C,2004-10-18,34.13018892479876
10320,5,10320,5,WH_C,2004-11-03,34.05293638628173
10330,3,10330,3,WH_C,2004-11-16,33.1087790819919
10342,7,10342,7,WH_C,2004-11-24,32.333909561062896
10355,7,10355,7,WH_C,2004-12-08,34.69557450973063
10363,11,10363,11,WH_C,2005-01-06,34.78724960301474
10378,10,10378,10,WH_C,2005-02-10,31.98166088660193
10390,1,10390,1,WH_C,2005-03-04,33.578691705722875
10109,2,10109,2,WH_C,2003-03-12,32.67046691889494
10123,4,10123,4,WH_C,2003-05-20,34.26129178698635
10137,4,10137,4,WH_C,2003-07-11,32.114089597915246
10148,11,10148,11,WH_C,2003-09-11,33.10602134858702
10161,10,10161,10,WH_C,2003-10-17,34.313457505289975
10172,8,10172,8,WH_C,2003-11-06,31.930061308426865
10181,4,10181,4,WH_C,2003-11-12,33.08773668338665
10192,9,10192,9,WH_C,2003-11-20,33.08411115481496
10204,15,10204,15,WH_C,2003-12-02,33.114360535110634
10212,8,10212,8,WH_C,2004-01-16,32.94093122375501
10226,6,10226,6,WH_C,2004-02-26,33.41293587600528
10240,1,10240,1,WH_C,2004-04-13,32.16058641099565
10253,3,10253,3,WH_C,2004-06-01,34.00765999062277
10266,4,10266,4,WH_C,2004-07-06,34.095673663394294
10278,4,10278,4,WH_C,2004-08-06,34.09670436493191
10287,2,10287,2,WH_C,2004-08-30,32.07573791199053
10301,6,10301,6,WH_C,2003-10-07,32.47417996190931
10311,11,10311,11,WH_C,2004-10-18,32.565110838510684
10321,8,10321,8,WH_C,2004-11-04,32.70379080092971
10331,12,10331,12,WH_C,2004-11-18,33.53660823845664
10343,2,10343,2,WH_C,2004-11-24,33.657685496084106
10367,6,10367,6,WH_C,2005-01-12,31.898306166776834
10379,4,10379,4,WH_C,2005-02-10,32.499662177308
10406,1,10406,1,WH_C,2005-04-15,33.23532073672632
10419,3,10419,3,WH_C,2005-05-17,33.79883256594482
10108,12,10108,12,WH_C,2003-03-03,32.961496985159144
10122,16,10122,16,WH_C,2003-05-08,33.71291687274001
10135,13,10135,13,WH_C,2003-07-02,32.795809835135415
10146,2,10146,2,WH_C,2003-09-05,34.41512673106568
10159,8,10159,8,WH_C,2003-10-10,35.037429525163965
10169,8,10169,8,WH_C,2003-11-04,32.53019202486297
10180,3,10180,3,WH_C,2003-11-11,32.30183884351278
10191,9,10191,9,WH_C,2003-11-20,32.846370553212736
10211,8,10211,8,WH_C,2004-01-15,32.412266376901016
10224,1,10224,1,WH_C,2004-02-23,34.26984639775429
10237,1,10237,1,WH_C,2004-04-06,34.15867792257089
10252,5,10252,5,WH_C,2004-05-27,34.41934521702491
10264,3,10264,3,WH_C,2004-06-30,34.86316141565423
10276,9,10276,9,WH_C,2004-08-02,33.224841614277594
10286,1,10286,1,WH_C,2004-08-30,32.34686130410547
10299,3,10299,3,WH_C,2004-10-01,33.889490614666116
10310,16,10310,16,WH_C,2004-10-16,37.807736807323394
10319,4,10319,4,WH_C,2004-11-03,33.912733303196504
10330,2,10330,2,WH_C,2004-11-16,32.910370519024966
10342,8,10342,8,WH_C,2004-11-26,31.8516771283615
10355,1,10355,1,WH_C,2004-12-07,34.883483568468236
10363,12,10363,12,WH_C,2005-01-06,32.381199319192156
10378,9,10378,9,WH_C,2005-02-10,35.152863750139275
10390,2,10390,2,WH_C,2005-03-04,34.59495453400917
10403,1,10403,1,WH_C,2005-04-08,34.095581176962895
10106,17,10106,17,WH_C,2003-02-17,34.11661344573109
10119,8,10119,8,WH_C,2003-04-28,34.058817457993385
10130,1,10130,1,WH_C,2003-06-16,34.318937590408304
10143,12,10143,12,WH_C,2003-08-11,32.61388191014662
10155,10,10155,10,WH_C,2003-10-07,33.4903547304786
10167,6,10167,6,WH_C,2003-10-23,33.47389085797437
10178,9,10178,9,WH_C,2003-11-10,33.47791102781347
10186,6,10186,6,WH_C,2003-11-14,33.20287184745849
10197,3,10197,3,WH_C,2003-11-26,32.60874876680809
10209,5,10209,5,WH_C,2004-01-09,33.61991796179835
10222,9,10222,9,WH_C,2004-02-19,34.29789241082961
10249,5,10249,5,WH_C,2004-05-10,32.568748282763764
10262,14,10262,14,WH_C,2004-06-24,34.86416466923673
10273,1,10273,1,WH_C,2004-07-21,33.6767013189761
10283,3,10283,3,WH_C,2004-08-20,34.39712481490972
10296,12,10296,12,WH_C,2004-09-15,33.298754115980586
10307,6,10307,6,WH_C,2004-10-16,39.458639894616724
10316,14,10316,14,WH_C,2004-11-02,32.239912044311176
10328,6,10328,6,WH_C,2004-11-13,39.832805730700315
10338,2,10338,2,WH_C,2004-11-22,31.87245813642645
10351,2,10351,2,WH_C,2004-12-03,34.63383524773681
10373,6,10373,6,WH_C,2005-01-31,34.61347044402977
10386,6,10386,6,WH_C,2005-03-01,32.769364207696924
10398,17,10398,17,WH_C,2005-03-30,32.243857771281924
10400,6,10400,6,WH_C,2005-04-01,34.47098356688706
10415,5,10415,5,WH_C,2005-05-09,32.39860650569519
10104,3,10104,3,WH_C,2003-01-31,34.26845338142542
10117,12,10117,12,WH_C,2003-04-17,31.98991929962089
10127,5,10127,5,WH_C,2003-06-03,32.02671263061569
10142,15,10142,15,WH_C,2003-08-08,34.615278893198436
10152,1,10152,1,WH_C,2003-09-26,33.77873030917718
10165,6,10165,6,WH_C,2003-10-22,34.77909084061381
10176,5,10176,5,WH_A,2003-11-07,49.92740979226712
10185,16,10185,16,WH_C,2003-11-15,38.65198255638672
10196,8,10196,8,WH_C,2003-11-26,33.54786335400887
10207,1,10207,1,WH_C,2003-12-09,33.474602917095666
10220,5,10220,5,WH_C,2004-02-13,33.91466335794994
10230,3,10230,3,WH_C,2004-03-17,34.003361274175845
10247,5,10247,5,WH_C,2004-05-05,33.565240870644615
10272,5,10272,5,WH_C,2004-07-20,32.55400322239002
10282,8,10282,8,WH_C,2004-08-20,34.21551484934055
10292,2,10292,2,WH_C,2004-09-08,32.87140881863465
10306,16,10306,16,WH_C,2004-10-14,33.93525051274214
10314,8,10314,8,WH_C,2004-10-22,33.082125071044814
10324,13,10324,13,WH_C,2004-11-07,38.66489476078738
10337,3,10337,3,WH_C,2004-11-22,34.31786478207958
10349,5,10349,5,WH_C,2004-12-01,32.323925391881914
10358,13,10358,13,WH_C,2004-12-10,32.24721276123846
10372,6,10372,6,WH_C,2005-01-27,32.30281767864713
10383,1,10383,1,WH_C,2005-02-22,34.2434520605436
10394,1,10394,1,WH_C,2005-03-17,34.86534567500526
10413,5,10413,5,WH_C,2005-05-05,32.111618061639206
10100,4,10100,4,WH_C,2003-01-07,34.06928751373117
10110,8,10110,8,WH_C,2003-03-18,32.80601673610842
10124,7,10124,7,WH_C,2003-05-21,33.50104428661079
10148,1,10148,1,WH_C,2003-09-11,34.498244489787396
10162,10,10162,10,WH_C,2003-10-20,32.637988885176775
10173,14,10173,14,WH_C,2003-11-06,33.06971060901736
10182,11,10182,11,WH_A,2003-11-12,49.002732781260846
10193,15,10193,15,WH_C,2003-11-22,37.132759540485466
10204,5,10204,5,WH_C,2003-12-02,33.09630048428174
10213,1,10213,1,WH_C,2004-01-23,32.2365422904993
10227,11,10227,11,WH_C,2004-03-02,33.503193773115015
10241,3,10241,3,WH_C,2004-04-13,33.53389276284254
10280,17,10280,17,WH_C,2004-08-17,33.50077656562545
10288,6,10288,6,WH_C,2004-09-01,32.29655976775585
10302,2,10302,2,WH_C,2003-10-08,32.60368640772852
10311,1,10311,1,WH_C,2004-10-16,38.79602247768316
10332,2,10332,2,WH_C,2004-11-17,35.29144070189835
10344,4,10344,4,WH_C,2004-11-27,37.20047370769396
10367,8,10367,8,WH_C,2005-01-12,34.50244570358593
10380,1,10380,1,WH_C,2005-02-16,34.04842447130773
10407,3,10407,3,WH_C,2005-04-22,33.688308975422416
10420,6,10420,6,WH_C,2005-05-30,33.904091374835986
10105,10,10105,10,WH_C,2003-02-11,32.5843122809959
10117,4,10117,4,WH_C,2003-04-16,32.23952702727176
10128,1,10128,1,WH_C,2003-06-06,34.05728294349561
10142,7,10142,7,WH_C,2003-08-08,32.82926634799978
10153,6,10153,6,WH_C,2003-09-29,34.46667695418948
10166,1,10166,1,WH_C,2003-10-21,32.88470217958712
10177,8,10177,8,WH_C,2003-11-09,37.62891970277101
10185,8,10185,8,WH_A,2003-11-14,51.169476274899345
10197,14,10197,14,WH_C,2003-11-26,33.19811931844839
10208,8,10208,8,WH_C,2004-01-02,33.32958656994194
10221,2,10221,2,WH_C,2004-02-18,33.80176091925995
10232,5,10232,5,WH_C,2004-03-22,35.07075860312944
10248,11,10248,11,WH_C,2004-05-07,33.99515582957926
10261,9,10261,9,WH_C,2004-06-17,34.38922160103371
10273,12,10273,12,WH_C,2004-07-21,33.857118212376136
10283,14,10283,14,WH_C,2004-08-20,34.541625852100694
10293,3,10293,3,WH_C,2004-09-09,32.52600017119468
10306,8,10306,8,WH_C,2004-10-14,31.716638124388464
10315,7,10315,7,WH_C,2004-10-29,32.481363933891316
10326,5,10326,5,WH_C,2004-11-09,32.67923024693887
10337,2,10337,2,WH_C,2004-11-22,33.642653766363736
10350,3,10350,3,WH_C,2004-12-02,34.22506133850278
10372,7,10372,7,WH_C,2005-01-26,33.41022445537489
10383,7,10383,7,WH_C,2005-02-22,31.879865929005746
10396,5,10396,5,WH_C,2005-03-23,33.842062019415295
10414,11,10414,11,WH_C,2005-05-06,32.87600553792084
10103,5,10103,5,WH_C,2003-01-29,33.741254646803014
10114,9,10114,9,WH_C,2003-04-02,33.50301986168094
10126,5,10126,5,WH_C,2003-05-28,32.7271920266554
10140,5,10140,5,WH_C,2003-07-25,32.76921044629634
10150,2,10150,2,WH_C,2003-09-19,32.68443215219468
10164,3,10164,3,WH_C,2003-10-21,34.59160365185035
10175,10,10175,10,WH_C,2003-11-07,34.9524878606741
10183,2,10183,2,WH_C,2003-11-15,38.58603108398155
10194,5,10194,5,WH_C,2003-11-25,32.48735964148979
10207,16,10207,16,WH_C,2003-12-09,32.817260656831316
10217,5,10217,5,WH_C,2004-02-04,34.19014645102503
10229,10,10229,10,WH_C,2004-03-11,34.517654372535624
10245,3,10245,3,WH_C,2004-05-04,32.026898890477554
10259,13,10259,13,WH_C,2004-06-15,31.748156719701864
10270,3,10270,3,WH_C,2004-07-19,33.98847668661567
10281,10,10281,10,WH_C,2004-08-19,32.88527888197157
10291,5,10291,5,WH_C,2004-09-08,32.47034257166381
10305,14,10305,14,WH_C,2004-10-13,32.21018504244492
10313,8,10313,8,WH_C,2004-10-22,33.228566877421216
10323,1,10323,1,WH_C,2004-11-07,39.16423943834202
10334,4,10334,4,WH_C,2004-11-20,39.61002852352135
10347,4,10347,4,WH_C,2004-11-29,33.8677356540068
10357,2,10357,2,WH_C,2004-12-11,38.26921561805811
10370,6,10370,6,WH_C,2005-01-20,32.63937165314625
10382,1,10382,1,WH_C,2005-02-17,34.0491436985227
10411,3,10411,3,WH_C,2005-05-02,33.25086982011922
10425,13,10425,13,WH_C,2005-05-31,33.707447497693806
10103,9,10103,9,WH_C,2003-01-29,32.80517565275662
10113,3,10113,3,WH_C,2003-03-27,32.423557345123825
10126,9,10126,9,WH_C,2003-05-28,31.980908224743693
10140,9,10140,9,WH_C,2003-07-24,32.87616423611027
10150,6,10150,6,WH_C,2003-09-19,32.314585660213126
10164,7,10164,7,WH_C,2003-10-21,32.523867608518245
10174,2,10174,2,WH_C,2003-11-07,34.570560938833125
10183,6,10183,6,WH_A,2003-11-13,50.2893127440512
10194,9,10194,9,WH_C,2003-11-25,33.23435963082715
10206,4,10206,4,WH_C,2003-12-05,34.4067666240974
10215,1,10215,1,WH_C,2004-01-29,34.88122834850586
10229,14,10229,14,WH_C,2004-03-11,33.447670163519376
10245,7,10245,7,WH_C,2004-05-04,34.29619014221766
10258,4,10258,4,WH_C,2004-06-15,32.61838735563548
10270,7,10270,7,WH_C,2004-07-19,32.546375894915435
10281,14,10281,14,WH_C,2004-08-19,33.139702255843176
10291,9,10291,9,WH_C,2004-09-08,34.08929802954277
10304,4,10304,4,WH_C,2004-10-11,33.82681373120142
10312,1,10312,1,WH_C,2004-10-21,32.57152330571385
10324,6,10324,6,WH_C,2004-11-07,37.585674933323546
10333,8,10333,8,WH_C,2004-11-18,33.65733475707357
10348,6,10348,6,WH_C,2004-11-01,32.14909604135275
10358,8,10358,8,WH_C,2004-12-10,33.43093076077899
10370,2,10370,2,WH_C,2005-01-21,34.3294337749126
10382,2,10382,2,WH_C,2005-02-18,33.80499084651629
10411,7,10411,7,WH_C,2005-05-02,33.88578763872475
10424,4,10424,4,WH_C,2005-05-31,34.79375376287534
10108,11,10108,11,WH_C,2003-03-03,33.62775368218668
10122,15,10122,15,WH_C,2003-05-08,33.802288118164654
10135,12,10135,12,WH_C,2003-07-02,34.047858918268645
10146,1,10146,1,WH_C,2003-09-03,32.20482361523065
10159,7,10159,7,WH_C,2003-10-10,31.956196206194175
10169,7,10169,7,WH_C,2003-11-04,32.983183717653134
10180,2,10180,2,WH_C,2003-11-11,32.96701993593878
10191,8,10191,8,WH_C,2003-11-22,38.75267145325931
10211,7,10211,7,WH_C,2004-01-15,34.38453928391144
10225,14,10225,14,WH_C,2004-02-24,32.59368764853926
10238,8,10238,8,WH_C,2004-04-09,32.16889060762816
10252,4,10252,4,WH_C,2004-05-27,35.07978866950192
10264,2,10264,2,WH_C,2004-06-30,32.299311229031446
10276,8,10276,8,WH_C,2004-08-02,33.04773107410753
10287,17,10287,17,WH_C,2004-08-30,33.85491062329007
10299,2,10299,2,WH_C,2004-09-30,33.36394606951451
10310,15,10310,15,WH_C,2004-10-18,32.30680281199071
10319,3,10319,3,WH_C,2004-11-05,31.851679027493205
10330,4,10330,4,WH_C,2004-11-16,32.61316731189473
10342,11,10342,11,WH_C,2004-11-24,33.36879005050993
10355,2,10355,2,WH_C,2004-12-08,33.52918339361776
10363,13,10363,13,WH_C,2005-01-06,32.847940072387885
10378,8,10378,8,WH_C,2005-02-10,34.24620244126971
10390,3,10390,3,WH_C,2005-03-04,34.65120574097402
10110,9,10110,9,WH_C,2003-03-18,31.978802758921656
10124,8,10124,8,WH_C,2003-05-21,33.50855367268535
10148,2,10148,2,WH_C,2003-09-11,33.71942546415967
10161,1,10161,1,WH_C,2003-10-17,32.68558151767209
10173,15,10173,15,WH_C,2003-11-07,33.04958308215669
10182,12,10182,12,WH_C,2003-11-14,33.60534032286589
10193,16,10193,16,WH_C,2003-11-21,34.39944501936192
10204,6,10204,6,WH_C,2003-12-03,34.62487342453273
10213,2,10213,2,WH_C,2004-01-23,33.9593456779326
10227,12,10227,12,WH_C,2004-03-02,34.568071902247056
10241,4,10241,4,WH_C,2004-04-13,32.79064433413704
10267,1,10267,1,WH_C,2004-07-07,33.656730962792565
10279,1,10279,1,WH_C,2004-08-11,33.278575044554515
10288,7,10288,7,WH_C,2004-09-01,32.21850106584396
10302,3,10302,3,WH_C,2003-10-07,33.765805850882245
10311,2,10311,2,WH_C,2004-10-18,33.457361084193465
10332,3,10332,3,WH_C,2004-11-17,32.715004271407146
10344,5,10344,5,WH_C,2004-11-27,39.87495487046553
10367,9,10367,9,WH_C,2005-01-12,32.39416154343061
10380,2,10380,2,WH_C,2005-02-16,33.04767968968626
10407,4,10407,4,WH_C,2005-04-22,32.58047125448846
10420,7,10420,7,WH_C,2005-05-30,34.12349128518415
10110,13,10110,13,WH_C,2003-03-18,33.725009749056795
10124,12,10124,12,WH_C,2003-05-21,33.40408115438923
10148,6,10148,6,WH_C,2003-09-11,34.290078640036064
10161,5,10161,5,WH_C,2003-10-17,33.090692843673835
10172,3,10172,3,WH_C,2003-11-07,33.88795714983383
10182,16,10182,16,WH_C,2003-11-13,33.40172743934038
10192,4,10192,4,WH_C,2003-11-20,33.09019571904327
10204,10,10204,10,WH_C,2003-12-02,35.157151629441515
10212,3,10212,3,WH_C,2004-01-16,33.01308392267863
10226,1,10226,1,WH_C,2004-02-26,31.970995174244553
10241,8,10241,8,WH_C,2004-04-13,33.36654228460614
10267,5,10267,5,WH_C,2004-07-07,35.31010552220886
10279,5,10279,5,WH_C,2004-08-11,32.7494938492984
10288,11,10288,11,WH_C,2004-09-01,31.94631116293489
10301,1,10301,1,WH_C,2003-10-07,32.6572668290611
10311,6,10311,6,WH_C,2004-10-18,33.41441731265738
10321,3,10321,3,WH_C,2004-11-05,32.33966469253546
10332,4,10332,4,WH_C,2004-11-17,33.835856225993155
10344,7,10344,7,WH_C,2004-11-27,39.71993047602025
10367,10,10367,10,WH_C,2005-01-12,33.61180658282608
10380,3,10380,3,WH_C,2005-02-16,33.48608423110455
10407,8,10407,8,WH_C,2005-04-22,33.25332223045169
10420,11,10420,11,WH_C,2005-05-30,32.062626818761274
10104,6,10104,6,WH_C,2003-01-31,34.79725941639231
10115,2,10115,2,WH_C,2003-04-04,32.975960276712875
10127,8,10127,8,WH_C,2003-06-03,32.77412184946998
10141,2,10141,2,WH_C,2003-08-01,34.281730377993625
10152,4,10152,4,WH_C,2003-09-26,33.0576646255646
10165,9,10165,9,WH_C,2003-10-22,33.84638494532254
10176,8,10176,8,WH_C,2003-11-08,36.82498822692348
10184,3,10184,3,WH_C,2003-11-16,39.623336135660125
10195,3,10195,3,WH_C,2003-11-25,34.53432906687008
10207,4,10207,4,WH_C,2003-12-09,33.59457475855489
10220,8,10220,8,WH_C,2004-02-13,34.48011539264281
10230,6,10230,6,WH_C,2004-03-15,32.183915333142124
10246,2,10246,2,WH_C,2004-05-05,33.29220840372699
10259,1,10259,1,WH_C,2004-06-15,33.56959799934312
10271,2,10271,2,WH_C,2004-07-20,33.38310941631407
10282,11,10282,11,WH_C,2004-08-20,33.00693258703214
10292,5,10292,5,WH_C,2004-09-09,33.437139153043034
10305,2,10305,2,WH_C,2004-10-13,32.00191369360432
10314,11,10314,11,WH_C,2004-10-22,32.89733858668522
10324,14,10324,14,WH_C,2004-11-07,37.22162610423182
10336,4,10336,4,WH_C,2004-11-22,34.342986011682726
10349,4,10349,4,WH_C,2004-12-01,32.37063615755643
10358,14,10358,14,WH_C,2004-12-10,32.15024441857298
10371,12,10371,12,WH_C,2005-01-24,33.40021902541405
10383,2,10383,2,WH_C,2005-02-22,34.07604423092318
10394,2,10394,2,WH_C,2005-03-16,34.34963014622825
10412,2,10412,2,WH_C,2005-05-03,33.338133315148475
10425,1,10425,1,WH_C,2005-05-31,33.431861650633614
10107,3,10107,3,WH_C,2003-02-25,34.0194742006398
10120,1,10120,1,WH_C,2003-04-29,33.56138023491472
10134,3,10134,3,WH_C,2003-07-01,31.877491490412456
10145,7,10145,7,WH_C,2003-08-25,33.36922869060756
10159,15,10159,15,WH_C,2003-10-10,34.517588222141725
10168,2,10168,2,WH_C,2003-10-28,32.883675856255394
10180,10,10180,10,WH_C,2003-11-11,32.52500779233188
10188,2,10188,2,WH_C,2003-11-18,32.39041761409375
10201,3,10201,3,WH_C,2003-12-01,32.49735304110835
10211,15,10211,15,WH_C,2004-01-15,33.03312165690163
10223,2,10223,2,WH_C,2004-02-20,33.44748547398225
10237,8,10237,8,WH_C,2004-04-07,31.92779720013763
10251,3,10251,3,WH_C,2004-05-18,34.48084990472717
10263,3,10263,3,WH_C,2004-06-29,34.170807102341755
10275,2,10275,2,WH_C,2004-07-23,33.416320081528426
10285,7,10285,7,WH_C,2004-08-27,34.73954678215256
10299,10,10299,10,WH_C,2004-10-01,32.07242486852009
10309,6,10309,6,WH_A,2004-10-15,50.36995022764836
10318,2,10318,2,WH_C,2004-11-02,33.91138668167277
10329,7,10329,7,WH_C,2004-11-15,34.45464183710206
10339,10,10339,10,WH_C,2004-11-23,34.291769327072814
10362,2,10362,2,WH_C,2005-01-05,32.551480529547035
10374,6,10374,6,WH_C,2005-02-02,34.76522587538654
10389,1,10389,1,WH_C,2005-03-03,32.2894571376306
10403,8,10403,8,WH_C,2005-04-08,34.731059361602924
10417,3,10417,3,WH_C,2005-05-13,34.86900687707035
10110,15,10110,15,WH_C,2003-03-18,32.69305748892474
10123,1,10123,1,WH_C,2003-05-20,34.492503228190714
10137,1,10137,1,WH_C,2003-07-11,31.907223062185853
10148,8,10148,8,WH_C,2003-09-11,32.95113279568564
10161,7,10161,7,WH_C,2003-10-17,33.31356699804417
10172,5,10172,5,WH_C,2003-11-07,33.62808494320505
10181,1,10181,1,WH_C,2003-11-13,34.75903637938933
10192,6,10192,6,WH_C,2003-11-21,33.65607882766315
10204,12,10204,12,WH_C,2003-12-03,33.28522076420515
10212,5,10212,5,WH_C,2004-01-16,34.29420265367824
10226,3,10226,3,WH_C,2004-02-26,35.22572093054794
10241,10,10241,10,WH_C,2004-04-13,32.10008970553065
10266,1,10266,1,WH_C,2004-07-06,34.89656864927417
10278,1,10278,1,WH_C,2004-08-06,32.2264826446813
10288,13,10288,13,WH_C,2004-09-01,34.22926129242714
10301,3,10301,3,WH_C,2003-10-07,32.676136403929746
10311,8,10311,8,WH_C,2004-10-16,37.17750088434316
10321,5,10321,5,WH_C,2004-11-05,33.00055462704336
10332,5,10332,5,WH_C,2004-11-18,33.58987985587661
10343,6,10343,6,WH_C,2004-11-24,32.848717864029744
10367,11,10367,11,WH_C,2005-01-12,31.779501692726
10379,3,10379,3,WH_C,2005-02-10,34.21461094740704
10407,10,10407,10,WH_C,2005-04-22,34.86081750792725
10420,13,10420,13,WH_C,2005-05-30,33.602891660219754
10106,4,10106,4,WH_C,2003-02-18,32.400532145518525
10120,10,10120,10,WH_C,2003-04-29,32.9571697970333
10133,5,10133,5,WH_C,2003-06-27,32.29484766770319
10145,16,10145,16,WH_C,2003-08-25,34.08211752526931
10168,11,10168,11,WH_C,2003-10-28,34.81479053511612
10210,9,10210,9,WH_C,2004-01-13,33.3834469286284
10223,11,10223,11,WH_C,2004-02-20,33.06479550298436
10235,5,10235,5,WH_C,2004-04-02,34.6807791921957
10250,6,10250,6,WH_C,2004-05-11,33.53135930245756
10262,1,10262,1,WH_C,2004-06-24,34.56404373844974
10275,11,10275,11,WH_C,2004-07-24,38.95925240804798
10284,3,10284,3,WH_C,2004-08-23,34.38544018420053
10297,6,10297,6,WH_C,2004-09-16,33.458122259431754
10308,9,10308,9,WH_C,2004-10-15,33.069292637162356
10316,1,10316,1,WH_C,2004-11-02,34.89344447695886
10328,14,10328,14,WH_C,2004-11-12,33.39387294765643
10339,7,10339,7,WH_C,2004-11-23,33.51940686479104
10353,2,10353,2,WH_C,2004-12-06,32.764135771780516
10374,3,10374,3,WH_C,2005-02-02,33.80772822377632
10386,11,10386,11,WH_C,2005-03-02,33.98618298692571
10398,16,10398,16,WH_C,2005-03-30,32.7756920971439
10401,5,10401,5,WH_C,2005-04-05,31.911213471222084
10416,6,10416,6,WH_C,2005-05-10,34.00384067180415
10101,3,10101,3,WH_C,2003-01-09,34.119793168353574
10110,3,10110,3,WH_C,2003-03-18,33.27927191980298
10124,2,10124,2,WH_C,2003-05-21,33.0008079911301
10149,7,10149,7,WH_C,2003-09-12,33.79831392896264
10162,5,10162,5,WH_C,2003-10-20,32.37151270227176
10173,9,10173,9,WH_C,2003-11-07,32.9390659668602
10182,6,10182,6,WH_C,2003-11-13,32.372392294917816
10193,10,10193,10,WH_C,2003-11-23,37.217710081923485
10205,5,10205,5,WH_C,2003-12-04,32.43059883743696
10214,3,10214,3,WH_C,2004-01-27,33.558817952623585
10227,6,10227,6,WH_C,2004-03-02,31.91803777862253
10243,1,10243,1,WH_C,2004-04-26,32.8094059306514
10280,12,10280,12,WH_C,2004-08-18,33.31237727112525
10288,1,10288,1,WH_C,2004-09-01,33.106481380796524
10304,16,10304,16,WH_C,2004-10-11,32.78219821245372
10312,13,10312,13,WH_C,2004-10-22,34.6362437066189
10322,3,10322,3,WH_C,2004-11-06,37.61936342520907
10332,6,10332,6,WH_C,2004-11-19,33.28788735831896
10344,6,10344,6,WH_C,2004-11-27,37.14266452935173
10356,5,10356,5,WH_C,2004-12-09,31.864563884716276
10367,13,10367,13,WH_C,2005-01-12,33.35000925990807
10380,4,10380,4,WH_C,2005-02-16,33.691579702456785
10391,8,10391,8,WH_C,2005-03-09,34.74037693482681
10409,1,10409,1,WH_C,2005-04-25,33.346207248544786
10420,1,10420,1,WH_C,2005-05-30,34.93828540493651
10107,7,10107,7,WH_C,2003-02-26,31.804337264758015
10120,5,10120,5,WH_C,2003-04-29,32.23609324759761
10134,7,10134,7,WH_C,2003-07-01,31.873618775239564
10145,11,10145,11,WH_C,2003-08-25,32.89631146607407
10158,1,10158,1,WH_C,2003-10-10,33.38507761743972
10168,6,10168,6,WH_C,2003-10-28,33.83120742410023
10180,14,10180,14,WH_C,2003-11-11,31.935791437680688
10188,6,10188,6,WH_C,2003-11-19,35.02281881915375
10201,7,10201,7,WH_C,2003-12-01,34.21718490617067
10210,4,10210,4,WH_C,2004-01-12,32.5311574595611
10223,6,10223,6,WH_C,2004-02-20,32.41369952342829
10236,3,10236,3,WH_C,2004-04-05,32.85125705614159
10250,1,10250,1,WH_C,2004-05-11,32.83522303321426
10263,7,10263,7,WH_C,2004-06-28,32.12687748117228
10275,6,10275,6,WH_C,2004-07-23,33.32893439434371
10285,11,10285,11,WH_C,2004-08-27,32.56292209109888
10297,1,10297,1,WH_C,2004-09-16,33.21811909622565
10308,4,10308,4,WH_C,2004-10-17,39.90701316552105
10318,6,10318,6,WH_C,2004-11-02,33.831636066925654
10329,4,10329,4,WH_C,2004-11-15,34.6934596713176
10340,8,10340,8,WH_C,2004-11-26,32.037101005657476
10363,8,10363,8,WH_C,2005-01-06,33.412779569669766
10375,9,10375,9,WH_C,2005-02-03,33.38070635863315
10389,2,10389,2,WH_C,2005-03-03,32.193076970795985
10402,3,10402,3,WH_C,2005-04-07,31.954132568218274
10416,1,10416,1,WH_C,2005-05-10,33.713871243103654
10105,9,10105,9,WH_C,2003-02-11,33.64232697465873
10117,3,10117,3,WH_C,2003-04-18,32.840936613468074
10129,9,10129,9,WH_C,2003-06-13,33.73783205129034
10142,6,10142,6,WH_C,2003-08-08,33.55474081497793
10153,5,10153,5,WH_C,2003-09-30,31.77908047433758
10167,16,10167,16,WH_C,2003-10-23,32.80434990015476
10177,7,10177,7,WH_C,2003-11-09,37.63472046235751
10185,7,10185,7,WH_A,2003-11-14,49.27770348914666
10197,13,10197,13,WH_C,2003-11-27,35.16080724231791
10208,7,10208,7,WH_C,2004-01-02,33.42808077784419
10221,1,10221,1,WH_C,2004-02-18,34.35537076358074
10232,4,10232,4,WH_C,2004-03-22,32.984476319520795
10248,10,10248,10,WH_C,2004-05-07,33.32743494625891
10261,8,10261,8,WH_C,2004-06-17,32.7183076382951
10273,11,10273,11,WH_C,2004-07-21,32.67812999101075
10283,13,10283,13,WH_C,2004-08-21,37.38747723242396
10293,2,10293,2,WH_C,2004-09-10,34.72043981982115
10306,7,10306,7,WH_C,2004-10-14,33.695610615116365
10315,6,10315,6,WH_C,2004-10-29,33.77040319535243
10326,4,10326,4,WH_C,2004-11-09,33.24981661501517
10337,4,10337,4,WH_C,2004-11-22,34.400299375440525
10350,7,10350,7,WH_C,2004-12-02,31.97015817457068
10372,8,10372,8,WH_C,2005-01-28,32.67746003720757
10384,3,10384,3,WH_C,2005-02-23,33.08531445156483
10396,6,10396,6,WH_C,2005-03-25,34.352220110026565
10414,10,10414,10,WH_C,2005-05-06,34.70277384465621
10101,2,10101,2,WH_C,2003-01-10,32.33030371068166
10110,2,10110,2,WH_C,2003-03-18,34.354375245571845
10124,1,10124,1,WH_C,2003-05-21,34.293907051210724
10149,6,10149,6,WH_C,2003-09-12,32.37492177759809
10162,4,10162,4,WH_C,2003-10-20,33.08879018348685
10173,8,10173,8,WH_A,2003-11-05,50.19694809306564
10182,5,10182,5,WH_C,2003-11-14,34.73007253005676
10193,9,10193,9,WH_C,2003-11-22,37.15778405196036
10205,4,10205,4,WH_C,2003-12-03,34.58290761403475
10214,2,10214,2,WH_C,2004-01-28,32.725256457367735
10227,5,10227,5,WH_C,2004-03-02,34.35067954496989
10244,9,10244,9,WH_C,2004-04-30,33.08943394857052
10255,2,10255,2,WH_C,2004-06-04,34.040467274582426
10280,11,10280,11,WH_C,2004-08-18,34.3873009897792
10289,4,10289,4,WH_C,2004-09-03,34.09417628389793
10304,15,10304,15,WH_C,2004-10-11,34.5853921352854
10312,12,10312,12,WH_C,2004-10-23,36.921719552902715
10322,4,10322,4,WH_C,2004-11-05,33.741091472038995
10332,10,10332,10,WH_C,2004-11-19,32.04233372519087
10345,1,10345,1,WH_C,2004-11-27,38.38413777773087
10356,7,10356,7,WH_C,2004-12-09,33.59342019942054
10367,12,10367,12,WH_C,2005-01-12,33.45137830644645
10380,5,10380,5,WH_C,2005-02-16,33.16710417667229
10391,1,10391,1,WH_C,2005-03-10,34.609831630933016
10421,2,10421,2,WH_C,2005-05-31,32.23969169961406
10103,1,10103,1,WH_C,2003-01-29,33.673068172811796
10114,5,10114,5,WH_C,2003-04-01,33.030291960655674
10126,1,10126,1,WH_C,2003-05-28,32.16866470173839
10140,1,10140,1,WH_C,2003-07-24,32.82843532784604
10151,8,10151,8,WH_C,2003-09-23,34.528575764710595
10165,17,10165,17,WH_C,2003-10-22,34.879492919103114
10175,6,10175,6,WH_C,2003-11-08,39.37239218598467
10184,11,10184,11,WH_C,2003-11-15,39.64299339789201
10194,1,10194,1,WH_C,2003-11-25,32.33842481666035
10207,12,10207,12,WH_C,2003-12-09,33.478822868578746
10217,1,10217,1,WH_C,2004-02-06,34.05018734372223
10229,6,10229,6,WH_C,2004-03-11,33.5496912753468
10246,10,10246,10,WH_C,2004-05-05,33.248479934857585
10259,9,10259,9,WH_C,2004-06-15,33.41010728847391
10271,10,10271,10,WH_C,2004-07-20,33.400186918327606
10281,6,10281,6,WH_C,2004-08-19,33.537927703169416
10291,1,10291,1,WH_C,2004-09-08,32.551577247653924
10305,10,10305,10,WH_C,2004-10-13,33.368359560787425
10313,4,10313,4,WH_C,2004-10-23,38.56227269644276
10324,2,10324,2,WH_C,2004-11-07,38.48761055831105
10334,5,10334,5,WH_C,2004-11-20,37.482646567167244
10348,1,10348,1,WH_C,2004-11-01,33.84953817492581
10358,7,10358,7,WH_C,2004-12-10,31.95047841380727
10371,5,10371,5,WH_C,2005-01-25,32.67298153308376
10382,3,10382,3,WH_C,2005-02-18,33.98347784427277
10412,10,10412,10,WH_C,2005-05-03,33.85111488442237
10425,9,10425,9,WH_C,2005-06-01,32.40466308138238
10108,15,10108,15,WH_C,2003-03-03,34.35418870914553
10121,2,10121,2,WH_C,2003-05-07,33.358903723631954
10135,16,10135,16,WH_C,2003-07-02,34.34471925303838
10145,3,10145,3,WH_C,2003-08-25,33.8394380563747
10159,11,10159,11,WH_C,2003-10-11,38.46837419257959
10169,11,10169,11,WH_C,2003-11-04,33.126561466677316
10180,6,10180,6,WH_C,2003-11-11,32.07150072174298
10190,3,10190,3,WH_C,2003-11-19,32.84654260924433
10211,11,10211,11,WH_C,2004-01-15,33.59828515651971
10224,4,10224,4,WH_C,2004-02-23,33.73991714209187
10237,4,10237,4,WH_C,2004-04-05,33.74833858366384
10252,8,10252,8,WH_C,2004-05-28,32.5849691498407
10264,6,10264,6,WH_C,2004-06-30,32.04863596044625
10276,12,10276,12,WH_C,2004-08-02,33.09981624845118
10285,3,10285,3,WH_C,2004-08-27,32.61146721844216
10299,6,10299,6,WH_C,2004-10-01,33.857493941448624
10309,2,10309,2,WH_C,2004-10-15,32.37318728220832
10319,7,10319,7,WH_C,2004-11-05,33.39466018752992
10330,1,10330,1,WH_C,2004-11-16,34.44581358507197
10341,6,10341,6,WH_C,2004-11-26,32.401948095267045
10355,3,10355,3,WH_C,2004-12-07,33.189758809537565
10363,14,10363,14,WH_C,2005-01-06,31.958824361206496
10375,14,10375,14,WH_C,2005-02-03,34.07475997657745
10390,4,10390,4,WH_C,2005-03-04,33.50475317861768
10403,4,10403,4,WH_C,2005-04-08,33.176257188301
10110,11,10110,11,WH_C,2003-03-18,33.806433005920326
10124,10,10124,10,WH_C,2003-05-21,34.65452675089341
10148,4,10148,4,WH_C,2003-09-11,32.968582620517424
10161,3,10161,3,WH_C,2003-10-17,32.52956174507053
10172,1,10172,1,WH_A,2003-11-05,51.58887774489759
10182,14,10182,14,WH_C,2003-11-14,33.34466225901406
10192,2,10192,2,WH_C,2003-11-22,39.47877127056009
10204,8,10204,8,WH_C,2003-12-03,33.40359559119261
10212,1,10212,1,WH_C,2004-01-16,34.336783900679144
10227,14,10227,14,WH_C,2004-03-02,33.33431937380615
10241,6,10241,6,WH_C,2004-04-13,34.09399940702717
10267,3,10267,3,WH_C,2004-07-07,34.635583104828754
10279,3,10279,3,WH_C,2004-08-09,34.00984105599463
10288,9,10288,9,WH_C,2004-09-01,32.29904491525794
10302,5,10302,5,WH_C,2003-10-07,32.976028457723274
10311,4,10311,4,WH_C,2004-10-18,32.36702393586263
10321,1,10321,1,WH_C,2004-11-05,32.48973022918565
10332,7,10332,7,WH_C,2004-11-19,33.17032159356736
10346,1,10346,1,WH_C,2004-11-29,34.02262691179965
10368,2,10368,2,WH_C,2005-01-19,33.436196572530605
10380,6,10380,6,WH_C,2005-02-16,33.1742781510342
10407,6,10407,6,WH_C,2005-04-22,34.20281441793205
10420,9,10420,9,WH_C,2005-05-30,31.85306711868564
10104,10,10104,10,WH_C,2003-01-31,32.66909289503489
10114,1,10114,1,WH_C,2003-04-03,32.23758759919866
10127,12,10127,12,WH_C,2003-06-03,33.16391292497448
10141,6,10141,6,WH_C,2003-08-01,32.786088480304414
10151,4,10151,4,WH_C,2003-09-22,33.11608305046771
10165,13,10165,13,WH_C,2003-10-24,33.4865317104496
10175,2,10175,2,WH_C,2003-11-08,39.4708163879982
10184,7,10184,7,WH_A,2003-11-14,49.03760980616722
10195,7,10195,7,WH_C,2003-11-25,33.665058776059084
10207,8,10207,8,WH_C,2003-12-09,34.352716337401866
10219,3,10219,3,WH_C,2004-02-12,34.23635794114461
10229,2,10229,2,WH_C,2004-03-11,34.40553434450837
10246,6,10246,6,WH_C,2004-05-05,31.722572319417953
10259,5,10259,5,WH_C,2004-06-15,32.23652319339327
10271,6,10271,6,WH_C,2004-07-20,34.686902229792906
10281,2,10281,2,WH_C,2004-08-19,33.13839072299036
10292,9,10292,9,WH_C,2004-09-09,33.52632036165562
10305,6,10305,6,WH_C,2004-10-13,33.906581933940295
10314,15,10314,15,WH_C,2004-10-22,34.288568232826634
10324,9,10324,9,WH_C,2004-11-07,39.42625705839709
10335,2,10335,2,WH_C,2004-11-20,39.87551470908218
10349,3,10349,3,WH_C,2004-12-01,34.32700969810841
10358,4,10358,4,WH_C,2004-12-11,37.85307499459172
10371,8,10371,8,WH_C,2005-01-25,34.560001254483026
10383,3,10383,3,WH_C,2005-02-22,31.803864546024926
10394,6,10394,6,WH_C,2005-03-15,32.392503299350935
10412,6,10412,6,WH_C,2005-05-03,34.36691982100558
10425,5,10425,5,WH_C,2005-05-31,33.22931092850371
10106,13,10106,13,WH_C,2003-02-17,32.606454535443504
10119,4,10119,4,WH_C,2003-04-28,32.29956195061702
10131,5,10131,5,WH_C,2003-06-16,34.96861349853177
10143,8,10143,8,WH_C,2003-08-11,33.601399810477176
10155,6,10155,6,WH_C,2003-10-08,33.70561637514465
10167,2,10167,2,WH_C,2003-10-23,32.99407634792338
10178,5,10178,5,WH_C,2003-11-10,34.095011754149745
10186,2,10186,2,WH_C,2003-11-14,34.41890420142622
10198,5,10198,5,WH_C,2003-11-27,33.39111383094911
10209,1,10209,1,WH_C,2004-01-09,33.36103035310694
10222,5,10222,5,WH_C,2004-02-19,32.240514373380776
10249,1,10249,1,WH_C,2004-05-10,34.5900539155899
10262,10,10262,10,WH_C,2004-06-24,33.55070298399902
10274,2,10274,2,WH_C,2004-07-21,34.657865257171395
10284,12,10284,12,WH_C,2004-08-23,33.22003537535549
10296,8,10296,8,WH_C,2004-09-15,34.156239944000255
10307,2,10307,2,WH_C,2004-10-15,34.18568826050736
10316,10,10316,10,WH_C,2004-11-01,33.720743515932185
10328,1,10328,1,WH_C,2004-11-12,35.17029247376948
10339,12,10339,12,WH_C,2004-11-23,33.05103527695853
10351,5,10351,5,WH_C,2004-12-03,32.65988701532666
10373,7,10373,7,WH_C,2005-01-31,34.034117935002485
10386,1,10386,1,WH_C,2005-03-01,33.879560638248236
10398,3,10398,3,WH_C,2005-03-30,33.60042090797809
10400,2,10400,2,WH_C,2005-04-01,32.60704241385338
10415,1,10415,1,WH_C,2005-05-09,33.46764098789215
10110,10,10110,10,WH_C,2003-03-18,32.83574706975733
10124,9,10124,9,WH_C,2003-05-21,32.95406848348297
10148,3,10148,3,WH_C,2003-09-11,33.566109390984195
10161,2,10161,2,WH_C,2003-10-17,33.85022093880393
10173,16,10173,16,WH_C,2003-11-07,32.3691902331323
10182,13,10182,13,WH_C,2003-11-13,33.25853869708405
10192,1,10192,1,WH_C,2003-11-21,32.53226648204357
10204,7,10204,7,WH_C,2003-12-03,32.52013526778495
10213,3,10213,3,WH_C,2004-01-23,34.44117685428995
10227,13,10227,13,WH_C,2004-03-02,34.373626164672885
10241,5,10241,5,WH_C,2004-04-13,33.51839169171082
10267,2,10267,2,WH_C,2004-07-07,33.88118264242644
10279,2,10279,2,WH_C,2004-08-11,34.56865700276987
10288,8,10288,8,WH_C,2004-09-01,34.28545401659163
10302,4,10302,4,WH_C,2003-10-08,32.292740586519514
10311,3,10311,3,WH_C,2004-10-18,34.49740629820893
10332,11,10332,11,WH_C,2004-11-19,32.88579212392109
10346,5,10346,5,WH_C,2004-11-30,32.78986921746119
10368,5,10368,5,WH_C,2005-01-19,32.58203496800358
10380,7,10380,7,WH_C,2005-02-16,33.3003249991086
10407,5,10407,5,WH_C,2005-04-22,32.59637625876283
10420,8,10420,8,WH_C,2005-05-30,32.442617307090686
10109,6,10109,6,WH_C,2003-03-12,32.802833293902424
10122,4,10122,4,WH_C,2003-05-08,34.148061523277796
10135,1,10135,1,WH_C,2003-07-02,34.98424616816828
10147,1,10147,1,WH_C,2003-09-05,33.25303752889876
10160,2,10160,2,WH_C,2003-10-13,34.27712683819921
10171,4,10171,4,WH_A,2003-11-05,51.54069176931615
10181,8,10181,8,WH_A,2003-11-12,51.2635971411928
10192,13,10192,13,WH_C,2003-11-22,37.91047952489957
10203,2,10203,2,WH_C,2003-12-04,33.68540309924222
10212,12,10212,12,WH_C,2004-01-17,39.52439346543049
10225,3,10225,3,WH_C,2004-02-24,34.03603829042315
10239,2,10239,2,WH_C,2004-04-12,33.062854108064045
10253,7,10253,7,WH_C,2004-06-01,33.50222102072482
10266,8,10266,8,WH_C,2004-07-06,33.61167556632774
10278,8,10278,8,WH_C,2004-08-06,33.269134449489115
10287,6,10287,6,WH_C,2004-08-31,32.58052180668568
10301,10,10301,10,WH_C,2003-10-07,33.15723695598078
10310,4,10310,4,WH_A,2004-10-18,51.3910611374767
10321,12,10321,12,WH_C,2004-11-06,39.316823096970694
10331,13,10331,13,WH_C,2004-11-19,32.09619455180602
10342,9,10342,9,WH_C,2004-11-26,34.92728426116646
10355,4,10355,4,WH_C,2004-12-08,33.42462100975995
10367,2,10367,2,WH_C,2005-01-12,34.305639002359
10378,7,10378,7,WH_C,2005-02-10,33.86762851620501
10390,5,10390,5,WH_C,2005-03-04,34.47957750485058
10405,2,10405,2,WH_C,2005-04-14,34.511639331845856
10419,7,10419,7,WH_C,2005-05-17,32.70394069399871
10105,4,10105,4,WH_C,2003-02-11,34.52771755120907
10119,13,10119,13,WH_C,2003-04-28,32.58771173410349
10129,4,10129,4,WH_C,2003-06-12,34.37696305469261
10142,1,10142,1,WH_C,2003-08-08,33.9893530550718
10154,2,10154,2,WH_C,2003-10-02,33.70740096626574
10167,11,10167,11,WH_C,2003-10-23,32.510193207095284
10177,2,10177,2,WH_C,2003-11-09,39.44100513187806
10185,2,10185,2,WH_A,2003-11-14,49.467675808516894
10197,8,10197,8,WH_C,2003-11-26,31.77400269107778
10208,2,10208,2,WH_C,2004-01-02,33.815764171618156
10222,14,10222,14,WH_C,2004-02-19,33.4907308878859
10233,2,10233,2,WH_C,2004-03-31,34.157210153983556
10248,5,10248,5,WH_C,2004-05-07,32.929989284204495
10261,3,10261,3,WH_C,2004-06-17,32.30405345314614
10273,6,10273,6,WH_C,2004-07-21,34.19457241222223
10283,8,10283,8,WH_C,2004-08-20,33.30589021306449
10295,3,10295,3,WH_C,2004-09-10,32.31365632232972
10306,2,10306,2,WH_C,2004-10-14,34.41292251465083
10315,1,10315,1,WH_C,2004-10-29,33.54551498209463
10326,3,10326,3,WH_C,2004-11-09,33.43386432219482
10339,13,10339,13,WH_C,2004-11-23,33.528841962895555
10350,9,10350,9,WH_C,2004-12-02,34.4491340049197
10373,12,10373,12,WH_C,2005-01-31,34.394696734092136
10384,2,10384,2,WH_C,2005-02-23,34.0316814153477
10396,7,10396,7,WH_C,2005-03-23,32.09408688253976
10414,5,10414,5,WH_C,2005-05-06,34.13352819650423
10110,12,10110,12,WH_C,2003-03-18,34.126815504032876
10124,11,10124,11,WH_C,2003-05-21,34.353363165544366
10148,5,10148,5,WH_C,2003-09-11,33.275844628484506
10161,4,10161,4,WH_C,2003-10-17,34.2689667464509
10172,2,10172,2,WH_C,2003-11-07,33.9197695912509
10182,15,10182,15,WH_C,2003-11-13,32.43104211424395
10192,3,10192,3,WH_C,2003-11-22,37.88177278839546
10204,9,10204,9,WH_C,2003-12-03,34.29814602969294
10212,2,10212,2,WH_C,2004-01-17,36.79025598886728
10227,15,10227,15,WH_C,2004-03-02,34.50652455902022
10241,7,10241,7,WH_C,2004-04-13,34.13721114016316
10267,4,10267,4,WH_C,2004-07-07,33.57800652149889
10279,4,10279,4,WH_C,2004-08-09,32.71134884954304
10288,10,10288,10,WH_C,2004-09-01,32.395539025697985
10302,6,10302,6,WH_C,2003-10-08,34.520018805614555
10311,5,10311,5,WH_C,2004-10-18,32.57162556298832
10321,2,10321,2,WH_C,2004-11-05,34.06292288900971
10332,12,10332,12,WH_C,2004-11-18,33.39011432968806
10346,2,10346,2,WH_C,2004-11-30,32.24748906662606
10368,1,10368,1,WH_C,2005-01-19,31.6422748058522
10380,9,10380,9,WH_C,2005-02-16,33.25162803532567
10407,7,10407,7,WH_C,2005-04-22,35.27466448058749
10420,10,10420,10,WH_C,2005-05-31,33.336546857242666
10108,5,10108,5,WH_C,2003-03-03,33.34637019019084
10122,9,10122,9,WH_C,2003-05-08,32.73428878013668
10135,6,10135,6,WH_C,2003-07-02,33.218543270041486
10147,6,10147,6,WH_C,2003-09-05,33.48326613415171
10159,1,10159,1,WH_C,2003-10-11,39.480795979473726
10169,1,10169,1,WH_C,2003-11-04,33.16470072650182
10181,13,10181,13,WH_C,2003-11-13,33.21969312831971
10191,2,10191,2,WH_C,2003-11-22,37.24717126087519
10203,7,10203,7,WH_C,2003-12-04,34.72374878640111
10211,1,10211,1,WH_C,2004-01-15,32.60731354883295
10225,8,10225,8,WH_C,2004-02-24,32.30181511939257
10238,2,10238,2,WH_C,2004-04-09,33.789971466349904
10253,12,10253,12,WH_C,2004-06-01,33.50565777748092
10266,13,10266,13,WH_C,2004-07-06,32.88263466453448
10276,2,10276,2,WH_C,2004-08-02,33.02174179310555
10287,11,10287,11,WH_C,2004-08-31,34.034710859100194
10300,4,10300,4,WH_C,2003-10-06,32.83590933923246
10310,9,10310,9,WH_C,2004-10-16,39.34078830317441
10320,2,10320,2,WH_A,2004-11-05,50.88572039477896
10331,9,10331,9,WH_C,2004-11-19,33.378723206229196
10342,10,10342,10,WH_C,2004-11-24,33.07445063487356
10355,6,10355,6,WH_C,2004-12-07,32.37858563897282
10363,15,10363,15,WH_C,2005-01-06,34.544484820455196
10378,6,10378,6,WH_C,2005-02-10,33.485587983994904
10390,6,10390,6,WH_C,2005-03-04,32.628398227436975
10419,12,10419,12,WH_C,2005-05-17,33.95105499282781
10106,14,10106,14,WH_C,2003-02-17,34.787477468971446
10119,5,10119,5,WH_C,2003-04-28,33.00290259799648
10131,6,10131,6,WH_C,2003-06-18,34.52155122323007
10143,9,10143,9,WH_C,2003-08-11,33.23542894345251
10155,7,10155,7,WH_C,2003-10-08,32.18051673110588
10167,3,10167,3,WH_C,2003-10-23,32.286944449313
10178,6,10178,6,WH_C,2003-11-10,33.07086468445334
10186,3,10186,3,WH_A,2003-11-14,49.600662721020576
10198,6,10198,6,WH_C,2003-11-28,31.68817280011124
10209,2,10209,2,WH_C,2004-01-09,35.10843958742118
10222,6,10222,6,WH_C,2004-02-19,34.217945775245624
10249,2,10249,2,WH_C,2004-05-10,34.382324404923295
10262,11,10262,11,WH_C,2004-06-24,32.118481613147196
10274,3,10274,3,WH_C,2004-07-21,32.36035007292355
10284,13,10284,13,WH_C,2004-08-23,32.25054259751906
10296,9,10296,9,WH_C,2004-09-15,34.39633685560967
10307,3,10307,3,WH_C,2004-10-14,34.813461043513726
10316,11,10316,11,WH_C,2004-11-01,32.927654880433465
10328,2,10328,2,WH_C,2004-11-12,31.965494907390088
10339,14,10339,14,WH_C,2004-11-23,33.51766241240765
10351,4,10351,4,WH_C,2004-12-03,32.95445538089118
10361,6,10361,6,WH_C,2004-12-17,32.828240902855356
10373,11,10373,11,WH_C,2005-01-31,33.496284491579274
10386,9,10386,9,WH_C,2005-03-01,33.93514280027223
10398,13,10398,13,WH_C,2005-03-30,32.3064036441741
10400,3,10400,3,WH_C,2005-04-01,32.062846279594126
10415,2,10415,2,WH_C,2005-05-09,34.693487861682385
10110,14,10110,14,WH_C,2003-03-19,33.17354331333645
10124,13,10124,13,WH_C,2003-05-21,31.93568633702211
10148,7,10148,7,WH_C,2003-09-11,32.578960190281364
10161,6,10161,6,WH_C,2003-10-17,31.78774138639904
10172,4,10172,4,WH_A,2003-11-05,50.161620799356655
10182,17,10182,17,WH_C,2003-11-13,34.18786855388516
10192,5,10192,5,WH_C,2003-11-22,37.9022739589404
10204,11,10204,11,WH_C,2003-12-04,33.08331783829756
10212,4,10212,4,WH_C,2004-01-17,39.368652894023555
10226,2,10226,2,WH_C,2004-02-26,33.31965967190355
10241,9,10241,9,WH_C,2004-04-14,34.38293891389826
10267,6,10267,6,WH_C,2004-07-07,34.397211271566796
10279,6,10279,6,WH_C,2004-08-10,31.816782326303013
10288,12,10288,12,WH_C,2004-09-01,34.058342621671336
10301,2,10301,2,WH_C,2003-10-07,33.04482961608808
10311,7,10311,7,WH_C,2004-10-17,40.0294503480177
10321,4,10321,4,WH_C,2004-11-06,38.10395990402071
10332,13,10332,13,WH_C,2004-11-19,34.80495481047513
10346,6,10346,6,WH_C,2004-11-30,34.58198915335195
10368,4,10368,4,WH_C,2005-01-19,33.13493332337198
10380,11,10380,11,WH_C,2005-02-16,33.63036530645729
10407,9,10407,9,WH_C,2005-04-22,34.64357036201202
10420,12,10420,12,WH_C,2005-05-30,34.278231974573984
10105,1,10105,1,WH_C,2003-02-11,31.96503824359625
10119,10,10119,10,WH_C,2003-04-28,33.95568608266959
10129,1,10129,1,WH_C,2003-06-13,32.95277623138565
10143,14,10143,14,WH_C,2003-08-11,32.30254323830539
10155,12,10155,12,WH_C,2003-10-08,33.23891417170019
10167,8,10167,8,WH_C,2003-10-23,32.630556230618566
10178,11,10178,11,WH_C,2003-11-10,34.753920421424525
10186,8,10186,8,WH_C,2003-11-15,38.17120938348527
10197,5,10197,5,WH_C,2003-11-26,34.25575207528786
10209,7,10209,7,WH_C,2004-01-09,31.70281334661598
10222,11,10222,11,WH_C,2004-02-19,32.53104077550816
10248,2,10248,2,WH_C,2004-05-07,32.34409747880617
10262,16,10262,16,WH_C,2004-06-24,32.45520392916548
10273,3,10273,3,WH_C,2004-07-22,32.15041244948996
10283,5,10283,5,WH_C,2004-08-20,32.32111567867809
10296,14,10296,14,WH_C,2004-09-15,33.33694680905664
10307,8,10307,8,WH_A,2004-10-14,49.8762635993256
10316,16,10316,16,WH_C,2004-11-01,33.19474929865727
10326,2,10326,2,WH_C,2004-11-09,32.77982870576109
10339,16,10339,16,WH_C,2004-11-23,34.577382320034204
10350,10,10350,10,WH_C,2004-12-02,34.50599017359526
10373,10,10373,10,WH_C,2005-01-31,33.26648876606684
10385,2,10385,2,WH_C,2005-02-28,33.196541894617056
10396,8,10396,8,WH_C,2005-03-24,32.3265351574789
10400,8,10400,8,WH_C,2005-04-01,34.85586840875787
10414,2,10414,2,WH_C,2005-05-06,32.637993166602186
10108,1,10108,1,WH_C,2003-03-03,33.32922662627006
10122,5,10122,5,WH_C,2003-05-09,32.54704215129789
10135,2,10135,2,WH_C,2003-07-02,33.05733351429042
10147,2,10147,2,WH_C,2003-09-05,32.34454132063494
10160,3,10160,3,WH_C,2003-10-13,34.39108183633094
10170,1,10170,1,WH_C,2003-11-04,31.98654915772156
10181,9,10181,9,WH_C,2003-11-13,33.99874787285246
10192,14,10192,14,WH_C,2003-11-22,37.306616332183815
10203,3,10203,3,WH_C,2003-12-04,31.85062010041481
10212,13,10212,13,WH_C,2004-01-17,39.37378080866765
10225,4,10225,4,WH_C,2004-02-24,32.784574963178585
10239,3,10239,3,WH_C,2004-04-12,34.12474390834226
10253,8,10253,8,WH_C,2004-06-01,33.526037746297874
10266,9,10266,9,WH_C,2004-07-07,32.119395199232805
10278,9,10278,9,WH_C,2004-08-06,35.09422797977993
10287,7,10287,7,WH_C,2004-08-31,33.09758648681629
10301,11,10301,11,WH_C,2003-10-07,34.27394415984461
10310,5,10310,5,WH_C,2004-10-16,37.37690089498166
10321,13,10321,13,WH_C,2004-11-06,39.46266974035923
10331,1,10331,1,WH_C,2004-11-18,31.743973644184198
10342,6,10342,6,WH_C,2004-11-25,33.21533509827828
10355,8,10355,8,WH_C,2004-12-08,34.51650399884937
10363,1,10363,1,WH_C,2005-01-06,34.56741025700569
10378,3,10378,3,WH_C,2005-02-10,34.95630468153972
10390,8,10390,8,WH_C,2005-03-05,39.14269232064787
10405,3,10405,3,WH_C,2005-04-14,34.39875459908397
10419,8,10419,8,WH_C,2005-05-17,32.212947798058146
10106,11,10106,11,WH_C,2003-02-17,33.22294699854535
10119,2,10119,2,WH_C,2003-04-28,33.25446343070075
10131,3,10131,3,WH_C,2003-06-16,33.21324673540784
10143,6,10143,6,WH_C,2003-08-11,33.28527362436123
10155,4,10155,4,WH_C,2003-10-08,33.747487733329734
10168,18,10168,18,WH_C,2003-10-28,32.10768281469171
10178,3,10178,3,WH_C,2003-11-10,34.17591841992767
10198,3,10198,3,WH_C,2003-11-27,32.60943213667217
10210,16,10210,16,WH_C,2004-01-12,32.61590231585628
10222,3,10222,3,WH_C,2004-02-19,33.41133713892759
10235,12,10235,12,WH_C,2004-04-02,34.061608160808404
10250,13,10250,13,WH_C,2004-05-11,34.55422743959302
10262,8,10262,8,WH_C,2004-06-24,33.79962367665386
10275,18,10275,18,WH_C,2004-07-23,32.90330017909804
10284,10,10284,10,WH_C,2004-08-23,33.99719465591345
10296,6,10296,6,WH_C,2004-09-15,31.890584739846737
10308,16,10308,16,WH_C,2004-10-17,38.3950001572811
10316,8,10316,8,WH_C,2004-11-01,33.0728971226938
10328,3,10328,3,WH_C,2004-11-12,32.07689303164207
10339,11,10339,11,WH_C,2004-11-25,32.835983062077176
10351,3,10351,3,WH_C,2004-12-03,34.49418348478531
10361,7,10361,7,WH_C,2004-12-17,35.240188068069486
10373,13,10373,13,WH_C,2005-01-31,32.795499184822006
10386,12,10386,12,WH_C,2005-03-01,31.74345157940064
10398,2,10398,2,WH_C,2005-03-30,32.35363587700603
10401,12,10401,12,WH_C,2005-04-04,32.7959900275801
10416,13,10416,13,WH_C,2005-05-10,35.18031770031474
10100,1,10100,1,WH_C,2003-01-08,32.3688069772348
10110,5,10110,5,WH_C,2003-03-19,34.376362697577406
10124,4,10124,4,WH_C,2003-05-22,32.02836466306145
10149,9,10149,9,WH_C,2003-09-12,34.553326054627775
10162,7,10162,7,WH_C,2003-10-20,33.257067761827685
10173,11,10173,11,WH_C,2003-11-07,34.06333590152599
10182,8,10182,8,WH_C,2003-11-12,33.21528542090017
10193,12,10193,12,WH_C,2003-11-22,38.68413925947732
10204,2,10204,2,WH_C,2003-12-04,32.47542148613659
10214,5,10214,5,WH_C,2004-01-28,32.05032745012585
10227,8,10227,8,WH_C,2004-03-03,34.57828431319326
10242,1,10242,1,WH_C,2004-04-22,34.73488746881975
10280,14,10280,14,WH_C,2004-08-18,34.92036902388699
10288,3,10288,3,WH_C,2004-09-01,34.10453317775199
10303,1,10303,1,WH_C,2004-10-07,34.54869098936269
10312,15,10312,15,WH_C,2004-10-23,37.34603456664302
10332,14,10332,14,WH_C,2004-11-19,32.649823656097254
10346,4,10346,4,WH_C,2004-11-30,32.753104070785405
10368,3,10368,3,WH_C,2005-01-19,33.74049323236555
10380,12,10380,12,WH_C,2005-02-16,33.366286044315856
10408,1,10408,1,WH_C,2005-04-22,32.088549882878524
10420,3,10420,3,WH_C,2005-05-30,33.49006434715568
10104,5,10104,5,WH_C,2003-01-31,34.76959588218958
10115,1,10115,1,WH_C,2003-04-04,32.85798485990827
10127,7,10127,7,WH_C,2003-06-03,32.22796101480651
10141,1,10141,1,WH_C,2003-08-01,32.94968983246
10152,3,10152,3,WH_C,2003-09-26,32.615426693314575
10165,8,10165,8,WH_C,2003-10-24,32.77628902784187
10176,7,10176,7,WH_C,2003-11-08,39.13653441182965
10184,2,10184,2,WH_C,2003-11-16,38.41970153473929
10195,2,10195,2,WH_C,2003-11-27,33.73200529100268
10207,3,10207,3,WH_C,2003-12-09,32.822563386055265
10220,7,10220,7,WH_C,2004-02-12,34.35125854553519
10230,5,10230,5,WH_C,2004-03-15,32.56187449873475
10246,1,10246,1,WH_C,2004-05-05,33.151832073098575
10271,1,10271,1,WH_C,2004-07-20,34.214844987223344
10282,10,10282,10,WH_C,2004-08-20,32.930506505244765
10292,4,10292,4,WH_C,2004-09-10,32.187822535251286
10305,1,10305,1,WH_C,2004-10-13,34.3100909179809
10314,10,10314,10,WH_C,2004-10-24,37.92705145559205
10325,5,10325,5,WH_A,2004-11-05,51.01206251234501
10336,5,10336,5,WH_C,2004-11-22,31.75075397927314
10349,2,10349,2,WH_C,2004-12-01,34.23028432264242
10359,7,10359,7,WH_C,2004-12-16,33.06200922609655
10371,9,10371,9,WH_C,2005-01-24,32.42074404361928
10383,4,10383,4,WH_C,2005-02-22,33.84547948754607
10394,7,10394,7,WH_C,2005-03-15,32.40944902481358
10412,1,10412,1,WH_C,2005-05-03,33.00429051467495
10103,15,10103,15,WH_C,2003-01-29,32.4391741600801
10111,3,10111,3,WH_C,2003-03-25,32.07841711216834
10126,15,10126,15,WH_C,2003-05-28,32.52960905016778
10139,4,10139,4,WH_C,2003-07-16,31.908937440144488
10149,1,10149,1,WH_C,2003-09-12,34.834672164918885
10163,5,10163,5,WH_C,2003-10-21,31.936763448779505
10173,3,10173,3,WH_C,2003-11-07,33.06108295833974
10183,12,10183,12,WH_C,2003-11-15,37.05039040972228
10193,4,10193,4,WH_C,2003-11-23,38.35378211596583
10206,10,10206,10,WH_C,2003-12-05,35.09902518193938
10215,7,10215,7,WH_C,2004-01-29,32.38557470028462
10228,6,10228,6,WH_C,2004-03-10,34.52221021285901
10244,4,10244,4,WH_C,2004-04-29,32.450432509272325
10257,4,10257,4,WH_C,2004-06-14,34.07622893585691
10269,2,10269,2,WH_C,2004-07-16,33.93580878265156
10280,6,10280,6,WH_C,2004-08-18,34.38777919652007
10290,1,10290,1,WH_C,2004-09-07,33.316946522913696
10304,10,10304,10,WH_C,2004-10-12,33.570803675735995
10312,7,10312,7,WH_C,2004-10-23,37.264560236828956
10324,3,10324,3,WH_C,2004-11-07,37.11240270603395
10333,1,10333,1,WH_C,2004-11-18,34.89258037502559
10348,2,10348,2,WH_C,2004-11-01,32.82581204375961
10358,6,10358,6,WH_C,2004-12-11,38.1928494480795
10369,3,10369,3,WH_C,2005-01-21,33.94500338495412
10382,4,10382,4,WH_C,2005-02-18,32.81522375822167
10423,4,10423,4,WH_C,2005-06-01,34.60315649509855
10106,3,10106,3,WH_C,2003-02-17,33.87733795039874
10120,9,10120,9,WH_C,2003-04-29,33.7412499455719
10133,4,10133,4,WH_C,2003-06-27,34.2661272719988
10145,15,10145,15,WH_C,2003-08-25,31.991222746894714
10168,10,10168,10,WH_C,2003-10-28,33.01805301043474
10210,8,10210,8,WH_C,2004-01-12,33.11243088337078
10223,10,10223,10,WH_C,2004-02-20,32.35058570290357
10235,4,10235,4,WH_C,2004-04-02,34.25570739114836
10250,5,10250,5,WH_C,2004-05-11,34.397859320648166
10263,11,10263,11,WH_C,2004-06-29,32.89849342368643
10275,10,10275,10,WH_C,2004-07-23,33.11670704222061
10284,2,10284,2,WH_C,2004-08-23,34.493871420923206
10297,5,10297,5,WH_C,2004-09-16,33.590243943315215
10308,8,10308,8,WH_C,2004-10-15,33.63964312345363
10317,1,10317,1,WH_C,2004-11-02,33.25980462791719
10328,4,10328,4,WH_C,2004-11-12,34.35764439828269
10340,1,10340,1,WH_C,2004-11-25,33.447771496757554
10353,3,10353,3,WH_C,2004-12-06,34.503930631000955
10361,1,10361,1,WH_C,2004-12-17,34.33456545255376
10375,2,10375,2,WH_C,2005-02-03,32.79667855590071
10386,8,10386,8,WH_C,2005-03-01,33.637167625663594
10398,14,10398,14,WH_C,2005-03-30,34.177988412904035
10401,4,10401,4,WH_C,2005-04-04,32.75373060698698
10416,5,10416,5,WH_C,2005-05-10,34.22575557007106
10108,10,10108,10,WH_C,2003-03-03,34.43500149321437
10122,14,10122,14,WH_C,2003-05-09,33.79647867982593
10135,11,10135,11,WH_C,2003-07-02,33.83424119764628
10147,11,10147,11,WH_C,2003-09-05,34.14414594339135
10159,6,10159,6,WH_C,2003-10-11,39.28382681458875
10169,6,10169,6,WH_C,2003-11-04,33.41086393991116
10180,1,10180,1,WH_C,2003-11-11,31.78979939791572
10191,7,10191,7,WH_C,2003-11-22,38.13167215205313
10211,6,10211,6,WH_C,2004-01-15,34.231813355547395
10225,13,10225,13,WH_C,2004-02-24,33.789962397382325
10238,7,10238,7,WH_C,2004-04-09,34.04935307340568
10252,3,10252,3,WH_C,2004-05-26,32.9090144936755
10264,1,10264,1,WH_C,2004-06-30,33.60628773241544
10276,7,10276,7,WH_C,2004-08-02,32.19201347750449
10287,16,10287,16,WH_C,2004-08-31,34.563559556336656
10299,1,10299,1,WH_C,2004-10-01,33.33375653384366
10310,14,10310,14,WH_C,2004-10-17,37.8236119137039
10319,2,10319,2,WH_C,2004-11-05,32.51870207658873
10331,2,10331,2,WH_C,2004-11-18,33.90073433814269
10343,1,10343,1,WH_C,2004-11-25,33.27152723964865
10355,9,10355,9,WH_C,2004-12-08,32.360600619559925
10363,9,10363,9,WH_C,2005-01-06,34.91778165758604
10378,2,10378,2,WH_C,2005-02-10,34.020372982717916
10390,10,10390,10,WH_C,2005-03-05,39.52404103221018
10103,3,10103,3,WH_C,2003-01-29,33.17656295154087
10114,7,10114,7,WH_C,2003-04-01,33.418433747652855
10126,3,10126,3,WH_C,2003-05-29,34.54389946617974
10140,3,10140,3,WH_C,2003-07-24,33.227893743687936
10151,10,10151,10,WH_C,2003-09-22,34.1279453338357
10164,1,10164,1,WH_C,2003-10-21,32.98249453123691
10175,8,10175,8,WH_C,2003-11-08,38.04858760776674
10184,13,10184,13,WH_C,2003-11-16,37.02666905044991
10194,3,10194,3,WH_C,2003-11-27,32.94920317831296
10207,14,10207,14,WH_C,2003-12-09,32.160442692981704
10217,3,10217,3,WH_C,2004-02-06,32.404410320154625
10229,8,10229,8,WH_C,2004-03-11,34.912830745503385
10245,1,10245,1,WH_C,2004-05-04,32.637359429841766
10259,11,10259,11,WH_C,2004-06-16,33.676531156677555
10270,1,10270,1,WH_C,2004-07-19,34.25578370094536
10281,8,10281,8,WH_C,2004-08-19,33.415052690260055
10291,3,10291,3,WH_C,2004-09-09,32.47403310223901
10305,12,10305,12,WH_C,2004-10-13,33.83097455932865
10313,6,10313,6,WH_C,2004-10-23,38.67933778740519
10324,11,10324,11,WH_C,2004-11-06,38.803949163797
10335,1,10335,1,WH_C,2004-11-20,39.05957709308389
10348,3,10348,3,WH_C,2004-11-01,35.16200856452589
10358,1,10358,1,WH_C,2004-12-11,38.44806182202324
10371,1,10371,1,WH_C,2005-01-24,33.059998917284815
10382,6,10382,6,WH_C,2005-02-18,33.66569002708349
10411,1,10411,1,WH_C,2005-05-02,32.59496653165142
10425,11,10425,11,WH_C,2005-06-01,34.87172779310724
10107,8,10107,8,WH_C,2003-02-26,32.00292757059082
10120,6,10120,6,WH_C,2003-04-29,33.1351394089272
10133,1,10133,1,WH_C,2003-06-27,34.09497683356052
10145,12,10145,12,WH_C,2003-08-25,33.865027161608964
10168,7,10168,7,WH_C,2003-10-28,32.932223729746994
10188,7,10188,7,WH_C,2003-11-18,33.13852534519438
10210,5,10210,5,WH_C,2004-01-12,34.39991007383544
10223,7,10223,7,WH_C,2004-02-20,33.077483291780695
10235,1,10235,1,WH_C,2004-04-02,34.74425939595896
10250,2,10250,2,WH_C,2004-05-11,32.7079097222629
10263,8,10263,8,WH_C,2004-06-29,34.36661997626361
10275,7,10275,7,WH_C,2004-07-23,34.27975767500129
10285,12,10285,12,WH_C,2004-08-27,32.16493597165629
10297,2,10297,2,WH_C,2004-09-16,32.92886596351589
10308,5,10308,5,WH_C,2004-10-17,37.179655458174594
10318,7,10318,7,WH_C,2004-11-03,33.78765385425591
10329,11,10329,11,WH_C,2004-11-15,33.34082066318659
10340,2,10340,2,WH_C,2004-11-25,33.99882230995284
10353,5,10353,5,WH_C,2004-12-06,32.21710705053961
10363,2,10363,2,WH_C,2005-01-07,32.3717149127219
10375,3,10375,3,WH_C,2005-02-03,31.94435204388516
10387,1,10387,1,WH_C,2005-03-02,33.27274057831872
10401,1,10401,1,WH_C,2005-04-05,33.58100434856563
10416,2,10416,2,WH_C,2005-05-10,34.45367933115986
10108,13,10108,13,WH_C,2003-03-03,33.63972595649784
10122,17,10122,17,WH_C,2003-05-09,33.126507595351235
10135,14,10135,14,WH_C,2003-07-03,34.809315378941875
10145,1,10145,1,WH_C,2003-08-25,33.76834020759745
10159,9,10159,9,WH_C,2003-10-11,40.04977843287732
10169,9,10169,9,WH_C,2003-11-04,33.5086938394067
10180,4,10180,4,WH_A,2003-11-11,49.736809109795956
10190,1,10190,1,WH_C,2003-11-19,31.85651819187029
10211,9,10211,9,WH_C,2004-01-15,33.80135401379263
10224,2,10224,2,WH_C,2004-02-23,32.46371047872776
10237,2,10237,2,WH_C,2004-04-07,32.55117854593162
10252,6,10252,6,WH_C,2004-05-28,33.65930665285357
10264,4,10264,4,WH_C,2004-06-30,33.318719737236606
10276,10,10276,10,WH_C,2004-08-02,33.486459294922724
10285,1,10285,1,WH_C,2004-08-27,32.163720795111274
10299,4,10299,4,WH_C,2004-10-01,33.57682885516461
10310,17,10310,17,WH_C,2004-10-16,38.464889886237145
10319,5,10319,5,WH_C,2004-11-05,34.60392400826922
10331,3,10331,3,WH_C,2004-11-17,34.220693016807374
10343,5,10343,5,WH_C,2004-11-25,34.41775259450709
10355,10,10355,10,WH_C,2004-12-08,34.348332095315484
10364,1,10364,1,WH_C,2005-01-07,33.41175619598517
10378,1,10378,1,WH_C,2005-02-11,32.89140966905495
10390,11,10390,11,WH_C,2005-03-05,38.71025571818642
10403,2,10403,2,WH_C,2005-04-08,33.69025924887123
10104,11,10104,11,WH_C,2003-01-31,34.111038028985476
10114,2,10114,2,WH_C,2003-04-01,33.592599593373734
10127,13,10127,13,WH_C,2003-06-03,34.017613546602746
10141,7,10141,7,WH_C,2003-08-01,32.893132944783936
10151,5,10151,5,WH_C,2003-09-23,33.61033047316808
10165,14,10165,14,WH_C,2003-10-24,32.379179620222075
10175,3,10175,3,WH_C,2003-11-08,39.457642069978945
10184,8,10184,8,WH_C,2003-11-16,37.62968318696274
10195,8,10195,8,WH_C,2003-11-27,31.95077033094419
10207,9,10207,9,WH_C,2003-12-09,33.69583153855732
10219,4,10219,4,WH_C,2004-02-12,33.60225117803848
10229,3,10229,3,WH_C,2004-03-11,32.95745382336906
10246,7,10246,7,WH_C,2004-05-05,32.56750417190463
10259,6,10259,6,WH_C,2004-06-16,33.45676163312562
10271,7,10271,7,WH_C,2004-07-22,32.6724989282287
10281,3,10281,3,WH_C,2004-08-19,34.963022749031424
10292,10,10292,10,WH_C,2004-09-09,35.07024494225783
10305,7,10305,7,WH_C,2004-10-13,33.632463510836715
10313,1,10313,1,WH_C,2004-10-24,37.651858189132284
10325,3,10325,3,WH_A,2004-11-05,51.162461845527204
10335,3,10335,3,WH_C,2004-11-20,36.9123457459381
10349,1,10349,1,WH_C,2004-12-01,33.03217012179341
10359,3,10359,3,WH_C,2004-12-16,32.65258712198104
10371,2,10371,2,WH_C,2005-01-25,34.589179405136235
10383,5,10383,5,WH_C,2005-02-22,32.44026127626988
10394,3,10394,3,WH_C,2005-03-16,33.30981611507487
10412,7,10412,7,WH_C,2005-05-03,33.99638469502173
10425,6,10425,6,WH_C,2005-06-01,33.742738414503506
10104,4,10104,4,WH_C,2003-01-31,32.60817640638979
10116,1,10116,1,WH_C,2003-04-11,34.54197380277902
10127,6,10127,6,WH_C,2003-06-03,33.2864879576085
10142,16,10142,16,WH_C,2003-08-08,33.49435384183796
10152,2,10152,2,WH_C,2003-09-25,32.345973274641835
10165,7,10165,7,WH_C,2003-10-24,33.250190941179454
10176,6,10176,6,WH_C,2003-11-08,38.131700434915615
10184,1,10184,1,WH_C,2003-11-16,37.16103317357113
10195,1,10195,1,WH_C,2003-11-27,32.37556053750765
10207,2,10207,2,WH_C,2003-12-10,34.415862697233024
10220,6,10220,6,WH_C,2004-02-12,32.39805092542888
10230,4,10230,4,WH_C,2004-03-16,32.36881325508939
10247,6,10247,6,WH_C,2004-05-06,33.14556737731431
10272,6,10272,6,WH_C,2004-07-22,34.2040976980192
10282,9,10282,9,WH_C,2004-08-21,36.968995556216726
10292,3,10292,3,WH_C,2004-09-09,33.48604680523411
10306,17,10306,17,WH_C,2004-10-14,32.15097270849424
10314,9,10314,9,WH_C,2004-10-24,36.82895815031523
10325,2,10325,2,WH_C,2004-11-07,37.31539302005736
10336,9,10336,9,WH_C,2004-11-22,34.3395423922849
10350,14,10350,14,WH_C,2004-12-03,32.687782768083665
10359,1,10359,1,WH_C,2004-12-16,32.12055236643275
10371,11,10371,11,WH_C,2005-01-24,33.18314295512984
10383,8,10383,8,WH_C,2005-02-22,34.26972616050162
10394,4,10394,4,WH_C,2005-03-16,32.40370923241028
10413,6,10413,6,WH_C,2005-05-05,33.04499265905082
10103,7,10103,7,WH_C,2003-01-30,31.815967029822513
10113,1,10113,1,WH_C,2003-03-27,33.200303191114216
10126,7,10126,7,WH_C,2003-05-29,33.48660177397918
10140,7,10140,7,WH_C,2003-07-24,34.05488727137402
10150,4,10150,4,WH_C,2003-09-19,33.11509738604972
10164,5,10164,5,WH_C,2003-10-21,32.942945693946896
10175,12,10175,12,WH_C,2003-11-08,37.21437067174891
10183,4,10183,4,WH_A,2003-11-13,50.061152907044026
10194,7,10194,7,WH_C,2003-11-27,32.58278812935259
10206,2,10206,2,WH_C,2003-12-05,34.366529132066724
10217,7,10217,7,WH_C,2004-02-06,34.510031182739084
10229,12,10229,12,WH_C,2004-03-11,34.90839516531821
10245,5,10245,5,WH_C,2004-05-04,34.456315633006405
10258,2,10258,2,WH_C,2004-06-16,33.97487527638712
10270,5,10270,5,WH_C,2004-07-19,33.86966560005619
10281,12,10281,12,WH_C,2004-08-19,32.9448051218812
10291,7,10291,7,WH_C,2004-09-09,34.04931044349988
10304,2,10304,2,WH_C,2004-10-12,33.21115774278233
10313,10,10313,10,WH_C,2004-10-24,38.89265829842887
10324,4,10324,4,WH_A,2004-11-05,51.21095389941404
10333,4,10333,4,WH_C,2004-11-20,38.01064517874488
10348,5,10348,5,WH_A,2004-11-03,49.91077684544888
10358,2,10358,2,WH_C,2004-12-11,40.037167088320786
10370,3,10370,3,WH_C,2005-01-21,32.203425433053525
10382,8,10382,8,WH_C,2005-02-18,33.120365696167
10411,5,10411,5,WH_C,2005-05-02,34.52820792868668
10424,2,10424,2,WH_C,2005-06-01,33.674088496452256
10106,5,10106,5,WH_C,2003-02-17,33.69892717495475
10120,11,10120,11,WH_C,2003-04-29,32.37014916588933
10133,6,10133,6,WH_C,2003-06-27,32.988379589019786
10144,1,10144,1,WH_C,2003-08-13,34.85291888183872
10168,12,10168,12,WH_C,2003-10-28,33.44318971204803
10210,10,10210,10,WH_C,2004-01-12,33.83104063100771
10223,12,10223,12,WH_C,2004-02-20,32.32403141465748
10235,6,10235,6,WH_C,2004-04-02,31.913880509940466
10250,7,10250,7,WH_C,2004-05-11,34.5256694894791
10262,2,10262,2,WH_C,2004-06-24,32.9972117530849
10275,12,10275,12,WH_C,2004-07-23,33.521459495668125
10284,4,10284,4,WH_C,2004-08-23,31.847817952161503
10297,7,10297,7,WH_C,2004-09-16,34.299377724580275
10308,10,10308,10,WH_C,2004-10-17,39.85809043709944
10316,2,10316,2,WH_C,2004-11-01,33.678223050832464
10328,5,10328,5,WH_C,2004-11-12,32.3211448747476
10340,3,10340,3,WH_C,2004-11-25,33.6800755104847
10353,7,10353,7,WH_C,2004-12-06,33.92475351441284
10361,2,10361,2,WH_C,2004-12-17,32.92705558169736
10375,4,10375,4,WH_C,2005-02-03,34.40510778793232
10388,8,10388,8,WH_C,2005-03-03,33.982761714924365
10398,4,10398,4,WH_C,2005-03-30,34.34991437272046
10401,6,10401,6,WH_C,2005-04-05,33.48535756709961
10416,7,10416,7,WH_C,2005-05-10,32.05210593556679
10108,16,10108,16,WH_C,2003-03-04,33.39904838273728
10121,3,10121,3,WH_C,2003-05-07,32.364685680452595
10135,17,10135,17,WH_C,2003-07-03,35.0682052244609
10145,4,10145,4,WH_C,2003-08-25,34.3701165207381
10159,12,10159,12,WH_C,2003-10-11,39.378567822941875
10169,12,10169,12,WH_C,2003-11-05,32.683110413404236
10180,7,10180,7,WH_C,2003-11-11,32.279173717651915
10190,4,10190,4,WH_C,2003-11-19,34.53653866755805
10211,12,10211,12,WH_C,2004-01-15,33.38874001976107
10224,5,10224,5,WH_C,2004-02-23,32.582720769836186
10237,5,10237,5,WH_C,2004-04-05,33.8249856058759
10252,9,10252,9,WH_C,2004-05-27,32.43743089254188
10264,7,10264,7,WH_C,2004-06-30,32.91588142824416
10276,13,10276,13,WH_C,2004-08-02,33.09310551734548
10285,4,10285,4,WH_C,2004-08-27,32.8238923877735
10299,7,10299,7,WH_C,2004-10-01,35.249846878862044
10309,3,10309,3,WH_C,2004-10-17,37.63645372178755
10319,8,10319,8,WH_C,2004-11-05,32.009847098092614
10331,4,10331,4,WH_C,2004-11-19,32.34859421707919
10341,4,10341,4,WH_C,2004-11-26,34.03022927077325
10355,5,10355,5,WH_C,2004-12-07,33.267618260232524
10365,3,10365,3,WH_C,2005-01-07,33.478026060317944
10375,15,10375,15,WH_C,2005-02-03,32.54995263515593
10390,12,10390,12,WH_C,2005-03-05,36.86615994546921
10403,5,10403,5,WH_C,2005-04-08,32.96262736863744
10106,6,10106,6,WH_C,2003-02-17,34.2136178534936
10120,12,10120,12,WH_C,2003-04-29,34.290802571126235
10133,7,10133,7,WH_C,2003-06-27,31.966551226655014
10143,1,10143,1,WH_C,2003-08-11,33.89084274582878
10156,1,10156,1,WH_C,2003-10-09,34.36634424346961
10168,13,10168,13,WH_C,2003-10-28,33.52857668405073
10199,1,10199,1,WH_C,2003-12-01,34.308825107654286
10210,11,10210,11,WH_C,2004-01-12,32.67959120085128
10223,13,10223,13,WH_C,2004-02-20,35.20154950437996
10235,7,10235,7,WH_C,2004-04-02,34.17231794055438
10250,8,10250,8,WH_C,2004-05-11,34.8617662229057
10262,3,10262,3,WH_C,2004-06-24,33.8932642277466
10275,13,10275,13,WH_C,2004-07-23,32.888673669658374
10284,5,10284,5,WH_C,2004-08-23,35.16418315626338
10296,1,10296,1,WH_C,2004-09-15,33.12024086603141
10308,11,10308,11,WH_C,2004-10-17,37.81006099067092
10316,3,10316,3,WH_C,2004-11-02,34.10048481405389
10328,7,10328,7,WH_C,2004-11-12,33.99135649099085
10340,4,10340,4,WH_C,2004-11-26,34.524584642936404
10353,8,10353,8,WH_C,2004-12-06,32.262467607558555
10361,3,10361,3,WH_C,2004-12-17,34.10873350111689
10375,5,10375,5,WH_C,2005-02-03,34.126823354851524
10388,1,10388,1,WH_C,2005-03-03,31.928953321768795
10398,5,10398,5,WH_C,2005-03-30,33.25114128361269
10401,7,10401,7,WH_C,2005-04-05,32.90776932792353
10416,8,10416,8,WH_C,2005-05-10,32.58439672154316
10104,7,10104,7,WH_C,2003-01-31,34.83689563650478
10115,3,10115,3,WH_C,2003-04-04,33.59239781774593
10127,9,10127,9,WH_C,2003-06-03,33.80682568123761
10141,3,10141,3,WH_C,2003-08-01,34.569701395645524
10151,1,10151,1,WH_C,2003-09-22,32.756064266774416
10165,10,10165,10,WH_C,2003-10-24,34.313494725345706
10176,9,10176,9,WH_C,2003-11-08,38.340777899213364
10184,4,10184,4,WH_C,2003-11-16,39.392101472899334
10195,4,10195,4,WH_C,2003-11-27,32.53482563793055
10207,5,10207,5,WH_C,2003-12-10,34.611965654895116
10220,9,10220,9,WH_C,2004-02-13,32.371480748560614
10230,7,10230,7,WH_C,2004-03-16,32.70241643236472
10246,3,10246,3,WH_C,2004-05-06,34.23221506274568
10259,2,10259,2,WH_C,2004-06-16,33.40586766562987
10271,3,10271,3,WH_C,2004-07-22,33.739986314280294
10282,12,10282,12,WH_C,2004-08-20,33.5868902596266
10292,6,10292,6,WH_C,2004-09-10,33.8577983279775
10305,3,10305,3,WH_C,2004-10-13,32.70291785872074
10314,12,10314,12,WH_C,2004-10-23,37.4428737329624
10325,4,10325,4,WH_A,2004-11-05,49.850853241985526
10336,8,10336,8,WH_C,2004-11-20,38.17087221977498
10350,8,10350,8,WH_C,2004-12-02,32.26368184593528
10359,2,10359,2,WH_C,2004-12-15,33.08172201846128
10371,10,10371,10,WH_C,2005-01-25,33.55588043773918
10383,13,10383,13,WH_C,2005-02-22,32.130362014260086
10395,4,10395,4,WH_C,2005-03-17,33.78792226408184
10412,3,10412,3,WH_C,2005-05-03,34.375355341838926
10425,2,10425,2,WH_C,2005-06-01,32.23730965038429
10104,2,10104,2,WH_C,2003-01-31,33.77393238005152
10117,11,10117,11,WH_C,2003-04-16,34.13572388437866
10127,4,10127,4,WH_C,2003-06-04,32.86707982314533
10142,14,10142,14,WH_C,2003-08-08,33.993894656416416
10153,13,10153,13,WH_C,2003-09-30,32.95476992366186
10165,5,10165,5,WH_C,2003-10-24,33.765247116963124
10176,4,10176,4,WH_C,2003-11-08,36.90798356892968
10185,15,10185,15,WH_A,2003-11-14,51.023135291508154
10196,7,10196,7,WH_C,2003-11-26,33.831529199700825
10208,15,10208,15,WH_C,2004-01-02,31.7292334776376
10220,4,10220,4,WH_C,2004-02-13,33.07527965052364
10230,2,10230,2,WH_C,2004-03-16,35.289992659793896
10247,4,10247,4,WH_C,2004-05-06,33.676297811607
10272,4,10272,4,WH_C,2004-07-22,33.466717001189224
10282,7,10282,7,WH_C,2004-08-21,39.92704548873735
10292,1,10292,1,WH_C,2004-09-10,34.549663058408825
10306,15,10306,15,WH_C,2004-10-14,33.43000566569949
10314,7,10314,7,WH_C,2004-10-23,39.276820811293845
10325,7,10325,7,WH_C,2004-11-07,39.64098515718406
10337,6,10337,6,WH_C,2004-11-21,37.99945746936363
10350,17,10350,17,WH_C,2004-12-02,33.712142418380324
10359,4,10359,4,WH_C,2004-12-16,32.77324097148261
10372,9,10372,9,WH_C,2005-01-26,34.916515670625316
10383,10,10383,10,WH_C,2005-02-22,33.72284853772484
10395,3,10395,3,WH_C,2005-03-18,32.035413229427434
10413,4,10413,4,WH_C,2005-05-05,34.2401634081086
10108,14,10108,14,WH_C,2003-03-04,33.05134795575177
10121,1,10121,1,WH_C,2003-05-07,32.29919306164915
10135,15,10135,15,WH_C,2003-07-03,33.262895035993225
10145,2,10145,2,WH_C,2003-08-26,33.21449566063164
10159,10,10159,10,WH_C,2003-10-11,39.581216459484956
10169,10,10169,10,WH_C,2003-11-06,32.6372194678212
10180,5,10180,5,WH_C,2003-11-11,34.29387189178175
10190,2,10190,2,WH_C,2003-11-19,33.90241236515864
10211,10,10211,10,WH_C,2004-01-16,31.988813655248812
10224,3,10224,3,WH_C,2004-02-23,34.7262906305489
10237,3,10237,3,WH_C,2004-04-05,33.219565061612606
10252,7,10252,7,WH_C,2004-05-28,32.52475424949395
10264,5,10264,5,WH_C,2004-06-30,33.31939430399221
10276,11,10276,11,WH_C,2004-08-02,34.60755048402606
10285,2,10285,2,WH_C,2004-08-27,33.02824038931906
10299,5,10299,5,WH_C,2004-09-30,32.78076898283532
10309,1,10309,1,WH_A,2004-10-15,49.35720292594581
10319,6,10319,6,WH_C,2004-11-05,32.91174893769437
10331,5,10331,5,WH_C,2004-11-19,34.41357008082471
10341,3,10341,3,WH_C,2004-11-26,33.02771606638389
10356,4,10356,4,WH_C,2004-12-09,32.49946929669604
10365,2,10365,2,WH_C,2005-01-07,32.5181088146403
10375,8,10375,8,WH_C,2005-02-03,32.79491429517232
10390,13,10390,13,WH_C,2005-03-05,40.04140452851326
10403,3,10403,3,WH_C,2005-04-08,32.941564067621854
10105,5,10105,5,WH_C,2003-02-11,34.71602913824741
10119,14,10119,14,WH_C,2003-04-28,33.32255360055066
10129,5,10129,5,WH_C,2003-06-12,32.49834628239638
10142,2,10142,2,WH_C,2003-08-08,34.28113899529828
10153,1,10153,1,WH_C,2003-09-29,33.01581664060414
10167,12,10167,12,WH_C,2003-10-23,33.887434610022865
10177,3,10177,3,WH_C,2003-11-09,39.741333742852206
10185,3,10185,3,WH_C,2003-11-16,36.92402719483068
10197,9,10197,9,WH_C,2003-11-26,32.491041945957065
10208,3,10208,3,WH_C,2004-01-02,34.10620816344145
10222,15,10222,15,WH_C,2004-02-19,33.26008922043857
10233,3,10233,3,WH_C,2004-03-29,32.44178225701097
10248,6,10248,6,WH_C,2004-05-07,31.95236031182396
10261,4,10261,4,WH_C,2004-06-17,32.23731273779988
10273,7,10273,7,WH_C,2004-07-21,33.936290916498336
10283,9,10283,9,WH_C,2004-08-21,37.030511772819736
10295,4,10295,4,WH_C,2004-09-10,33.10573697056864
10306,3,10306,3,WH_C,2004-10-16,38.644040501329826
10315,2,10315,2,WH_C,2004-10-29,32.92330020475777
10326,1,10326,1,WH_C,2004-11-09,32.3850726989582
10339,5,10339,5,WH_C,2004-11-25,34.01685828372244
10350,11,10350,11,WH_C,2004-12-02,32.34511752613885
10373,14,10373,14,WH_C,2005-01-31,33.95060984301887
10385,1,10385,1,WH_C,2005-02-28,34.74118135467584
10396,1,10396,1,WH_C,2005-03-25,32.934415499938865
10414,6,10414,6,WH_C,2005-05-06,33.22399034889236
10106,7,10106,7,WH_C,2003-02-17,33.673349502697846
10120,13,10120,13,WH_C,2003-04-29,33.06108250602937
10133,8,10133,8,WH_C,2003-06-27,34.271979733394204
10143,2,10143,2,WH_C,2003-08-11,34.54090709159797
10156,2,10156,2,WH_C,2003-10-08,32.64831237180378
10168,14,10168,14,WH_C,2003-10-28,33.629453970419505
10199,2,10199,2,WH_C,2003-12-01,34.73663801197773
10210,12,10210,12,WH_C,2004-01-12,34.932947026139544
10223,14,10223,14,WH_C,2004-02-20,33.696526449001055
10235,8,10235,8,WH_C,2004-04-02,33.040829495996775
10250,9,10250,9,WH_C,2004-05-11,32.808204892204785
10262,4,10262,4,WH_C,2004-06-24,34.711208351498684
10275,14,10275,14,WH_C,2004-07-23,32.30349210390608
10284,6,10284,6,WH_C,2004-08-23,33.53284607484555
10296,2,10296,2,WH_C,2004-09-15,32.48807825149291
10308,12,10308,12,WH_C,2004-10-17,37.44749918290364
10316,4,10316,4,WH_C,2004-11-03,33.16027373855678
10328,8,10328,8,WH_C,2004-11-12,34.646579882423524
10340,5,10340,5,WH_C,2004-11-26,31.849987805502952
10353,9,10353,9,WH_C,2004-12-06,33.53178608547998
10361,4,10361,4,WH_C,2004-12-17,31.863352411687274
10375,6,10375,6,WH_C,2005-02-03,32.6613928886522
10388,2,10388,2,WH_C,2005-03-04,33.61790622498462
10398,6,10398,6,WH_C,2005-03-30,33.174700200861665
10401,8,10401,8,WH_C,2005-04-04,32.69675673757281
10416,9,10416,9,WH_C,2005-05-10,32.59627059453598
10105,12,10105,12,WH_C,2003-02-11,31.89317516167428
10117,6,10117,6,WH_C,2003-04-18,33.287886316368386
10128,3,10128,3,WH_C,2003-06-06,34.53150471206256
10142,9,10142,9,WH_C,2003-08-08,34.721743646459664
10153,8,10153,8,WH_C,2003-09-29,32.8576203951027
10166,3,10166,3,WH_C,2003-10-21,33.47143326839043
10177,10,10177,10,WH_C,2003-11-09,39.349385748702616
10185,10,10185,10,WH_A,2003-11-14,48.969589159455495
10196,2,10196,2,WH_C,2003-11-27,34.299188780035685
10208,10,10208,10,WH_C,2004-01-02,34.56054976967795
10221,4,10221,4,WH_C,2004-02-18,31.981063131585543
10232,7,10232,7,WH_C,2004-03-22,32.20811132733729
10248,13,10248,13,WH_C,2004-05-07,35.108528847810675
10273,14,10273,14,WH_C,2004-07-21,33.666146112238415
10282,2,10282,2,WH_C,2004-08-21,37.057309773587505
10293,5,10293,5,WH_C,2004-09-10,32.43732645682322
10306,10,10306,10,WH_C,2004-10-15,33.43174670690627
10314,2,10314,2,WH_C,2004-10-23,39.2272272731671
10327,7,10327,7,WH_C,2004-11-10,33.813655014870335
10337,9,10337,9,WH_C,2004-11-21,40.380473298072104
10350,4,10350,4,WH_C,2004-12-02,32.47021476881412
10372,2,10372,2,WH_C,2005-01-27,33.342177925322446
10384,1,10384,1,WH_C,2005-02-23,33.252579305994345
10397,5,10397,5,WH_C,2005-03-29,33.283023284983955
10414,13,10414,13,WH_C,2005-05-06,32.972073868065095
10106,16,10106,16,WH_C,2003-02-17,34.62118755473091
10119,7,10119,7,WH_C,2003-04-28,34.20853893395196
10131,8,10131,8,WH_C,2003-06-16,33.18754148167875
10143,11,10143,11,WH_C,2003-08-11,34.050634883293824
10155,9,10155,9,WH_C,2003-10-08,32.37065926159558
10167,5,10167,5,WH_C,2003-10-23,33.30943746985031
10178,8,10178,8,WH_C,2003-11-10,33.821125757223555
10186,5,10186,5,WH_C,2003-11-16,38.2251749915785
10197,2,10197,2,WH_C,2003-11-28,34.614551951139575
10209,4,10209,4,WH_C,2004-01-09,33.60090897970956
10222,8,10222,8,WH_C,2004-02-19,33.447074614731605
10249,4,10249,4,WH_C,2004-05-10,34.17561241071374
10262,13,10262,13,WH_C,2004-06-24,32.87943408992575
10274,5,10274,5,WH_C,2004-07-21,33.099800605963026
10283,2,10283,2,WH_C,2004-08-21,37.98912689590246
10296,11,10296,11,WH_C,2004-09-15,33.65679021430129
10307,5,10307,5,WH_C,2004-10-15,34.33390175922023
10316,13,10316,13,WH_C,2004-11-02,33.7457026406623
10328,9,10328,9,WH_C,2004-11-12,34.04095116579197
10339,15,10339,15,WH_C,2004-11-23,33.34594731966516
10352,3,10352,3,WH_C,2004-12-03,33.386432179485126
10361,14,10361,14,WH_C,2004-12-17,34.04444812059268
10373,15,10373,15,WH_C,2005-01-31,32.56045388963639
10386,13,10386,13,WH_C,2005-03-01,32.743701889066756
10398,7,10398,7,WH_C,2005-03-30,33.852921044204635
10400,5,10400,5,WH_C,2005-04-01,32.646331975351686
10415,4,10415,4,WH_C,2005-05-09,31.6982491844653
10106,9,10106,9,WH_C,2003-02-17,33.653445272109295
10120,15,10120,15,WH_C,2003-04-29,33.9105143241477
10131,1,10131,1,WH_C,2003-06-18,33.68675146202748
10143,4,10143,4,WH_C,2003-08-11,34.828967151322615
10155,2,10155,2,WH_C,2003-10-08,33.7699493018883
10168,16,10168,16,WH_C,2003-10-29,34.702636365803514
10178,1,10178,1,WH_C,2003-11-10,32.51587855801071
10198,1,10198,1,WH_C,2003-11-28,33.37007703111996
10210,14,10210,14,WH_C,2004-01-12,34.22396390542178
10222,1,10222,1,WH_C,2004-02-19,33.68991334539477
10235,10,10235,10,WH_C,2004-04-02,33.7803035829389
10250,11,10250,11,WH_C,2004-05-11,33.15363987385686
10262,6,10262,6,WH_C,2004-06-24,32.16869222327209
10275,16,10275,16,WH_C,2004-07-24,38.5182963218197
10284,8,10284,8,WH_C,2004-08-23,32.936331913340204
10296,4,10296,4,WH_C,2004-09-15,34.211240005026426
10308,14,10308,14,WH_C,2004-10-17,37.51367426530748
10316,6,10316,6,WH_C,2004-11-03,34.87175059116562
10328,10,10328,10,WH_C,2004-11-12,34.61307013313831
10340,7,10340,7,WH_C,2004-11-26,33.03887292901395
10352,2,10352,2,WH_C,2004-12-03,32.676757441076944
10361,9,10361,9,WH_C,2004-12-17,34.529530515752626
10375,1,10375,1,WH_C,2005-02-03,34.78588024379411
10386,14,10386,14,WH_C,2005-03-01,33.12044549107301
10398,8,10398,8,WH_C,2005-03-31,32.72792808075306
10401,10,10401,10,WH_C,2005-04-05,33.92309214212748
10416,11,10416,11,WH_C,2005-05-10,33.78520621940237
10105,3,10105,3,WH_C,2003-02-11,32.957227627623105
10119,12,10119,12,WH_C,2003-04-28,33.91314933921795
10129,3,10129,3,WH_C,2003-06-13,31.813236402516083
10143,16,10143,16,WH_C,2003-08-11,31.814219072806328
10154,1,10154,1,WH_C,2003-10-03,32.97583811674282
10167,10,10167,10,WH_C,2003-10-23,32.9046100152067
10177,1,10177,1,WH_C,2003-11-09,38.20970831940596
10185,1,10185,1,WH_C,2003-11-16,38.14861241607558
10197,7,10197,7,WH_C,2003-11-27,33.060286360413784
10208,1,10208,1,WH_C,2004-01-02,32.44625820207588
10222,13,10222,13,WH_C,2004-02-19,33.011948064158375
10233,1,10233,1,WH_C,2004-03-31,35.15080007766623
10248,4,10248,4,WH_C,2004-05-07,32.9932423387024
10261,2,10261,2,WH_C,2004-06-17,33.71136768144713
10273,5,10273,5,WH_C,2004-07-22,33.41721097760535
10283,7,10283,7,WH_C,2004-08-22,39.96185860869157
10295,2,10295,2,WH_C,2004-09-10,33.204075351050804
10306,1,10306,1,WH_C,2004-10-15,33.886106983132365
10316,18,10316,18,WH_A,2004-11-01,51.105421251014256
10327,1,10327,1,WH_C,2004-11-10,33.8980655928506
10339,9,10339,9,WH_C,2004-11-25,31.981954410007518
10350,12,10350,12,WH_C,2004-12-02,34.37546171191164
10373,16,10373,16,WH_C,2005-01-31,31.843631926512128
10386,10,10386,10,WH_C,2005-03-01,34.22651828082304
10397,4,10397,4,WH_C,2005-03-28,34.321327092678956
10414,4,10414,4,WH_C,2005-05-06,32.328504011806565
10103,6,10103,6,WH_C,2003-01-30,34.54469803775646
10114,10,10114,10,WH_C,2003-04-01,32.43624905800984
10126,6,10126,6,WH_C,2003-05-29,34.50572054500792
10140,6,10140,6,WH_C,2003-07-25,33.472075334741334
10150,3,10150,3,WH_C,2003-09-19,32.30184459766765
10164,4,10164,4,WH_C,2003-10-21,32.46102264042701
10175,11,10175,11,WH_C,2003-11-08,39.525665197836105
10183,3,10183,3,WH_C,2003-11-15,36.8507104535245
10194,6,10194,6,WH_C,2003-11-27,32.525194071978945
10206,1,10206,1,WH_C,2003-12-05,32.66983676016787
10217,6,10217,6,WH_C,2004-02-05,33.82729500060506
10229,11,10229,11,WH_C,2004-03-11,33.24757802334426
10245,4,10245,4,WH_C,2004-05-04,32.73193237615429
10258,1,10258,1,WH_C,2004-06-16,32.594326059947306
10270,4,10270,4,WH_C,2004-07-19,32.58676236293118
10281,11,10281,11,WH_C,2004-08-21,37.614549868511574
10291,6,10291,6,WH_C,2004-09-10,32.991204248931226
10304,1,10304,1,WH_C,2004-10-12,33.82172046169012
10313,9,10313,9,WH_C,2004-10-23,38.12751522967638
10324,5,10324,5,WH_C,2004-11-06,38.32651901392819
10336,2,10336,2,WH_C,2004-11-20,37.881311389748944
10348,7,10348,7,WH_C,2004-11-02,34.65663573478518
10358,3,10358,3,WH_C,2004-12-11,39.47620071993805
10371,3,10371,3,WH_C,2005-01-24,34.0798331426153
10382,9,10382,9,WH_C,2005-02-18,32.34144964346582
10411,4,10411,4,WH_C,2005-05-02,31.923269242841524
10424,1,10424,1,WH_C,2005-06-02,33.017789857544
10106,1,10106,1,WH_C,2003-02-18,33.119583673864994
10120,7,10120,7,WH_C,2003-04-30,33.19022110819466
10133,2,10133,2,WH_C,2003-06-27,34.077017006295065
10145,13,10145,13,WH_C,2003-08-26,34.92501157798824
10168,8,10168,8,WH_C,2003-10-29,34.5090140078419
10188,8,10188,8,WH_C,2003-11-18,32.693978711331404
10210,6,10210,6,WH_C,2004-01-13,33.91265479872494
10223,8,10223,8,WH_C,2004-02-21,37.86296692067758
10235,2,10235,2,WH_C,2004-04-02,32.09293263570302
10250,3,10250,3,WH_C,2004-05-11,34.25487813704787
10263,9,10263,9,WH_C,2004-06-29,32.03341136711541
10275,8,10275,8,WH_C,2004-07-24,38.211135325760104
10285,13,10285,13,WH_C,2004-08-27,33.37890228112197
10297,3,10297,3,WH_C,2004-09-16,33.75747692011977
10308,6,10308,6,WH_C,2004-10-17,39.221413595789514
10318,8,10318,8,WH_C,2004-11-02,32.56889673820517
10328,11,10328,11,WH_C,2004-11-12,34.077936484319366
10340,6,10340,6,WH_C,2004-11-26,33.05482111224323
10353,4,10353,4,WH_C,2004-12-06,33.07999942945685
10361,5,10361,5,WH_C,2004-12-17,34.054709971033134
10375,10,10375,10,WH_C,2005-02-03,33.71261691486454
10388,3,10388,3,WH_C,2005-03-04,35.08679323679959
10398,9,10398,9,WH_C,2005-03-31,32.40728947237644
10401,2,10401,2,WH_C,2005-04-04,33.75684935619737
10416,3,10416,3,WH_C,2005-05-10,33.88334978528262
10106,8,10106,8,WH_C,2003-02-18,34.97197711082607
10120,14,10120,14,WH_C,2003-04-30,32.218957241979425
10143,3,10143,3,WH_C,2003-08-11,33.946164436666294
10155,1,10155,1,WH_C,2003-10-08,33.7387228848761
10168,15,10168,15,WH_C,2003-10-29,32.57620890461351
10199,3,10199,3,WH_C,2003-12-01,33.37818031261622
10210,13,10210,13,WH_C,2004-01-13,32.71055135849633
10223,15,10223,15,WH_C,2004-02-21,38.90795411371053
10235,9,10235,9,WH_C,2004-04-02,34.29714311650409
10250,10,10250,10,WH_C,2004-05-11,33.77327051775232
10262,5,10262,5,WH_C,2004-06-24,33.87091993550938
10275,15,10275,15,WH_C,2004-07-24,38.92136560451491
10284,7,10284,7,WH_C,2004-08-23,32.482738587097785
10296,3,10296,3,WH_C,2004-09-15,32.55004283137917
10308,13,10308,13,WH_C,2004-10-17,38.56854525524652
10316,5,10316,5,WH_C,2004-11-03,32.581994938466934
10328,13,10328,13,WH_C,2004-11-12,33.007981193108705
10341,5,10341,5,WH_C,2004-11-26,33.48218895189591
10353,6,10353,6,WH_C,2004-12-06,32.99093490764429
10361,10,10361,10,WH_C,2004-12-17,33.2220204973208
10375,11,10375,11,WH_C,2005-02-04,33.66836048658371
10386,17,10386,17,WH_C,2005-03-01,32.35060662042017
10398,10,10398,10,WH_C,2005-03-31,34.633536903161925
10401,9,10401,9,WH_C,2005-04-04,34.53351161549964
10416,10,10416,10,WH_C,2005-05-10,33.94847907511673
10105,6,10105,6,WH_C,2003-02-11,32.10969770249457
10118,1,10118,1,WH_C,2003-04-21,34.7398516747147
10129,6,10129,6,WH_C,2003-06-12,34.302079990771446
10142,3,10142,3,WH_C,2003-08-08,33.91623817036057
10153,2,10153,2,WH_C,2003-09-30,32.194323907108036
10167,13,10167,13,WH_C,2003-10-23,33.65723802601492
10177,4,10177,4,WH_C,2003-11-09,39.52785292265115
10185,4,10185,4,WH_C,2003-11-14,33.40746765296531
10197,10,10197,10,WH_C,2003-11-28,33.614510724151906
10208,4,10208,4,WH_C,2004-01-02,33.21530249512777
10222,16,10222,16,WH_C,2004-02-21,38.19710602349235
10232,1,10232,1,WH_C,2004-03-22,32.413567639332925
10248,7,10248,7,WH_C,2004-05-07,34.331344678607536
10261,5,10261,5,WH_C,2004-06-17,31.926330056478445
10273,8,10273,8,WH_C,2004-07-22,32.96694794100461
10283,10,10283,10,WH_C,2004-08-21,38.17400572703228
10295,5,10295,5,WH_C,2004-09-10,33.728099325471945
10306,4,10306,4,WH_A,2004-10-15,49.34909606878065
10315,3,10315,3,WH_C,2004-10-29,34.127171239664065
10327,2,10327,2,WH_C,2004-11-10,34.058935668380435
10337,1,10337,1,WH_C,2004-11-21,37.34187483068449
10350,13,10350,13,WH_C,2004-12-03,32.33478236358872
10373,2,10373,2,WH_C,2005-02-01,32.43048621557243
10386,2,10386,2,WH_C,2005-03-01,35.046964643183784
10397,3,10397,3,WH_C,2005-03-28,33.63813459625072
10414,7,10414,7,WH_C,2005-05-06,33.14944016890816
10105,7,10105,7,WH_C,2003-02-11,31.932042404749303
10117,1,10117,1,WH_C,2003-04-16,33.593703399837835
10129,7,10129,7,WH_C,2003-06-13,34.98816171288863
10142,4,10142,4,WH_C,2003-08-09,39.11254387230642
10153,3,10153,3,WH_C,2003-09-30,33.54897109692539
10167,14,10167,14,WH_C,2003-10-24,31.902891194378768
10177,5,10177,5,WH_C,2003-11-09,37.24514831693244
10185,5,10185,5,WH_C,2003-11-16,37.11855533473254
10197,11,10197,11,WH_C,2003-11-28,32.83723167041687
10208,5,10208,5,WH_C,2004-01-02,32.79612140124988
10222,17,10222,17,WH_C,2004-02-21,37.934924830076454
10232,2,10232,2,WH_C,2004-03-22,33.27917959223063
10248,8,10248,8,WH_C,2004-05-07,34.686069568634636
10261,6,10261,6,WH_C,2004-06-17,33.518952105173085
10273,9,10273,9,WH_C,2004-07-22,34.373908086859316
10283,11,10283,11,WH_C,2004-08-21,39.47992335124247
10294,1,10294,1,WH_C,2004-09-10,31.952711966232194
10306,5,10306,5,WH_C,2004-10-16,38.8250076897601
10315,4,10315,4,WH_C,2004-10-29,32.498222764830096
10327,3,10327,3,WH_C,2004-11-10,33.52565272807898
10337,7,10337,7,WH_C,2004-11-21,37.84745674518098
10350,16,10350,16,WH_C,2004-12-03,34.605760896978396
10373,8,10373,8,WH_C,2005-01-31,33.15316849064947
10386,3,10386,3,WH_C,2005-03-02,32.83139525931098
10397,2,10397,2,WH_C,2005-03-29,34.90867953582677
10414,8,10414,8,WH_C,2005-05-06,32.287563793832504
10106,10,10106,10,WH_C,2003-02-18,34.32682403895248
10119,1,10119,1,WH_C,2003-04-28,33.934770030935745
10131,2,10131,2,WH_C,2003-06-18,34.1790560569045
10143,5,10143,5,WH_C,2003-08-12,34.70738860838273
10155,3,10155,3,WH_C,2003-10-08,35.136129172442736
10168,17,10168,17,WH_C,2003-10-29,31.858870876758292
10178,2,10178,2,WH_C,2003-11-10,34.21380163521773
10198,2,10198,2,WH_C,2003-11-28,33.89359815878426
10210,15,10210,15,WH_C,2004-01-13,33.669519920795736
10222,2,10222,2,WH_C,2004-02-21,37.50897713332881
10235,11,10235,11,WH_C,2004-04-02,33.948827445717896
10250,12,10250,12,WH_C,2004-05-11,34.57002432502202
10262,7,10262,7,WH_C,2004-06-25,34.77958949970623
10275,17,10275,17,WH_C,2004-07-24,38.202487086924734
10284,9,10284,9,WH_C,2004-08-23,31.753241090472724
10296,5,10296,5,WH_C,2004-09-15,32.79882736633713
10308,15,10308,15,WH_A,2004-10-15,51.44334035407189
10316,7,10316,7,WH_C,2004-11-03,34.33241187759906
10328,12,10328,12,WH_C,2004-11-12,33.82330712066191
10339,8,10339,8,WH_C,2004-11-25,31.93137982229248
10352,1,10352,1,WH_C,2004-12-03,33.18665368790657
10361,11,10361,11,WH_C,2004-12-17,33.66959861977476
10373,17,10373,17,WH_C,2005-02-01,34.399431424926206
10386,15,10386,15,WH_C,2005-03-02,33.75164235334752
10398,12,10398,12,WH_C,2005-03-31,33.06935773280233
10401,11,10401,11,WH_C,2005-04-05,33.43152843613143
10416,12,10416,12,WH_C,2005-05-10,31.93145602858781
10106,15,10106,15,WH_C,2003-02-18,35.21984136475285
10119,6,10119,6,WH_C,2003-04-28,33.17203541341999
10131,7,10131,7,WH_C,2003-06-18,33.095268964147564
10143,10,10143,10,WH_C,2003-08-12,32.963278989110506
10155,8,10155,8,WH_C,2003-10-08,33.86159369200071
10167,4,10167,4,WH_C,2003-10-24,33.89795123232497
10178,7,10178,7,WH_C,2003-11-10,34.514285152795885
10186,4,10186,4,WH_A,2003-11-14,49.83587202834807
10197,1,10197,1,WH_C,2003-11-28,32.85909980512527
10209,3,10209,3,WH_C,2004-01-09,32.564294909943996
10222,7,10222,7,WH_C,2004-02-21,39.331331857148385
10249,3,10249,3,WH_C,2004-05-10,31.76920876561718
10262,12,10262,12,WH_C,2004-06-25,33.403050683381394
10274,4,10274,4,WH_C,2004-07-22,34.2736766047728
10283,1,10283,1,WH_C,2004-08-21,39.313997350796555
10296,10,10296,10,WH_C,2004-09-15,33.47276541478943
10307,4,10307,4,WH_C,2004-10-14,32.99190539737601
10316,12,10316,12,WH_C,2004-11-03,32.439142972045914
10329,8,10329,8,WH_C,2004-11-16,33.627803080286085
10339,6,10339,6,WH_C,2004-11-23,34.07141738682308
10352,4,10352,4,WH_C,2004-12-03,32.445228390393865
10361,12,10361,12,WH_C,2004-12-17,32.87412752208196
10373,9,10373,9,WH_C,2005-02-01,34.309741211549905
10386,16,10386,16,WH_C,2005-03-02,34.71167612798334
10398,1,10398,1,WH_C,2005-03-31,32.652610290456096
10400,4,10400,4,WH_C,2005-04-01,33.43388002263732
10415,3,10415,3,WH_C,2005-05-09,32.950245006098996
10105,8,10105,8,WH_C,2003-02-12,32.076815839978494
10117,2,10117,2,WH_C,2003-04-17,34.343010487466415
10129,8,10129,8,WH_C,2003-06-12,34.62719479936129
10142,5,10142,5,WH_C,2003-08-09,38.94574606778597
10153,4,10153,4,WH_C,2003-09-30,31.77425535263142
10167,15,10167,15,WH_C,2003-10-24,34.14800857510447
10177,6,10177,6,WH_C,2003-11-09,37.92826144017479
10185,6,10185,6,WH_C,2003-11-16,37.87062084929573
10197,12,10197,12,WH_C,2003-11-28,33.250162395903914
10208,6,10208,6,WH_C,2004-01-03,36.96243799142928
10222,18,10222,18,WH_C,2004-02-21,39.47546704333602
10232,3,10232,3,WH_C,2004-03-22,33.6215340610198
10248,9,10248,9,WH_C,2004-05-07,32.26805842659124
10261,7,10261,7,WH_C,2004-06-17,32.70031556619381
10273,10,10273,10,WH_C,2004-07-22,32.30951204566306
10283,12,10283,12,WH_C,2004-08-22,36.91281762441406
10293,1,10293,1,WH_C,2004-09-11,38.979395052887966
10306,6,10306,6,WH_C,2004-10-15,34.31748053118032
10315,5,10315,5,WH_C,2004-10-29,31.734412625329767
10327,4,10327,4,WH_C,2004-11-10,32.01933433759321
10337,5,10337,5,WH_C,2004-11-21,39.14619608881172
10350,15,10350,15,WH_C,2004-12-03,34.86804499560995
10373,1,10373,1,WH_C,2005-02-01,32.98117783199958
10386,4,10386,4,WH_C,2005-03-02,32.670893315573224
10397,1,10397,1,WH_C,2005-03-28,33.92170279726437
10414,9,10414,9,WH_C,2005-05-06,32.581918105585615
